emdb_num,domain,status,final_cc,elapsed_sec
79027,fold_38pa_1_model_0_chain_B_domain_02.pdb,docked,0.62,458.8
79027,fold_38pa_1_model_0_chain_A_domain_02.pdb,failed_rc-6,,556.8
79027,fold_38pa_1_model_0_chain_B_domain_03.pdb,docked,0.49,724.5
79027,fold_38pa_1_model_0_chain_A_domain_01.pdb,docked,0.1,819.4
79027,fold_38pa_1_model_0_chain_A_domain_03.pdb,docked,0.49,820.8
79027,fold_38pa_1_model_0_chain_C_domain_01.pdb,docked,0.1,893.1
79027,fold_38pa_1_model_0_chain_B_domain_01.pdb,failed_rc-9,,1165.1
79027,fold_38pa_1_model_0_chain_C_domain_02.pdb,failed_rc-6,,709.2
79027,fold_38pa_1_model_0_chain_D_domain_02.pdb,failed_rc-9,,782.8
79027,fold_38pa_1_model_0_chain_D_domain_03.pdb,failed_rc-6,,890.7
67233,fold_9xti_1_model_0_chain_A_domain_01.pdb,failed_rc-9,,942.0
79027,fold_38pa_1_model_0_chain_D_domain_01.pdb,failed_rc-6,,1115.7
67233,fold_9xti_1_model_0_chain_A_domain_03.pdb,failed_rc-9,,753.1
67233,fold_9xti_1_model_0_chain_A_domain_02.pdb,failed_rc-9,,1297.8
67233,fold_9xti_1_model_0_chain_A_domain_04.pdb,failed_rc-9,,992.3
67233,fold_9xti_1_model_0_chain_B_domain_03.pdb,failed_rc-9,,1122.1
67233,fold_9xti_1_model_0_chain_B_domain_02.pdb,failed_rc-9,,1169.9
79027,fold_38pa_1_model_0_chain_C_domain_03.pdb,timeout,,2700.4
67233,fold_9xti_2_model_0_chain_A_domain_02.pdb,failed_rc-9,,949.7
67233,fold_9xti_1_model_0_chain_B_domain_04.pdb,failed_rc-9,,1627.9
67233,fold_9xti_1_model_0_chain_B_domain_01.pdb,timeout,,2703.4
67233,fold_9xti_2_model_0_chain_B_domain_02.pdb,failed_rc-9,,1666.0
73799,fold_9z49_1_model_0_chain_A_domain_03.pdb,failed_rc-9,,1397.7
73799,fold_9z49_1_model_0_chain_A_domain_02.pdb,failed_rc-9,,1441.6
67233,fold_9xti_2_model_0_chain_A_domain_01.pdb,timeout,,2703.2
67233,fold_9xti_2_model_0_chain_B_domain_01.pdb,timeout,,2703.8
73799,fold_9z49_1_model_0_chain_B_domain_02.pdb,failed_rc-9,,1043.7
73799,fold_9z49_1_model_0_chain_A_domain_01.pdb,failed_rc-9,,2458.3
73799,fold_9z49_1_model_0_chain_C_domain_01.pdb,failed_rc-9,,1027.1
73799,fold_9z49_1_model_0_chain_B_domain_01.pdb,failed_rc-9,,1613.6
73799,fold_9z49_1_model_0_chain_B_domain_03.pdb,failed_rc-9,,1083.2
79027,fold_38pa_1_model_0_chain_A_domain_02.pdb,docked,0.56,395.1
79027,fold_38pa_1_model_0_chain_D_domain_01.pdb,failed_rc-6,,970.5
79027,fold_38pa_1_model_0_chain_C_domain_02.pdb,docked,0.62,1058.9
79027,fold_38pa_1_model_0_chain_B_domain_01.pdb,docked,0.56,1257.4
79027,fold_38pa_1_model_0_chain_D_domain_03.pdb,failed_rc-9,,785.2
79027,fold_38pa_1_model_0_chain_D_domain_02.pdb,failed_rc-9,,1362.6
67233,fold_9xti_1_model_0_chain_A_domain_02.pdb,failed_rc-9,,1251.2
67233,fold_9xti_1_model_0_chain_A_domain_01.pdb,failed_rc-9,,1450.3
67233,fold_9xti_1_model_0_chain_A_domain_04.pdb,failed_rc-9,,1473.2
67233,fold_9xti_1_model_0_chain_A_domain_03.pdb,failed_rc-9,,1964.0
67233,fold_9xti_1_model_0_chain_B_domain_02.pdb,failed_rc-9,,1213.6
67233,fold_9xti_1_model_0_chain_B_domain_01.pdb,timeout,,2702.4
67233,fold_9xti_1_model_0_chain_B_domain_03.pdb,timeout,,2702.2
67233,fold_9xti_2_model_0_chain_A_domain_01.pdb,timeout,,2702.1
67233,fold_9xti_1_model_0_chain_B_domain_04.pdb,timeout,,2707.2
62164,fold_9k88_1_model_0_chain_A_domain_02.pdb,failed_rc-9,,2317.5
64568,fold_9uwy_1_model_0_chain_A_domain_02.pdb,timeout,,2701.7
62164,fold_9k88_1_model_0_chain_A_domain_01.pdb,timeout,,2701.7
64568,fold_9uwy_1_model_0_chain_A_domain_01.pdb,timeout,,2709.4
64568,fold_9uwy_1_model_0_chain_C_domain_01.pdb,failed_rc-6,,178.0
75023,fold_10ac_1_model_0_chain_A_domain_01.pdb,failed_rc-9,,904.4
64568,fold_9uwy_1_model_0_chain_B_domain_01.pdb,failed_rc-9,,1466.7
64568,fold_9uwy_1_model_0_chain_C_domain_02.pdb,docked,0.08,2037.6
64568,fold_9uwy_1_model_0_chain_B_domain_02.pdb,docked,0.1,2111.5
75023,fold_10ac_1_model_0_chain_B_domain_01.pdb,failed_rc-6,,153.6
75023,fold_10ac_1_model_0_chain_A_domain_02.pdb,docked,0.45,1269.7
75023,fold_10ac_1_model_0_chain_C_domain_01.pdb,failed_rc-6,,185.9
75023,fold_10ac_1_model_0_chain_B_domain_02.pdb,failed_rc-9,,778.1
75023,fold_10ac_1_model_0_chain_A_domain_03.pdb,docked,0.44,2552.2
65506,fold_9w0j_1_model_0_chain_A_domain_02.pdb,docked,0.54,732.3
75023,fold_10ac_1_model_0_chain_C_domain_03.pdb,docked,0.47,2069.8
75023,fold_10ac_1_model_0_chain_C_domain_02.pdb,timeout,,2700.7
65506,fold_9w0j_3_model_0_chain_A_domain_01.pdb,failed_rc1,,13.0
65506,fold_9w0j_1_model_0_chain_A_domain_01.pdb,timeout,,2701.0
65506,fold_9w0j_5_model_0_chain_A_domain_01.pdb,docked,0.59,771.2
65506,fold_9w0j_2_model_0_chain_A_domain_01.pdb,timeout,,2700.6
65506,fold_9w0j_2_model_0_chain_A_domain_02.pdb,timeout,,2700.3
65506,fold_9w0j_4_model_0_chain_A_domain_01.pdb,timeout,,2700.3
65506,fold_9w0j_5_model_0_chain_A_domain_02.pdb,timeout,,2700.3
76934,fold_13bv_1_model_0_chain_A_domain_01.pdb,timeout,,2703.3
76934,fold_13bv_1_model_0_chain_A_domain_02.pdb,timeout,,2703.6
76934,fold_13bv_1_model_0_chain_A_domain_03.pdb,timeout,,2703.1
76934,fold_13bv_2_model_0_chain_A_domain_01.pdb,timeout,,2702.0
76934,fold_13bv_2_model_0_chain_A_domain_02.pdb,timeout,,2705.3
76934,fold_13bv_3_model_0_chain_A_domain_01.pdb,timeout,,2700.8
76934,fold_13bv_3_model_0_chain_A_domain_02.pdb,timeout,,2706.0
76934,fold_13bv_4_model_0_chain_A_domain_01.pdb,timeout,,2702.3
76934,fold_13bv_4_model_0_chain_A_domain_02.pdb,timeout,,2702.4
76934,fold_13bv_4_model_0_chain_A_domain_03.pdb,timeout,,2705.9
71787,fold_9pqo_1_model_0_chain_A_domain_01.pdb,timeout,,2700.3
71787,fold_9pqo_1_model_0_chain_B_domain_01.pdb,failed_rc-6,,801.8
71787,fold_9pqo_1_model_0_chain_C_domain_01.pdb,failed_rc-6,,571.1
71787,fold_9pqo_1_model_0_chain_A_domain_02.pdb,timeout,,2702.3
71787,fold_9pqo_1_model_0_chain_D_domain_01.pdb,docked,0.09,1481.2
71787,fold_9pqo_1_model_0_chain_B_domain_02.pdb,timeout,,2702.4
71787,fold_9pqo_1_model_0_chain_C_domain_02.pdb,timeout,,2700.6
71787,fold_9pqo_1_model_0_chain_E_domain_01.pdb,failed_rc-6,,801.6
71787,fold_9pqo_1_model_0_chain_F_domain_01.pdb,failed_rc-6,,694.2
71787,fold_9pqo_1_model_0_chain_D_domain_02.pdb,timeout,,2702.0
71787,fold_9pqo_1_model_0_chain_E_domain_02.pdb,timeout,,2701.7
71787,fold_9pqo_1_model_0_chain_F_domain_02.pdb,timeout,,2700.4
71973,fold_9pxl_1_model_0_chain_A_domain_01.pdb,docked,0.55,2452.6
71973,fold_9pxl_1_model_0_chain_A_domain_02.pdb,timeout,,2701.4
71973,fold_9pxl_1_model_0_chain_B_domain_02.pdb,failed_rc-9,,1516.4
71973,fold_9pxl_1_model_0_chain_C_domain_01.pdb,failed_rc-9,,1120.8
71973,fold_9pxl_1_model_0_chain_B_domain_01.pdb,docked,0.55,2383.5
71973,fold_9pxl_1_model_0_chain_C_domain_02.pdb,timeout,,2702.1
71973,fold_9pxl_1_model_0_chain_D_domain_01.pdb,timeout,,2702.2
71973,fold_9pxl_1_model_0_chain_D_domain_02.pdb,timeout,,2702.9
71973,fold_9pxl_1_model_0_chain_D_domain_03.pdb,timeout,,2701.0
71973,fold_9pxl_2_model_0_chain_A_domain_01.pdb,failed_rc-9,,1881.5
71973,fold_9pxl_2_model_0_chain_C_domain_01.pdb,failed_rc-9,,1507.6
71973,fold_9pxl_2_model_0_chain_D_domain_01.pdb,failed_rc-9,,2229.1
71973,fold_9pxl_2_model_0_chain_B_domain_01.pdb,timeout,,2702.5
70609,fold_9om7_1_model_0_chain_A_domain_03.pdb,docked,0.31,1453.8
70609,fold_9om7_1_model_0_chain_A_domain_01.pdb,timeout,,2700.2
70609,fold_9om7_1_model_0_chain_A_domain_02.pdb,timeout,,2700.3
70609,fold_9om7_1_model_0_chain_B_domain_02.pdb,docked,0.3,688.0
70609,fold_9om7_1_model_0_chain_B_domain_03.pdb,docked,0.29,1065.8
70609,fold_9om7_1_model_0_chain_B_domain_01.pdb,timeout,,2700.4
70609,fold_9om7_1_model_0_chain_C_domain_01.pdb,docked,0.1,2161.4
70609,fold_9om7_1_model_0_chain_C_domain_03.pdb,docked,0.31,1517.7
70609,fold_9om7_1_model_0_chain_C_domain_02.pdb,timeout,,2700.3
70609,fold_9om7_1_model_0_chain_D_domain_01.pdb,timeout,,2701.5
70609,fold_9om7_1_model_0_chain_D_domain_03.pdb,docked,0.31,1347.3
70609,fold_9om7_1_model_0_chain_D_domain_02.pdb,timeout,,2700.4
70609,fold_9om7_1_model_0_chain_E_domain_02.pdb,docked,0.1,1742.5
70609,fold_9om7_1_model_0_chain_E_domain_01.pdb,timeout,,2701.6
70609,fold_9om7_1_model_0_chain_E_domain_03.pdb,timeout,,2700.5
64362,fold_9unu_10_model_0_chain_A_domain_01.pdb,failed_rc-11,,170.6
70609,fold_9om7_1_model_0_chain_F_domain_03.pdb,docked,0.32,1763.7
70609,fold_9om7_1_model_0_chain_F_domain_01.pdb,timeout,,2701.8
70609,fold_9om7_1_model_0_chain_F_domain_02.pdb,timeout,,2700.2
64362,fold_9unu_11_model_0_chain_A_domain_01.pdb,timeout,,2704.3
64362,fold_9unu_1_model_0_chain_A_domain_01.pdb,timeout,,2705.4
64362,fold_9unu_1_model_0_chain_A_domain_02.pdb,timeout,,2703.7
64362,fold_9unu_1_model_0_chain_A_domain_03.pdb,timeout,,2703.7
64362,fold_9unu_1_model_0_chain_A_domain_04.pdb,timeout,,2702.9
64362,fold_9unu_1_model_0_chain_A_domain_05.pdb,failed_rc-9,,2589.9
64362,fold_9unu_1_model_0_chain_A_domain_06.pdb,timeout,,2703.5
64362,fold_9unu_2_model_0_chain_A_domain_01.pdb,timeout,,2702.7
64362,fold_9unu_2_model_0_chain_A_domain_02.pdb,failed_rc-9,,2655.7
64362,fold_9unu_2_model_0_chain_A_domain_04.pdb,failed_rc-9,,1891.5
64362,fold_9unu_2_model_0_chain_A_domain_03.pdb,timeout,,2706.3
64362,fold_9unu_2_model_0_chain_A_domain_05.pdb,timeout,,2703.3
64362,fold_9unu_3_model_0_chain_A_domain_01.pdb,timeout,,2704.0
64362,fold_9unu_4_model_0_chain_A_domain_01.pdb,timeout,,2703.8
64362,fold_9unu_7_model_0_chain_A_domain_01.pdb,failed_rc1,,124.4
64362,fold_9unu_5_model_0_chain_A_domain_01.pdb,timeout,,2703.5
64362,fold_9unu_6_model_0_chain_A_domain_01.pdb,timeout,,2703.1
64362,fold_9unu_6_model_0_chain_A_domain_02.pdb,timeout,,2702.5
64362,fold_9unu_8_model_0_chain_A_domain_01.pdb,timeout,,2703.4
64362,fold_9unu_9_model_0_chain_A_domain_01.pdb,timeout,,2703.6
79027,fold_38pa_1_model_0_chain_D_domain_02.pdb,failed_rc-9,,991.0
64362,fold_9unu_9_model_0_chain_A_domain_02.pdb,timeout,,2704.6
79027,fold_38pa_1_model_0_chain_D_domain_01.pdb,timeout,,2700.9
79027,fold_38pa_1_model_0_chain_D_domain_03.pdb,timeout,,2704.7
67233,fold_9xti_1_model_0_chain_A_domain_01.pdb,failed_rc-9,,2631.2
67233,fold_9xti_1_model_0_chain_A_domain_02.pdb,timeout,,2701.8
67233,fold_9xti_1_model_0_chain_A_domain_03.pdb,failed_rc-9,,2113.3
67233,fold_9xti_1_model_0_chain_A_domain_04.pdb,failed_rc-6,,1846.8
67233,fold_9xti_1_model_0_chain_B_domain_04.pdb,failed_rc-9,,1106.1
67233,fold_9xti_1_model_0_chain_B_domain_01.pdb,timeout,,2703.0
67233,fold_9xti_1_model_0_chain_B_domain_02.pdb,timeout,,2701.1
67233,fold_9xti_1_model_0_chain_B_domain_03.pdb,timeout,,2702.9
67233,fold_9xti_2_model_0_chain_A_domain_01.pdb,timeout,,2702.9
67233,fold_9xti_2_model_0_chain_A_domain_02.pdb,timeout,,2707.8
67233,fold_9xti_2_model_0_chain_B_domain_01.pdb,timeout,,2703.1
67233,fold_9xti_2_model_0_chain_B_domain_02.pdb,failed_rc-9,,2333.1
73799,fold_9z49_1_model_0_chain_A_domain_02.pdb,failed_rc-9,,1000.9
73799,fold_9z49_1_model_0_chain_A_domain_01.pdb,failed_rc-9,,1350.1
73799,fold_9z49_1_model_0_chain_B_domain_03.pdb,failed_rc-9,,686.4
73799,fold_9z49_1_model_0_chain_A_domain_03.pdb,failed_rc-9,,1501.3
73799,fold_9z49_1_model_0_chain_B_domain_01.pdb,failed_rc-9,,1430.3
73799,fold_9z49_1_model_0_chain_B_domain_02.pdb,failed_rc-9,,1584.7
73799,fold_9z49_1_model_0_chain_C_domain_02.pdb,failed_rc-9,,1181.8
73799,fold_9z49_1_model_0_chain_C_domain_03.pdb,failed_rc-9,,1566.0
73799,fold_9z49_1_model_0_chain_D_domain_01.pdb,failed_rc-9,,1357.4
73799,fold_9z49_1_model_0_chain_C_domain_01.pdb,failed_rc-9,,2481.6
73799,fold_9z49_1_model_0_chain_D_domain_03.pdb,failed_rc-9,,915.9
73799,fold_9z49_1_model_0_chain_D_domain_02.pdb,failed_rc-9,,1601.6
73799,fold_9z49_2_model_0_chain_A_domain_01.pdb,failed_rc-9,,1494.4
73799,fold_9z49_2_model_0_chain_A_domain_02.pdb,failed_rc-9,,1146.5
73799,fold_9z49_2_model_0_chain_B_domain_02.pdb,failed_rc-9,,1289.3
73799,fold_9z49_2_model_0_chain_B_domain_01.pdb,timeout,,2703.0
73799,fold_9z49_2_model_0_chain_D_domain_02.pdb,failed_rc-9,,547.7
73799,fold_9z49_2_model_0_chain_C_domain_01.pdb,failed_rc-9,,2419.2
73799,fold_9z49_3_model_0_chain_A_domain_01.pdb,failed_rc1,,102.3
73799,fold_9z49_3_model_0_chain_B_domain_01.pdb,failed_rc1,,100.3
73799,fold_9z49_3_model_0_chain_C_domain_01.pdb,failed_rc1,,97.1
73799,fold_9z49_3_model_0_chain_D_domain_01.pdb,failed_rc1,,133.3
73799,fold_9z49_2_model_0_chain_C_domain_02.pdb,timeout,,2700.2
73799,fold_9z49_2_model_0_chain_D_domain_01.pdb,timeout,,2702.8
