pdb_id,residue_count,chain_count,protein_entity_count
10AL,3500,4,1
10AY,2524,6,3
10BU,2967,3,1
10DP,2783,3,1
10DW,1371,3,3
10EG,6726,36,12
10EO,1614,2,1
10EP,1604,2,1
10EQ,1422,2,1
10ER,1594,2,1
10ES,1594,2,1
10ET,1604,2,1
10EU,1594,2,1
10FA,1492,4,1
10FM,1980,4,1
10FT,775,2,2
10JA,1122,5,5
10JB,1138,5,5
10LM,31164,144,10
10MT,5036,17,15
10NK,1880,8,2
10NL,1888,8,2
10NM,897,2,1
10QQ,8820,12,1
10QR,4392,6,1
10QT,4986,15,14
10RN,1354,4,2
10SJ,10000,30,14
10ZM,3094,8,3
10ZN,3067,8,3
11CZ,3580,4,1
11DA,3588,4,1
11DB,1076,4,1
11DC,1096,4,1
11DD,3597,5,2
11DE,1089,5,2
11DF,1089,5,2
11ED,1165,3,3
11EI,8160,12,1
11IW,2004,11,5
11LP,2451,15,5
11LQ,3123,21,7
11LR,2478,15,5
11LS,836,5,5
11LT,895,5,5
11LX,7607,20,12
11MG,2276,4,4
11MH,2276,4,4
11MN,2040,10,1
11MS,1467,3,1
11MT,1467,3,1
11MU,1467,3,1
11MV,1467,3,1
11MX,1470,3,1
11MY,1640,7,4
11MZ,1470,3,1
11NF,1998,4,2
11NH,1372,4,1
11NK,1372,4,1
11NM,1372,4,1
11OC,1372,4,1
11OH,1585,4,1
11OL,750,4,4
11OO,746,4,4
11OQ,735,4,4
11OU,549,3,3
11OV,897,5,5
11RN,1398,4,2
11SX,1342,3,2
11TA,4773,12,5
11TD,627,3,3
11TF,627,3,3
11TH,627,3,3
11TK,620,3,3
11TL,620,3,3
11UF,2318,6,2
11UG,2008,4,2
11UH,1980,4,2
11UI,3138,4,1
11VE,4663,10,4
11VV,3852,4,1
11VW,3852,4,1
11VX,3896,4,1
11VY,3886,4,1
11VZ,3914,4,1
11SZ,2115,6,3
11SQ,4368,7,1
11SM,1309,7,1
11RM,868,1,1
11QC,1278,2,1
11OR,545,3,3
11OI,2310,6,1
11OB,1372,4,1
11NX,1372,4,1
11NW,1372,4,1
11NU,1372,4,1
11NT,1372,4,1
11NR,1372,4,1
11NP,1372,4,1
11NO,1372,4,1
11NN,1372,4,1
11NL,1372,4,1
11NJ,1372,4,1
11NI,1372,4,1
11NE,1998,4,2
11ND,1998,4,2
11NC,1998,4,2
11NB,1998,4,2
11NA,1998,4,2
11MR,962,4,2
11KM,646,1,1
11JF,683,3,2
11JD,733,3,1
11JC,762,3,1
11JB,60450,78,1
11IY,1580,2,1
11IT,419,3,3
11IS,3331,5,3
11IE,2428,4,1
11ID,2452,4,1
11IB,2100,4,1
11IA,2436,4,1
11HZ,2436,4,1
11HW,1542,9,3
11HO,3325,5,3
11HN,678,3,1
11HM,413,3,3
11HL,675,3,1
11HK,1254,9,3
11HF,11712,24,2
11GQ,2552,4,1
11GP,2453,1,1
11FW,2451,1,1
11FH,3185,39,1
11FG,11760,45,8
11EV,1206,2,1
11EU,1208,2,1
11EQ,59592,78,1
11EE,729,3,1
11EC,3552,12,1
11DV,1125,6,1
11DR,762,3,1
11CV,692,4,1
11CQ,5944,25,2
11CO,2124,4,1
11CN,2124,4,1
11CL,2124,4,1
11CK,2124,4,1
11CJ,2124,4,1
11BT,3498,6,1
11BR,726,2,1
11BC,826,6,2
11AM,1242,2,1
11AK,1206,2,1
11AI,1208,2,1
11AH,1242,2,1
10ZL,1985,4,2
10ZK,3081,8,3
10XW,240,1,1
10WC,1032,6,1
10UP,726,2,1
10UJ,821,1,1
10UA,856,2,1
10TU,856,2,1
10TQ,856,2,1
10TP,856,2,1
10TM,574,4,2
10TL,574,4,2
10SM,1022,2,2
10RX,1580,4,1
10RK,5196,12,3
10RJ,5198,12,3
10RI,2574,6,3
10PP,3124,11,1
10PM,3135,11,1
10PL,6845,25,8
10OZ,1493,4,2
10OR,3015,24,8
10OP,3024,24,8
10NB,2104,6,1
10NA,2106,6,1
10MZ,2102,6,1
10MY,2103,6,1
10MU,1452,5,3
10KF,1716,7,7
10GX,1853,1,1
10FL,3358,6,4
10FJ,612,3,3
10FI,2458,11,11
10FD,3589,8,4
10EZ,3553,8,4
10EN,3553,8,4
10ED,647,2,2
10DN,1233,3,1
10DK,2764,3,1
10DB,1143,3,1
10AW,1314,3,1
10AM,2079,9,1
10AD,3496,4,1
10AC,1206,3,1
11WB,3890,4,1
11WD,3852,4,1
11WE,3910,4,1
11WO,657,1,1
11XY,499,1,1
11XZ,546,1,1
11YB,1823,4,4
11ZK,1131,4,2
12AH,7724,30,4
12BM,6678,19,19
12BP,1233,3,3
12DU,7825,51,8
12ER,906,5,5
12ES,923,5,5
12ID,1941,9,3
12IE,1878,9,3
12IU,2154,12,4
12IV,2124,12,4
12IZ,1120,5,5
12JA,901,4,4
12JP,1263,1,1
12JZ,2961,3,1
12QJ,630,3,3
12RI,1426,2,1
12ZN,863,4,2
13AJ,2808,4,1
13CO,2298,5,2
13CP,2303,5,2
13DE,5921,6,3
13IO,884,8,2
13LJ,2500,4,1
13LK,2520,4,1
13LL,2508,4,1
13LO,2556,4,1
20YC,901,4,4
20ZD,884,5,5
21AG,1107,5,5
21AK,3612,12,1
21AL,334,1,1
21DU,1039,5,5
21DX,984,3,1
21FG,981,3,1
21GQ,1396,4,2
21GR,1410,4,2
21GT,1370,4,2
21KS,2480,9,3
21KT,2376,8,3
21NX,595,3,2
21RH,4608,16,1
21RJ,3102,10,1
21RK,6520,40,2
21RN,986,6,6
21RT,990,6,6
21TY,662,1,1
21UY,715,4,2
21VQ,2194,9,8
22AY,1000,4,1
22AZ,996,4,2
22BA,996,4,2
22BC,996,4,2
22BD,999,4,2
22BE,996,4,2
22BF,993,4,2
22BG,989,4,2
22BH,989,4,2
22BI,999,4,2
22BJ,996,4,2
22BK,999,4,2
22DZ,1250,3,1
22ES,1142,6,6
22HG,1005,4,4
22GM,940,5,5
22GL,865,5,5
22GK,917,5,5
22FY,3621,3,1
22EM,906,5,5
22EC,1116,3,1
22EB,1874,4,2
22EA,7989,9,2
22DY,6533,7,2
22DX,5077,5,2
22CR,928,5,5
22BV,1213,3,2
22BU,1213,3,2
22AK,860,2,2
22AJ,860,2,2
21XO,1631,5,2
21WY,1645,5,1
21WL,452,1,1
21VM,965,4,4
21VL,601,2,2
21TW,638,4,2
21TQ,1538,3,3
21TP,1472,3,3
21RS,3102,6,1
21OR,414,1,1
21NZ,800,3,2
21NY,798,3,2
21NW,940,4,1
21NQ,414,1,1
21NP,422,1,1
21LT,889,5,5
21KR,2483,9,3
21JV,5296,8,1
21JU,5304,8,1
21GM,716,4,4
21GL,716,4,4
21GF,2051,7,1
21FY,1258,4,2
21FK,499,1,1
21FJ,500,1,1
21FI,502,1,1
21FH,500,1,1
21FF,500,1,1
21EO,1155,6,2
21EN,1155,6,2
21DI,477,9,1
21CO,1026,3,3
21AV,787,5,5
21AU,782,5,5
21AQ,546,3,3
21AO,546,3,3
21AM,778,4,2
21AH,268,1,1
20ZX,1149,5,5
20ZN,608,1,1
20ZL,895,5,5
20ZK,1159,6,6
20ZJ,1123,6,6
20ZI,1152,6,6
20ZH,1149,6,6
20ZG,1152,6,6
20ZC,1152,6,6
20YY,3606,9,2
20YW,2027,4,1
20YV,1583,4,1
20YS,4260,5,1
20YR,4260,5,1
13LU,2500,4,1
13LT,2336,4,1
13LS,2388,4,1
13LR,2448,4,1
13LP,2448,4,1
13LN,2504,4,1
13LM,2568,4,1
13KW,511,7,1
13KK,462,14,1
13JV,1722,6,2
13IB,711,2,2
13HS,1424,8,1
13HR,1480,16,2
13HQ,1384,8,1
13EU,2779,4,2
13ES,2792,4,2
13ER,2815,4,2
13DM,2736,3,1
13DJ,2745,3,1
13CM,2809,4,2
13BV,1976,4,4
13BS,581,3,3
13BR,384,3,3
13BF,487,3,3
13BD,461,2,1
12ZE,1551,2,1
12RP,595,3,1
12RJ,1410,2,1
12PB,410,2,2
12OZ,410,2,2
12OY,410,2,2
12JV,1247,1,1
12JT,3053,3,1
12IY,277,1,1
12IF,1633,7,3
12DS,4807,23,1
12DR,10742,41,1
12DL,16739,33,16
12DK,1924,8,2
12BZ,3428,10,2
12BY,3202,9,2
12BX,3199,9,2
12BW,3091,9,2
12BN,1644,6,3
12BL,1641,6,1
12BK,2350,6,1
12BJ,2357,6,1
12BI,2363,6,1
12AI,9240,4,1
12AG,2440,4,1
12AD,9368,4,1
11ZW,777,5,5
11ZV,240,2,2
11ZS,5196,12,1
11YZ,1880,10,1
11YE,4005,3,1
11YA,544,1,1
11XX,553,1,1
11WR,766,3,3
11WQ,638,1,1
11WP,638,1,1
11WN,649,1,1
22HP,634,5,5
22JZ,2163,5,3
22MM,13207,46,33
22OF,515,2,2
22OV,3207,3,1
22QS,1924,5,2
22VL,5110,26,10
22VT,3747,6,6
23AY,820,4,4
23BG,829,5,5
23BX,819,4,4
23FC,5701,6,3
23FJ,2341,9,8
23GF,795,2,2
23GX,795,2,2
23IV,1136,5,5
23IW,1136,5,5
23OI,892,4,4
23PG,1124,2,1
23PH,1130,2,1
23PI,1128,2,1
23PS,828,5,5
23SG,4591,10,5
23SR,1498,3,3
23XO,840,2,1
24GL,2061,6,6
24KR,1857,6,2
24MC,17414,36,16
24NA,3090,6,1
24NB,3090,6,1
24NC,3120,6,1
24RC,1252,2,2
24RT,6734,16,2
24TB,879,4,4
24TI,1003,5,5
24VI,975,4,2
24VP,975,4,2
24VQ,971,4,2
24VT,975,4,2
25GE,1656,3,3
25HW,1284,5,5
25IH,1468,3,3
25II,1473,3,3
25IJ,1458,3,3
25MJ,1328,2,1
25NV,1143,6,6
25NX,1158,6,6
25SB,2560,15,3
25TX,1382,4,2
26DE,504,2,2
26QH,390,1,1
26QT,381,1,1
26XH,1270,6,6
27EM,1150,5,5
27PY,3034,1,1
27PT,2950,1,1
27OA,1102,2,2
27KF,792,2,2
27KE,792,2,2
26ZN,5694,4,2
26WC,610,6,3
26VE,484,1,1
26VB,500,1,1
26VA,500,1,1
26QS,391,1,1
26QM,380,1,1
26QJ,378,1,1
26QI,388,1,1
26QG,381,1,1
26QF,378,1,1
26PF,636,3,3
26NL,1332,12,2
26LK,1444,4,2
26LA,855,4,3
26KD,1358,1,1
26KB,1368,1,1
26GS,5952,16,2
26GP,247,1,1
26GA,1832,4,1
26FV,1832,4,1
26FE,1581,3,1
26FB,1151,3,3
26DK,191,1,1
26CI,1476,3,1
25XL,1363,1,1
25VK,786,1,1
25VJ,3588,12,2
25VF,5094,24,6
25VE,765,3,1
25VD,2844,18,2
25UJ,1353,4,2
25TY,1358,4,2
25TW,1358,4,2
25TV,1247,3,2
25SU,1150,5,5
25ST,1147,6,6
25RG,2545,15,3
25QP,1016,4,1
25PV,685,3,3
25MK,1328,2,1
25MI,1328,2,1
25LV,1328,2,1
25LE,1328,2,1
25JX,1328,2,1
25JP,1328,2,1
25JN,1328,2,1
25IL,1089,5,5
25IK,1099,5,5
25IF,361,2,2
25HS,1286,5,5
25HR,1286,5,5
25HO,3888,24,1
25HN,4784,16,2
25GN,902,4,4
25GF,2204,4,4
25FQ,1908,6,5
25EX,1328,2,1
24YE,1221,9,2
24XZ,1137,5,4
24XY,1236,6,6
24XB,1123,5,5
24WA,902,4,2
24VZ,920,4,2
24VY,920,4,2
24VW,964,4,2
24VV,968,4,2
24VU,971,4,2
24VS,964,4,2
24VR,968,4,2
24VO,964,4,2
24VN,968,4,2
24VM,971,4,2
24VK,938,4,2
24VJ,975,4,2
24VE,1564,3,2
24VD,1561,3,2
24VC,1561,3,2
24QH,1149,5,5
24IP,3565,6,3
24ID,1634,3,3
23XM,840,2,1
23XK,840,2,1
23XI,840,2,1
23WO,221,2,2
23WN,233,2,2
23WM,265,2,2
23SQ,978,2,2
23SP,978,2,2
23SO,1441,7,5
23SH,4799,11,5
23SF,2782,12,3
23PZ,1079,1,1
23PY,1079,1,1
23PX,1391,1,1
23NX,1259,6,2
23IU,892,6,6
23IT,884,6,6
23IG,401,1,1
23IF,427,1,1
23IC,425,1,1
23FE,5826,8,4
23FD,5823,8,4
23FB,5694,4,2
23FA,5684,4,2
23EY,5679,4,2
23EX,5684,4,2
23EW,5679,4,2
23DJ,987,1,1
23CP,3265,10,9
23BT,1140,4,1
23BD,878,5,3
23BB,872,5,3
22ZO,729,1,1
22XO,810,4,1
22XM,2975,3,1
22XK,2973,3,1
22XC,1040,6,2
22WT,252,1,1
22WR,257,1,1
22WP,257,1,1
22TH,1530,1,1
22TE,1351,1,1
22SK,1224,9,2
22RQ,1016,4,1
22RJ,1880,8,2
22RD,269,1,1
22QW,1924,5,2
22QV,1924,5,2
22QU,1924,5,2
22QT,1924,5,2
22PS,786,6,3
22PL,585,3,3
22PD,436,3,3
22LL,1220,6,3
22KK,2622,8,4
22KG,9432,24,1
22JY,255,5,1
22JX,2671,8,3
22JW,2408,15,6
22IB,3399,7,2
30OD,1236,6,1
30OE,1236,6,1
9CIN,2007,9,3
9COH,1353,3,1
9COG,1368,9,3
9COF,1372,9,3
9COE,1356,6,2
9COC,3462,8,2
9CMM,3464,8,2
9CMG,2112,3,3
9CLV,1384,4,1
9CLT,2078,3,3
9CLA,1368,4,1
9CK4,758,7,3
9CDQ,1545,2,2
9BJJ,3282,7,2
9BJI,3312,7,2
9BJ8,1746,5,5
9BIE,930,4,4
9BID,915,3,3
8YRQ,1138,5,5
8Y71,1136,5,5
8V9T,3352,11,2
45IR,962,2,1
45IQ,776,2,1
45IP,978,2,1
45IO,776,2,1
45IM,964,2,1
45IL,956,2,1
44NY,2742,8,2
44NX,1433,7,4
44FI,3275,17,6
44FH,4686,16,1
44BW,3080,7,1
44BV,3451,7,1
44AB,1943,11,11
43YY,633,3,3
43SN,2080,10,2
43MU,626,3,3
43MI,721,3,3
43JH,169,1,1
43JG,153,1,1
43JF,45,1,1
43FX,1380,4,2
43DY,6888,24,1
38PA,2476,4,1
38LB,2396,4,1
38LA,2292,4,1
38KZ,1890,10,1
38KY,1670,10,1
38KQ,5092,16,3
38KP,3350,12,2
38KO,3809,12,3
38KM,5092,16,3
38KL,3809,12,3
38JL,4482,15,3
38HM,1990,10,1
37YA,2140,10,1
37XD,1890,10,1
37IX,2040,6,1
37ID,1112,1,1
37IB,892,1,1
37HT,1106,1,1
37CY,7494,30,4
36QW,8025,31,15
36QV,8056,31,15
36QU,8128,31,15
36PY,4500,10,1
36JL,1189,1,1
36JK,1106,1,1
36JB,1225,1,1
36JA,1029,1,1
36HW,2799,9,1
36HU,1865,11,4
36CR,612,3,3
36CQ,632,3,3
36BM,4617,11,11
36BL,5266,12,12
36BD,5280,12,12
36BB,418,3,3
36AZ,669,5,5
35ZW,1979,7,7
35ZV,807,4,4
35ZR,971,3,3
35TL,334,3,3
33HM,4532,1,1
33CI,843,7,7
33CH,841,7,7
33CG,840,7,7
33BF,940,10,1
32ZB,1350,6,1
32YY,1125,5,1
32QB,628,2,2
32QA,764,3,2
32PZ,627,2,2
32GE,3007,12,1
32GD,3016,12,1
32FI,1500,2,1
32FE,4656,6,1
31ZN,649,3,3
31VX,4768,9,2
31OX,1848,4,2
31MR,1634,4,4
31IC,1392,4,2
31IB,3248,8,2
31EZ,1040,2,1
31EY,1040,2,1
31EW,1038,2,1
31EP,3248,8,2
31CK,496,2,1
31CJ,496,2,1
31BG,884,4,4
30ZA,2329,12,1
30YZ,1090,4,2
30YY,1818,6,1
30YX,4146,21,4
30YW,1410,12,2
30YV,5064,24,2
30YU,7651,42,5
30YT,12642,42,2
30YS,2048,7,1
30XT,3675,9,3
30WC,1106,4,2
30UV,936,2,1
30UU,936,2,1
30UT,936,2,1
30US,1121,4,2
30UC,810,2,2
30SJ,1438,2,1
30QN,750,1,1
30LD,3972,4,1
30LA,3972,4,1
30KZ,3924,4,1
30KW,3924,4,1
30KH,3960,4,1
30JZ,1186,2,2
30JE,996,3,3
30IE,3320,8,1
30HU,2045,5,2
30HD,1988,3,3
30GH,2145,6,2
30GD,2161,6,2
30FM,2100,3,3
29YE,1704,6,3
29YD,1708,6,3
29YC,1708,6,3
29YB,1706,6,3
29YA,1708,6,3
29XZ,1708,6,3
29TX,816,4,4
29TI,812,4,4
29TE,1457,2,2
29TC,1830,6,1
29KM,896,4,1
29JR,2111,7,3
29JF,4088,4,1
29IN,532,3,3
29HG,1540,5,5
29HB,5969,21,3
29GV,4289,12,2
29EX,6471,12,2
29CP,1250,6,3
28YR,3864,24,1
28YQ,3864,24,1
28YP,3864,24,1
28YO,4096,4,1
28YN,1926,3,1
28YC,490,5,1
28WZ,644,3,3
28WY,726,3,3
28VJ,413,2,2
28TO,4676,15,1
28SD,3290,9,5
28RO,35340,480,2
28QN,534,2,2
28QM,532,2,2
28QL,388,2,2
28PR,1421,2,1
28PQ,1421,2,1
28PP,1401,2,1
28PN,1400,2,1
28MQ,1404,3,3
28MP,1397,4,3
28MO,1321,3,3
28MK,1170,2,2
28MJ,1170,2,2
28LW,1319,2,1
28JQ,2036,6,6
28JM,3147,9,9
28JL,2226,6,6
28JC,3668,14,14
28IZ,520,2,1
28IK,1266,3,1
27ZV,1140,4,1
27ZD,1541,3,1
27XK,1183,6,6
27TM,1555,2,1
27QB,3027,1,1
27QA,3046,1,1
27PZ,3048,1,1
9CWP,263,2,2
9CWR,3290,6,2
9DPD,831,3,2
9DPI,959,4,2
9DSL,3274,5,3
9DX3,2475,9,1
9DZH,1103,5,4
9DZJ,1334,7,4
9DZK,1082,4,3
9E4B,1353,3,1
9E4C,1212,3,1
9E6J,2145,9,3
9E9E,2342,4,1
9EB9,2156,8,2
9EBA,2188,8,2
9EBC,2115,12,4
9EEN,2718,12,2
9EES,2760,12,2
9EEU,2748,12,2
9EFT,2031,3,1
9FTE,362,2,2
9GAE,9509,35,27
9GJC,1072,2,2
9GJJ,1072,2,2
9HUF,571,1,1
9HWK,1202,4,4
9HYF,8016,4,2
9HYI,892,4,4
9HYU,4292,19,19
9HYW,855,9,1
9I06,5640,16,2
9I07,5640,16,2
9I28,898,2,1
9I3R,2052,4,1
9I3V,7689,10,6
9I4T,7548,50,24
9I5Z,1492,3,1
9I60,1513,3,1
9I61,1500,3,1
9I66,1581,3,1
9I82,2223,17,17
9I83,2563,19,19
9I8U,1541,3,1
9IBD,1192,4,4
9IFM,7734,50,24
9IRU,1495,10,8
9IYC,7878,26,1
9J5K,2700,8,4
9J5L,653,8,6
9J6T,528,1,1
9J6V,528,1,1
9J93,1412,5,4
9J94,2096,8,3
9JB7,1308,1,1
9JBS,415,1,1
9JKI,529,1,1
9JKH,529,1,1
9JCS,1338,1,1
9JC0,1397,1,1
9JBU,415,1,1
9JBT,409,1,1
9J87,1072,5,5
9J6U,531,1,1
9J6S,545,1,1
9J6R,545,1,1
9J5I,2698,6,3
9J4C,1095,3,3
9IVJ,1173,5,5
9IRS,1921,12,8
9IRD,1288,6,5
9IPO,1020,6,1
9IPN,1020,6,1
9IPM,1026,6,1
9IP5,996,6,1
9INZ,1206,6,1
9IHN,833,1,1
9IGS,3776,2,1
9IFO,1458,2,2
9IBW,629,3,3
9IB3,421,3,3
9IB2,3102,3,1
9IB1,421,3,3
9IB0,3106,3,1
9IAZ,704,3,3
9IAS,1316,4,2
9IAR,1344,4,2
9IAO,1854,6,3
9IAN,1956,6,3
9I9Y,1226,3,3
9I8C,338,1,1
9I7X,765,3,3
9I7V,1254,3,1
9I7M,1230,3,1
9I6D,1224,3,1
9I5N,368,3,3
9I3T,629,3,3
9I3P,1040,3,3
9I1Z,912,2,2
9HXN,6010,10,1
9HXM,6110,10,1
9HXL,976,2,1
9HXJ,6900,12,1
9HXD,1120,2,1
9HXB,5830,10,1
9HWL,3102,3,1
9HWJ,1204,4,1
9HVY,1396,1,1
9HV6,1113,1,1
9HV5,1123,1,1
9HV4,1124,1,1
9HV0,1124,1,1
9HUZ,4300,4,1
9HUY,4300,4,1
9HUX,4300,4,1
9HUM,1816,6,3
9HUG,558,1,1
9HUE,571,1,1
9HU6,1571,3,2
9HU5,1551,3,2
9HU4,3051,13,3
9HN2,1140,4,2
9HN1,1024,4,2
9HKT,1748,4,3
9HJX,1756,6,3
9HJQ,658,2,1
9HFK,1265,5,1
9H8N,1136,2,1
9H5I,2226,2,1
9H50,2211,2,1
9H2Q,542,2,2
9GJM,1072,2,2
9GJL,921,2,2
9GJK,920,2,2
9GJI,921,2,2
9GJH,920,2,2
9GJG,1439,3,3
9GJF,1071,2,2
9GJE,921,2,2
9GJD,920,2,2
9GJB,921,2,2
9GJA,920,2,2
9G42,3444,2,1
9G41,2740,2,1
9G2H,2732,2,1
9G2F,3504,2,1
9EKA,3651,6,1
9EGG,1467,3,1
9EFS,2019,3,1
9EFH,2133,3,1
9EER,2760,12,2
9EEQ,2724,12,2
9EEP,2712,12,2
9EEO,2712,12,2
9EEM,2742,12,2
9EEL,2742,12,2
9EEK,2712,12,2
9EEB,2510,6,6
9EDT,2622,6,6
9EDS,2818,7,7
9EDR,2850,7,7
9EC7,1917,9,2
9EC0,2980,6,3
9E9D,3878,4,1
9E94,440,2,1
9E7I,1467,3,1
9E5X,2040,3,1
9E5V,1770,3,1
9E5U,2130,3,1
9E5N,2097,3,1
9E4K,1239,3,1
9E4J,1778,9,3
9E4I,1773,9,3
9E4H,1281,3,1
9E4G,1251,3,1
9E4F,1353,3,1
9E4E,1266,3,1
9E4D,1239,3,1
9E4A,1353,3,1
9E3I,2103,3,1
9E0L,2142,3,1
9E0G,1507,4,2
9E0F,1510,4,2
9DZG,1081,4,3
9DZF,1104,5,4
9DZ4,1468,3,3
9DX5,1641,6,1
9DX4,1458,5,1
9DX2,4631,8,5
9DX1,4103,6,5
9DX0,3727,4,3
9DWT,1844,4,1
9DC4,2186,4,4
9D74,798,5,5
9D73,807,5,5
9D72,790,5,5
9CZC,796,1,1
9CZB,1177,1,1
9CWQ,248,1,1
9CTY,1908,8,2
9CON,1908,8,2
9K4J,13601,50,34
9K4K,13677,51,34
9K4Y,13549,47,33
9K56,13515,47,33
9K5E,20918,68,33
9L19,543,1,1
9LDV,1163,5,5
9LDW,1163,5,5
9LDX,1163,5,5
9LDZ,935,4,4
9LE0,1165,5,5
9LE1,1165,5,5
9LE2,1165,5,5
9LIH,1108,4,4
9LKB,762,3,3
9LKD,259,1,1
9LL7,1118,5,5
9LL8,882,4,4
9LL9,885,4,4
9LLA,886,4,4
9LLB,883,4,4
9LQU,810,4,2
9LQY,584,2,1
9LWC,863,5,5
9LW5,1249,6,6
9LW3,516,2,1
9LW1,516,2,1
9LVS,3327,3,1
9LVI,2865,3,1
9LV9,2384,9,2
9LV4,451,2,2
9LUU,6430,34,17
9LUT,3217,17,17
9LUJ,3076,6,1
9LU8,1524,1,1
9LU7,8922,30,3
9LU6,9282,36,4
9LU5,4284,24,3
9LU4,3870,18,2
9LU1,2589,6,5
9LTZ,1277,4,4
9LTW,1138,3,3
9LTR,4276,10,5
9LTO,1498,4,4
9LTL,1121,3,3
9LTJ,1220,3,3
9LT3,1270,3,3
9LSZ,813,3,3
9LSY,1287,8,4
9LS3,3822,9,3
9LRS,1089,5,5
9LRM,1625,5,2
9LRK,764,1,1
9LR3,1149,5,5
9LR2,1671,8,6
9LR1,1271,6,6
9LQZ,586,2,1
9LQX,804,4,2
9LQW,800,4,2
9LQT,566,2,1
9LQJ,814,4,2
9LPZ,2721,4,2
9LPW,2721,4,2
9LPK,2069,6,3
9LP1,412,3,3
9LP0,2901,5,3
9LOZ,411,3,3
9LOY,3275,7,3
9LOG,758,3,3
9LOF,754,3,3
9LOE,764,3,3
9LO8,6394,23,2
9LNO,520,1,1
9LNN,519,1,1
9LNM,519,1,1
9LNA,1803,3,1
9LN9,4708,17,2
9LN7,2070,10,2
9LN6,1012,2,2
9LN4,1458,6,2
9LM6,1731,6,2
9LM5,1755,6,2
9LM0,673,2,1
9LLZ,1558,2,1
9LLY,2733,15,5
9LLJ,1230,8,8
9LLI,543,4,4
9LLH,1097,6,6
9LLG,435,2,2
9LLF,1085,6,6
9LLE,1084,6,6
9LLC,1566,7,2
9LKZ,1309,2,2
9LK6,1800,8,4
9LK2,900,4,4
9LHZ,1349,2,2
9LGT,764,2,1
9LFD,365,2,2
9LFC,408,3,3
9LFA,390,2,2
9LEZ,1555,5,1
9LEY,1555,5,1
9LEX,1555,5,1
9LEV,1555,5,1
9LEU,1555,5,1
9LET,1555,5,1
9LEG,2919,15,5
9LD2,2583,9,3
9LCQ,1393,2,2
9LCP,1393,2,2
9LCO,1479,2,2
9LBW,519,4,3
9L9O,946,4,4
9L9H,1754,7,2
9L8W,1036,4,1
9L8N,627,1,1
9L76,1140,4,2
9L6P,3160,8,1
9L6O,1842,4,2
9L6I,4260,5,1
9L5I,4408,16,2
9L5D,4320,16,2
9L58,4480,16,2
9L3Q,3202,6,2
9L3I,2985,6,2
9L38,412,1,1
9L36,3192,8,1
9L2T,3160,8,1
9L2O,3192,8,1
9L1L,795,5,5
9L1E,553,1,1
9L1D,540,1,1
9L1C,553,1,1
9L1B,553,1,1
9L1A,542,1,1
9L0A,6651,36,12
9KZH,836,3,3
9KZG,1275,30,2
9KWY,982,4,4
9KVS,274,1,1
9KSL,300,1,1
9KQM,403,1,1
9KQ5,404,1,1
9KQ0,1289,12,3
9KPZ,1296,12,3
9KOH,1726,7,6
9KOG,1752,5,5
9KOF,1675,7,6
9KKO,404,1,1
9KKN,404,1,1
9KH6,1998,6,1
9KCF,7701,16,9
9KC4,1090,4,4
9KAG,1062,4,2
9KAF,857,3,2
9K91,714,1,1
9K90,371,1,1
9K8Y,361,1,1
9K88,371,1,1
9K7V,9008,54,22
9K7S,371,1,1
9K7G,371,1,1
9K6X,1122,4,2
9K5D,13549,47,33
9K5C,13549,47,33
9K5B,13549,47,33
9K54,13853,51,34
9K53,13559,49,34
9K51,13549,47,33
9K50,13549,47,33
9K4Z,13549,47,33
9K4X,13549,47,33
9K4W,13549,47,33
9K4V,13521,47,33
9K4U,13587,48,34
9K4R,13540,48,34
9K4M,13477,48,34
9K4B,2004,3,1
9K4A,2004,3,1
9K3Y,1073,4,3
9K3X,1394,5,4
9K3S,1407,5,4
9K1E,4663,24,22
9JZR,6584,33,29
9JZN,336,1,1
9JZK,1622,5,1
9JZJ,337,1,1
9JZI,337,1,1
9JY4,2002,20,8
9JY3,1998,20,8
9JRH,1638,4,1
9JRG,1649,4,1
9JRD,3164,4,1
9JN2,1400,1,1
9JN1,1435,1,1
9JLP,980,5,2
9JKR,567,5,5
9JKM,541,1,1
9JKK,530,1,1
9JKJ,530,1,1
9LWI,3502,9,9
9LWN,2689,10,2
9LXD,4136,7,6
9LXE,8310,14,6
9LXF,8310,14,6
9LXP,1099,5,5
9LY2,1123,5,5
9LY3,1113,5,5
9LY5,612,3,3
9LY6,1208,5,3
9LZY,2700,4,1
9LZZ,2712,4,1
9M0J,1028,5,5
9M0N,4944,6,1
9M0X,1070,5,5
9M0Z,1073,5,5
9M2S,1075,5,5
9M3Q,1075,5,5
9M3S,1071,5,5
9M5A,5180,38,19
9M5T,21747,44,1
9M7B,26532,66,1
9M7Q,17688,44,1
9M7S,1027,3,2
9M80,2720,4,2
9M9F,17688,44,1
9MA0,650,3,3
9MA7,1111,7,7
9MAO,3130,4,2
9MBP,13456,48,34
9MBQ,13523,48,34
9MBZ,1183,6,3
9MCG,29717,72,5
9MKG,553,3,3
9MM5,534,3,3
9MMY,7350,14,1
9MMZ,3059,7,1
9MN0,6790,14,1
9MNB,1199,6,6
9MOF,56085,183,11
9MOY,8847,32,17
9MPZ,886,6,6
9MQ0,880,6,6
9MQM,888,1,1
9MUH,498,2,1
9MUR,4408,16,2
9MVC,1704,6,2
9MVE,2097,9,3
9MVF,2097,9,3
9MXU,1163,6,6
9MZE,1165,6,6
9MZG,1173,6,6
9MZN,1565,4,1
9MZO,1488,4,1
9N04,1180,6,6
9N05,1153,6,6
9N09,1022,5,5
9N0E,1169,6,6
9N1Q,1175,6,6
9N29,1018,5,5
9N2I,1177,6,6
9N37,4288,16,2
9N38,703,4,4
9N3B,1958,8,4
9N3V,1778,2,1
9N5J,1778,2,1
9N5N,888,2,1
9N6D,788,2,1
9N7F,1270,4,1
9N7Q,2181,12,4
9N7S,1714,8,4
9N7T,2154,12,4
9N7V,1667,8,4
9N8Y,1564,2,1
9NAU,992,3,1
9NBY,3354,20,8
9NC3,3522,18,6
9NFT,4332,9,3
9NI3,1089,2,2
9NI6,1321,3,3
9NI7,1063,2,2
9NJ3,1540,9,5
9NJ6,1515,9,3
9NJ9,1444,9,5
9NJA,1518,9,3
9NMT,1188,4,1
9NMS,1224,4,1
9NJS,1916,4,1
9NJ2,2460,12,3
9NI8,1189,3,3
9NI5,1081,2,2
9NI4,2180,4,2
9NHZ,3556,4,1
9NGZ,1218,2,1
9NGO,546,3,3
9NF7,1302,2,1
9NEY,1042,3,3
9NEN,501,1,1
9NEJ,940,2,1
9NCO,1694,4,3
9NCN,1308,6,3
9NC8,1961,8,4
9NC6,2240,10,4
9NC0,2508,12,4
9NBT,3117,18,6
9NB3,1301,1,1
9NAV,3168,10,4
9NAL,1287,1,1
9NAH,1020,2,1
9N9W,1278,1,1
9N9I,3831,9,3
9N9H,2122,5,3
9N9G,2617,9,4
9N9F,1340,4,3
9N9E,1339,4,3
9N8Z,1552,2,1
9N8J,1226,9,9
9N8F,1473,12,4
9N84,774,6,6
9N1P,1156,6,6
9N0L,1920,4,1
9N01,1659,3,3
9N00,1397,1,1
9MZS,3089,4,1
9MZR,1497,4,1
9MZP,3084,4,1
9MZM,3084,4,1
9MZK,3008,4,1
9MZJ,3036,4,1
9MZI,3037,4,1
9MZF,1157,6,6
9MX7,1967,4,1
9MX6,2657,5,1
9MX4,3324,6,1
9MUN,471,1,1
9MT7,888,1,1
9MOH,67734,162,2
9MOG,84090,220,22
9MNM,608,4,1
9MN3,8687,28,2
9MN1,8015,21,2
9MKF,2424,4,1
9MK6,1142,2,1
9MJO,1076,2,1
9MIX,1134,2,1
9MCV,946,2,1
9MCU,946,2,1
9MCT,940,2,1
9MCS,940,2,1
9MCR,940,2,1
9MCB,1354,3,3
9MC9,1190,3,3
9MC7,1189,3,3
9MC6,1316,3,3
9MC5,1288,3,3
9MC4,1322,3,3
9MBO,871,2,2
9MB8,894,4,2
9MB5,1420,6,2
9MAV,2152,10,4
9MAN,377,4,2
9MAK,1266,4,2
9MAI,1266,4,2
9MAG,1266,4,2
9MAE,1266,4,2
9MA8,1704,2,1
9MA5,1266,4,2
9M9X,513,2,1
9M9W,508,2,1
9M9Q,497,2,1
9M9P,799,1,1
9M9M,504,2,1
9M8U,1248,2,1
9M8F,1561,2,1
9M8E,967,3,2
9M8D,974,3,2
9M7R,1074,3,1
9M7K,2081,8,2
9M7H,723,3,3
9M7G,763,3,3
9M72,1128,9,3
9M6W,1791,7,2
9M5Z,1773,7,2
9M5C,1792,7,2
9M4E,1839,3,1
9M4D,1955,6,1
9M4C,2019,3,1
9M42,1027,5,5
9M40,1034,5,5
9M2X,2999,11,2
9M2O,1071,5,5
9M1U,1264,6,6
9M1S,1264,6,6
9M1R,1264,6,6
9M1P,1073,5,5
9LZH,3495,3,1
9LZ2,890,5,5
9LZ1,884,5,5
9LZ0,884,5,5
9LYI,793,4,2
9NOO,8560,17,9
9NOP,8660,18,10
9NPW,8588,18,10
9NQ1,8476,17,9
9NQ6,8753,18,10
9NR1,8472,17,9
9NR4,8499,17,9
9NRE,8560,17,9
9NRF,8776,18,10
9NRH,8730,18,10
9NU4,631,2,2
9NU8,550,2,2
9NVZ,1959,8,4
9NW0,1953,8,4
9NX2,2055,7,5
9O04,3636,14,4
9O0L,2593,10,2
9O1I,1660,2,1
9O1L,1612,2,1
9O1M,1578,2,1
9O1N,1500,2,1
9O1O,1578,2,1
9O1P,1432,2,1
9O36,1116,5,5
9O3Z,7724,60,2
9O4E,6292,8,2
9O4R,7640,60,2
9O5A,5321,7,7
9O7F,1434,6,3
9O8D,4222,4,1
9O8M,2155,10,4
9O8Q,2148,12,4
9O8R,2154,12,4
9O8S,2163,12,4
9O8T,2169,12,4
9O95,888,2,1
9O96,888,2,1
9O97,870,2,1
9O98,888,2,1
9OA9,550,2,1
9OAA,1232,5,3
9OAB,12804,60,5
9OAJ,1791,9,3
9ODE,878,4,4
9ODF,885,4,4
9ODJ,1018,4,4
9ODK,1000,4,4
9ODL,1023,4,4
9ODM,885,5,5
9ODT,5712,18,1
9ODY,1154,1,1
9ODZ,1150,1,1
9OE0,1154,1,1
9OE3,1153,1,1
9OE5,1159,1,1
9OE6,1151,1,1
9OE8,1157,1,1
9OI2,1928,10,4
9OI3,2154,12,4
9OJ2,5132,14,3
9OKK,1168,7,7
9OKO,1006,4,2
9OKP,1002,4,2
9OKQ,1006,4,2
9OL4,16684,8,2
9OM2,1782,1,1
9OM7,1573,6,1
9OMZ,1497,5,5
9ON2,1181,4,4
9ON6,969,3,1
9ONJ,1133,3,2
9ONK,1172,3,2
9OOX,2513,23,2
9OPR,886,4,4
9ORP,2144,16,1
9OSF,3004,4,2
9OSI,3004,4,2
9OSS,2164,12,4
9OSU,2168,12,4
9OUM,1277,7,7
9OUN,1499,9,5
9OUO,1497,9,5
9OUP,1277,7,7
9OUQ,1498,9,6
9OUR,1499,9,5
9OTK,544,2,1
9OTH,2475,9,1
9OTA,534,2,1
9OST,2753,18,6
9OSG,3004,4,2
9OSB,2475,9,1
9OS7,1348,3,2
9OS2,1407,4,3
9OQD,2343,9,3
9OQ7,1095,3,1
9OPU,2980,4,1
9OPQ,634,2,2
9OPJ,1480,3,3
9ON5,969,3,1
9ON3,3500,3,2
9OMY,2368,8,3
9OMR,945,3,1
9OME,1260,18,1
9OM5,5424,24,6
9OM0,969,3,1
9OLX,2980,4,1
9OLM,2980,4,1
9OLL,2980,4,1
9OLK,2980,4,1
9OKL,2569,13,13
9OKE,1748,9,9
9OK8,583,1,1
9OK7,484,1,1
9OJK,963,3,1
9OIR,978,3,1
9OHN,6528,12,1
9OHM,1734,4,3
9OHK,987,3,1
9OHF,2366,1,1
9OHE,2366,1,1
9OHD,2366,1,1
9OHC,2366,1,1
9OGH,990,3,1
9OFI,1134,4,2
9OFA,7021,20,1
9OEN,1138,4,2
9OEM,1713,4,2
9OEH,1591,4,2
9OEG,992,6,3
9OEF,908,6,3
9OED,1920,8,4
9OE7,1176,1,1
9OE4,1179,1,1
9OE2,1176,1,1
9OE1,1178,1,1
9ODU,8867,32,17
9ODO,727,3,3
9ODN,889,5,5
9ODI,698,3,3
9ODH,694,3,3
9OC2,510,4,2
9OC1,512,4,2
9OC0,512,4,2
9OBZ,520,4,2
9OBY,512,4,2
9OBX,3156,4,2
9OBW,500,4,2
9OBV,508,4,2
9OBU,3155,4,2
9OBT,510,4,2
9OBS,3150,4,2
9OA3,2448,4,1
9O7M,8928,36,1
9O7I,562,4,3
9O7G,303,3,3
9O7E,1325,6,4
9O7D,996,4,3
9O6G,2436,4,1
9O6A,2576,4,1
9O65,918,3,3
9O5Q,6816,24,1
9O5D,2811,5,5
9O59,852,3,1
9O4G,1368,2,2
9O4C,4418,16,3
9O49,4424,16,3
9O3G,1864,4,1
9NZU,2864,6,1
9NZ0,1890,9,3
9NYX,838,4,2
9NYR,1773,4,4
9NYP,3327,7,2
9NX1,1967,6,2
9NX0,2025,10,2
9NWT,1209,3,3
9NWS,1202,3,3
9NW1,1955,8,4
9NVY,1956,8,4
9NVX,1957,8,4
9NVW,1955,8,4
9NVV,1716,6,2
9NVS,2975,5,1
9NVR,3054,6,3
9NVQ,2902,6,3
9NVP,3052,6,3
9NVO,2902,6,3
9NVN,2902,6,3
9NVG,413,3,3
9NU5,532,2,2
9NRG,8496,17,9
9NRD,8481,17,9
9NQL,6131,28,2
9NPM,4362,18,4
9NP0,535,3,3
9NOZ,713,4,2
9NOQ,8733,18,10
9NOC,8572,18,10
9NNZ,374,2,2
9NNC,1281,2,1
9NN1,4941,15,7
9OV4,1498,9,6
9OVV,2182,8,3
9OXA,1122,5,5
9OXB,1128,5,5
9P0J,741,1,1
9P24,1258,1,1
9P4F,1142,6,3
9P4L,522,1,1
9P4N,617,2,2
9P4O,522,1,1
9P4Q,617,2,2
9P6G,3039,18,6
9P6S,1224,3,3
9P6X,1770,9,3
9P81,911,5,5
9P83,885,5,5
9P88,908,5,5
9P9B,2304,8,2
9P9D,2304,8,2
9P9E,2304,8,2
9P9F,2304,8,2
9P9L,4122,18,1
9P9R,1711,8,4
9PA1,1130,5,5
9PA4,1128,5,5
9PA8,1232,2,2
9PE2,1695,2,2
9PEL,1218,9,3
9PEW,5049,27,16
9PEX,3922,14,10
9PIT,3075,18,6
9PIV,3069,18,6
9PJ5,2492,4,1
9PJ6,2508,4,1
9PKW,1677,5,2
9PKX,1683,5,2
9PKY,1698,5,2
9PKZ,1714,5,2
9PLR,3422,2,2
9PM6,1204,6,3
9PNA,2790,18,2
9PPY,1093,6,6
9PR3,1425,3,1
9PR5,1180,4,1
9PR6,1104,4,1
9PR7,1180,4,1
9PRT,5206,16,16
9PT4,1135,5,5
9PT5,1290,1,1
9PTU,1426,3,3
9PUP,1090,4,2
9PVB,4640,16,2
9PVC,4792,16,2
9PVM,441,1,1
9PWC,1734,5,5
9PXJ,696,2,2
9PXI,1640,6,6
9PXG,1389,5,5
9PXF,2715,9,3
9PX8,465,15,1
9PWP,4688,16,2
9PWB,1457,5,5
9PWA,1717,4,4
9PW5,4656,16,2
9PVO,801,4,3
9PV0,361,1,1
9PUW,1697,8,3
9PUV,1654,4,2
9PUR,1034,4,2
9PUM,1096,4,2
9PUD,1818,10,5
9PU5,1818,10,5
9PTS,918,2,1
9PTR,922,2,1
9PS5,1457,3,1
9PRZ,206,1,1
9PRY,1242,6,1
9PQT,1242,6,1
9PQR,3198,12,1
9PQQ,3198,12,1
9PQO,1075,6,1
9PQM,1242,6,1
9PQJ,1242,6,1
9PQ0,1096,5,5
9PPZ,1089,5,5
9PPX,983,5,5
9PPW,1098,5,5
9PPQ,286,1,1
9PNS,765,3,3
9PNB,2736,18,2
9PN9,2484,18,2
9PN8,2799,18,2
9PMS,979,5,5
9PMQ,8757,26,26
9PMO,8968,26,26
9PLQ,2465,2,2
9PKP,1010,2,1
9PKO,1010,2,1
9PJA,970,2,1
9PIK,1010,2,1
9PIG,1770,4,2
9PIF,1736,3,2
9PIE,1766,4,2
9PI8,926,5,5
9PI7,926,5,5
9PHF,4438,7,1
9PGG,15287,39,3
9PGD,519,3,3
9PFK,1088,6,3
9PFJ,1088,6,3
9PEA,2140,4,1
9PE5,1502,1,1
9PE4,1577,2,2
9PE3,1659,2,2
9PE1,1932,4,4
9PE0,6534,27,1
9PDP,1296,12,1
9PB6,3748,4,1
9PB5,3832,4,1
9PAW,6468,24,2
9PAR,3632,4,1
9PA6,1130,5,5
9PA5,1139,5,5
9PA3,1138,5,5
9PA2,1138,5,5
9P9W,1727,11,1
9P9T,2160,12,4
9P9S,1715,8,4
9P9Q,1683,8,4
9P9M,4122,18,1
9P91,3896,4,1
9P90,3884,4,1
9P8Y,3884,4,1
9P8A,735,3,3
9P89,1028,5,5
9P87,913,5,5
9P86,909,5,5
9P85,1041,5,5
9P84,1026,5,5
9P82,1047,5,5
9P80,908,5,5
9P7Z,911,5,5
9P7S,3312,4,1
9P6V,2150,10,1
9P6U,2150,10,1
9P6E,3054,18,6
9P54,713,4,2
9P53,741,4,2
9P4R,525,1,1
9P4P,525,1,1
9P4M,518,1,1
9P3W,3984,4,1
9P3V,3984,4,1
9P3U,3984,4,1
9P3T,3984,4,1
9P3S,3984,4,1
9P3R,3984,4,1
9P3Q,3984,4,1
9P3P,3984,4,1
9P3O,3984,4,1
9P3N,3984,4,1
9P35,4104,24,1
9P1X,7698,30,4
9P1V,532,3,3
9P0O,1855,7,1
9P0N,1855,7,1
9P0M,1238,6,6
9P0L,1205,6,6
9P0K,1211,6,6
9OZI,1788,1,1
9OZC,3250,4,3
9OZ6,1054,2,2
9OZ1,780,1,1
9OYZ,1005,1,1
9OYG,1794,6,4
9OYA,1801,1,1
9OXM,1564,4,1
9OXL,1580,4,1
9OXI,1531,1,1
9OXH,1912,2,2
9OW6,2226,6,3
9OW5,1113,3,3
9OW4,2224,6,3
9OW3,1112,3,3
9OVY,3364,7,2
9OVU,3110,4,2
9OVT,1648,4,2
9OVP,3594,3,1
9OVO,285,1,1
9OVN,3594,3,1
9OVM,284,1,1
9OVL,3525,3,1
9OVK,279,1,1
9OVD,532,2,1
9OV9,532,2,1
9OV5,2089,16,1
9OV1,1254,6,1
9OV0,530,2,1
9OUZ,2538,9,1
9OUS,2538,9,1
9Q6H,1093,5,5
9QID,927,3,2
9QIN,927,3,2
9QPE,799,7,2
9RCE,6322,15,9
9RCD,16544,44,1
9RCB,16544,44,1
9RBR,3225,12,4
9RBQ,3267,13,5
9RBO,1463,4,4
9R9N,1102,4,4
9R9A,1060,2,1
9R91,1315,7,3
9R90,1800,4,1
9R8W,4202,8,2
9R8P,582,1,1
9R8N,982,2,1
9R8M,1078,2,1
9R8L,969,2,1
9R8K,864,2,1
9R8J,960,2,1
9R8G,1211,2,2
9R85,885,2,2
9R7N,1536,48,1
9R7M,1536,48,1
9R7L,1536,48,1
9R6T,3633,3,1
9R6S,3519,3,1
9R67,8208,16,2
9R66,8208,16,2
9R65,8208,16,2
9R64,8208,16,2
9R63,5168,8,1
9R62,5168,8,1
9R61,2784,8,1
9R60,2784,8,1
9R4I,1284,6,3
9R42,851,4,4
9R41,861,4,4
9R3S,723,3,2
9R2N,719,3,2
9R2I,1125,4,3
9R2G,707,2,2
9R1V,1888,4,1
9R1U,1148,4,1
9R1T,2016,4,1
9R1R,3663,3,1
9R1Q,3777,3,1
9R1H,547,1,1
9R0O,558,1,1
9R0N,549,1,1
9R0M,550,1,1
9R0I,550,1,1
9R0A,561,1,1
9R07,565,1,1
9R03,8146,45,44
9R01,8229,45,44
9QZO,550,1,1
9QXL,880,4,4
9QWW,1834,4,2
9QW9,60762,78,1
9QVX,6206,30,15
9QU9,4187,8,2
9QTY,486,3,3
9QTO,1660,10,2
9QTN,1695,10,2
9QT4,2944,8,2
9QSZ,1000,4,1
9QSY,1004,4,1
9QSX,1013,4,1
9QSH,923,4,4
9QS6,929,4,4
9QRU,933,4,4
9QR6,4200,12,1
9QQS,491,3,3
9QQF,788,5,5
9QQE,769,5,5
9QPP,1854,7,2
9QPO,1515,7,2
9QP4,620,3,3
9QOP,1083,3,2
9QOO,2867,12,9
9QON,2120,11,9
9QO9,527,1,1
9QO8,535,1,1
9QO6,2175,9,9
9QO5,3700,14,14
9QO4,3807,14,14
9QO2,3362,14,14
9QO1,3164,12,12
9QO0,3744,15,15
9QLV,3504,8,2
9QL1,681,3,3
9QKZ,680,3,3
9QKT,681,3,3
9QK1,2140,9,4
9QK0,1913,7,4
9QJY,1912,7,4
9QJX,1902,7,4
9QJV,2135,9,4
9QJS,2128,9,4
9QJR,2156,9,4
9QJQ,2148,9,4
9QJP,1791,6,4
9QJN,631,3,3
9QJJ,546,2,2
9QHX,1048,4,2
9QHW,1048,4,2
9QHQ,3824,4,1
9QHP,3700,4,1
9QHO,3432,4,1
9QHN,3984,4,1
9QHM,4104,4,1
9QHK,1054,4,2
9QHJ,1050,4,2
9QHG,1748,7,2
9QHF,1728,7,2
9QHE,1764,7,2
9QHD,1791,7,2
9QH9,1164,5,1
9QH8,1785,7,2
9QH7,1408,6,1
9QH6,1819,7,2
9QH4,1531,6,1
9QH1,1050,4,2
9QGY,4198,14,4
9QGU,1054,4,2
9QFX,1054,4,2
9QEF,5797,28,14
9QDM,1040,4,4
9QDL,1018,4,4
9QC6,3404,11,6
9QAW,7952,12,7
9Q8V,8330,10,1
9Q7Y,1315,4,4
9Q7O,2016,6,2
9Q7N,2640,10,2
9Q7M,2474,9,2
9Q7L,2308,8,2
9Q7K,2640,10,2
9Q7J,279,9,1
9Q7B,2024,12,3
9Q71,1919,12,3
9Q6Z,1093,5,5
9Q6Y,967,4,4
9Q6O,891,1,1
9Q6N,1077,5,5
9Q6F,6368,28,14
9Q6B,838,7,7
9Q69,835,7,7
9Q5V,1811,10,5
9Q5M,1585,8,3
9Q5L,2130,4,1
9Q5A,2296,4,1
9Q59,2292,4,1
9Q3X,3093,18,6
9Q3V,789,2,2
9Q3U,3847,4,2
9Q3S,3138,18,6
9Q3L,574,2,1
9Q3E,785,4,4
9Q3A,1800,5,2
9Q37,405,15,1
9Q33,536,2,2
9Q2H,1407,6,6
9Q26,2753,18,6
9Q24,1728,10,5
9Q20,1198,6,3
9Q1Z,1258,6,3
9Q1X,8611,18,10
9Q1E,3556,4,1
9Q15,1989,2,1
9Q0Y,1989,2,1
9Q0X,1380,2,1
9Q0V,8503,17,9
9Q0U,8556,17,9
9Q0R,4720,16,2
9Q0O,2780,8,2
9Q0N,2780,8,2
9Q0M,2780,8,2
9Q0G,8551,17,9
9Q0F,436,3,3
9Q0E,8584,17,9
9Q09,3182,18,6
9Q06,2796,2,1
9Q05,1398,1,1
9PZO,1404,4,3
9PZN,1378,3,2
9PZD,310,10,1
9PZC,2483,16,16
9PZB,2480,16,16
9PYK,1883,5,3
9PYH,1857,5,3
9PYD,1896,5,3
9PYC,732,2,2
9PY5,1966,5,3
9PXT,853,1,1
9PXN,1916,4,1
9PXL,2044,8,2
9PXK,2044,8,2
9RCH,1995,2,2
9RD0,1320,2,2
9RD9,1317,2,2
9RDK,6751,13,13
9RF3,1392,1,1
9RGE,1920,7,5
9RH7,602,3,3
9RH9,611,3,3
9RHC,612,3,3
9RII,1067,6,6
9RIJ,1083,6,6
9RIK,1080,6,6
9RIL,1074,6,6
9RIM,1073,6,6
9RIO,1069,6,6
9RIP,1073,6,6
9RIQ,1072,6,6
9RIR,1064,6,6
9RL3,2980,13,13
9RL5,1816,6,3
9RLC,1282,5,4
9RLD,1279,5,4
9RLE,1422,5,4
9RLF,1280,5,4
9RLG,1448,5,4
9RLH,1280,5,4
9RLI,1383,5,4
9RLJ,1268,4,3
9RLK,1255,5,4
9RLT,6098,27,14
9RLZ,3536,16,16
9RM0,3356,15,15
9RMK,718,2,2
9RNJ,1808,2,1
9ROA,1277,3,3
9ROF,1297,3,3
9ROQ,1313,3,3
9ROW,7004,16,1
9RPB,1811,6,3
9RRM,2772,4,1
9RRS,548,2,2
9RSC,981,4,3
9RSD,975,4,3
9RSQ,4229,7,6
9RSS,8458,12,6
9RST,4160,7,6
9RT2,3279,12,2
9RT4,387,2,2
9RUX,1216,4,1
9RWG,4581,20,2
9RWS,512,1,1
9RWT,512,1,1
9RX4,2954,7,6
9RX5,3150,6,5
9RX6,2977,5,5
9RX7,2750,6,5
9RX8,2809,4,4
9RY4,263,1,1
9RY7,1310,5,1
9RYE,1279,3,3
9RYI,9240,60,1
9RYJ,8530,60,2
9RYK,9091,58,2
9RYM,8321,53,2
9RYN,9240,60,1
9RYO,8470,55,1
9RYP,9240,60,1
9RYQ,8470,55,1
9RYU,9240,60,1
9RYV,8470,55,1
9RYW,9240,60,1
9RYX,8470,55,1
9RZU,1355,10,2
9RZV,1902,8,4
9S0S,890,2,1
9S0Y,1230,5,3
9S11,787,1,1
9S1L,3174,16,16
9S1M,4357,22,19
9S2S,18044,8,2
9S34,3759,14,2
9S3E,2660,19,19
9S3V,18044,8,2
9S4N,18044,8,2
9S4U,1319,1,1
9S6P,2230,12,12
9S6R,618,3,3
9S6S,773,3,3
9S6U,775,3,3
9S6Y,1015,3,3
9S7G,1929,6,4
9S8C,956,2,1
9S8E,896,2,1
9S8G,850,2,1
9SAS,670,4,2
9SDB,1088,7,1
9SDG,1094,7,1
9SDH,846,2,1
9SDL,956,2,1
9SE4,894,4,4
9SE6,3994,19,18
9SEC,1099,7,1
9SEF,1078,7,1
9SED,1099,7,1
9SE7,2219,10,10
9SDT,1099,7,1
9SDO,1099,7,1
9SAU,670,4,2
9S9B,2716,13,3
9S8L,1104,4,2
9S8K,3551,8,3
9S8D,948,2,1
9S8B,1772,4,3
9S86,3201,4,1
9S7V,1593,2,1
9S7S,1121,4,2
9S7J,2212,4,1
9S72,8428,16,8
9S6T,708,3,3
9S6Q,1006,3,3
9S5U,3115,9,9
9S5J,642,2,2
9S55,18044,8,2
9S54,18044,8,2
9S4T,1313,1,1
9S4S,1330,1,1
9S3T,1672,4,1
9S3R,1084,4,4
9S3Q,1452,4,2
9S3M,967,3,2
9S3F,1011,3,2
9S2H,1358,1,1
9S2C,1388,1,1
9S1H,18044,8,2
9S16,18044,8,2
9S0R,890,2,1
9S05,1355,10,2
9RZM,250,1,1
9RYF,1279,3,3
9RXA,2977,5,5
9RX9,2979,5,5
9RVV,2454,4,1
9RVN,1096,2,2
9RVM,1096,2,2
9RUH,801,5,5
9RUG,747,5,5
9RUF,771,5,5
9RSU,2160,8,1
9RSM,2394,9,1
9RSH,2412,4,1
9RSG,2313,4,1
9RRU,2647,4,1
9RRQ,2741,4,1
9RRO,2752,4,1
9RRN,2716,4,1
9RRF,2720,4,1
9RQN,676,1,1
9RQM,708,2,2
9RQL,676,1,1
9RQJ,790,2,1
9ROZ,7936,22,3
9ROX,7934,22,3
9ROP,1309,3,3
9ROO,1296,3,3
9RON,1306,3,3
9ROM,1312,3,3
9ROL,1300,3,3
9ROK,1277,3,3
9ROJ,1297,3,3
9ROI,1306,3,3
9ROH,1300,3,3
9ROG,1277,3,3
9ROE,1312,3,3
9ROD,1300,3,3
9RO9,1297,3,3
9RMI,2016,6,1
9RMA,607,2,2
9RM9,1025,2,2
9RLA,3151,14,14
9RKZ,6262,28,14
9RJB,589,5,5
9RIH,1076,6,6
9RIG,1082,6,6
9RHF,612,3,3
9RHE,602,3,3
9RHD,606,3,3
9RHB,612,3,3
9RHA,602,3,3
9RH8,610,3,3
9RH6,611,3,3
9RH5,610,3,3
9RH4,602,3,3
9RH3,612,3,3
9RH2,612,3,3
9RH1,1206,6,3
9RGP,1465,5,1
9RGO,1465,5,1
9RGN,1655,5,1
9RGD,1726,5,3
9RD8,1311,2,2
9T8I,4533,1,1
9T9R,893,8,2
9TG8,805,3,2
9TIN,936,6,3
9TIH,1839,10,4
9TIG,934,6,3
9TIE,3956,14,3
9TID,4021,19,9
9THK,494,2,1
9THI,1727,2,1
9TGM,7958,15,8
9TGA,770,3,2
9TG9,794,3,2
9TG6,1192,4,1
9TG4,7048,18,5
9TG3,1132,4,1
9TFV,1156,4,1
9TF2,660,3,3
9TF1,659,3,3
9TF0,954,6,6
9TDT,3108,4,4
9TDS,6564,8,4
9TDM,7618,16,4
9TD2,1643,4,4
9TCN,4008,24,1
9TCM,4008,24,1
9TCC,3138,3,1
9TBY,1149,2,2
9TBJ,1267,3,1
9TBI,723,3,3
9TBH,723,3,3
9TAO,2281,7,7
9TAN,2449,6,6
9TAM,4717,13,13
9TAL,2552,11,8
9TAK,2358,8,8
9TAJ,4698,13,13
9TA3,3954,6,1
9T9V,2865,15,4
9T9U,4104,4,1
9T9P,803,2,2
9T9M,544,3,3
9T97,5563,15,4
9T94,3091,4,4
9T93,3127,4,4
9T92,6603,8,4
9T8H,4534,1,1
9T8D,801,3,3
9T8C,1118,5,5
9T88,1129,5,5
9T7V,1893,9,9
9T7Q,1131,5,5
9T7P,1120,5,5
9T7J,6550,8,4
9T6N,1024,4,4
9T6L,671,4,4
9T5Z,1363,4,4
9T5W,1210,2,2
9T5V,1632,3,3
9T5U,2179,17,17
9T5T,5396,42,21
9T5P,2397,7,3
9T5O,3865,10,3
9T5N,4760,10,3
9T5M,4212,6,1
9T5K,381,1,1
9T5J,684,3,3
9T5H,3651,14,14
9T4X,2952,6,1
9T4W,2958,6,1
9T4U,2958,6,1
9T3Y,1632,3,3
9T3X,1582,3,3
9T3S,663,3,3
9T3R,663,3,3
9T35,1830,6,1
9T34,1830,6,1
9T33,1732,6,1
9T1S,4328,13,9
9T1D,852,2,2
9T17,1173,3,3
9T0F,1604,1,1
9SZW,757,3,3
9SZE,1155,6,5
9SZC,1101,7,5
9SZB,354,2,2
9SZA,8208,39,3
9SZ9,18418,71,2
9SYV,2274,6,2
9SYT,2507,6,2
9SYJ,2422,6,2
9SY5,4256,10,1
9SWS,1264,4,1
9SWR,1898,6,1
9SWQ,642,2,1
9SWM,642,2,1
9SWK,2610,9,2
9SW6,6015,17,12
9SW5,2004,6,6
9SW4,1993,6,6
9SW3,2002,6,6
9SW2,2003,6,6
9STA,1421,2,1
9ST9,1401,2,1
9SRX,3372,12,2
9SRW,1978,6,2
9SRT,1528,4,1
9SR9,386,1,1
9SQY,2956,16,6
9SQW,1722,10,4
9SQV,1572,8,4
9SQR,15884,80,2
9SQP,1201,5,5
9SQO,1213,5,5
9SQN,1231,5,5
9SQM,1180,5,5
9SQ6,1210,3,3
9SQ5,1209,3,3
9SQ4,1221,3,3
9SQ0,1014,2,1
9SO9,2626,13,8
9SNK,2052,8,2
9SNA,2932,16,8
9SMX,25744,73,12
9SMS,800,5,5
9SMR,2436,10,5
9SMP,3071,18,9
9SMN,3097,18,8
9SMK,3728,4,1
9SMJ,49080,60,1
9SMI,8222,45,44
9SMH,8290,45,44
9SMG,8304,45,44
9SMF,8304,45,44
9SM8,4090,5,1
9SM4,46500,60,1
9SM2,4124,8,4
9SLP,822,6,1
9SLN,7750,10,1
9SLM,1907,7,4
9SLL,3880,5,1
9SLD,2152,9,5
9SL1,2151,9,5
9SKZ,934,2,1
9SKY,942,2,1
9SKX,942,2,1
9SKW,934,2,1
9SKV,950,2,1
9SKU,934,2,1
9SKT,942,2,1
9SKS,942,2,1
9SKR,934,2,1
9SKL,2970,9,1
9SKK,2903,9,1
9SKJ,2571,8,1
9SKI,2241,7,1
9SK3,6657,36,12
9SJV,4152,24,1
9SJU,4152,24,1
9SJT,4152,24,1
9SJS,4152,24,1
9SJR,4152,24,1
9SJE,4131,8,4
9SJ9,1102,2,2
9SJ7,1062,4,2
9SIQ,1765,5,1
9SIO,1690,5,1
9SII,9516,52,1
9SHW,1704,6,2
9SHV,1683,6,2
9SHO,1680,5,1
9SHN,1014,2,1
9SHM,1014,2,1
9SHE,1740,5,1
9SH6,1946,10,5
9SH2,5656,14,1
9SH1,404,1,1
9SGY,1265,2,1
9SGT,1284,2,1
9SGS,1134,2,1
9SGR,1099,2,1
9SGQ,1258,2,1
9SGP,1434,2,1
9SGO,1259,2,1
9SGN,1098,2,1
9SGM,1434,2,1
9SGL,1434,2,1
9SFV,1857,8,4
9SFN,2802,3,2
9SFJ,1858,8,4
9SFI,12466,42,14
9SFH,894,4,4
9SFF,894,4,4
9SFD,804,1,1
9SF9,1075,2,1
9SF8,562,1,1
9SF5,430,3,3
9SF4,1668,6,2
9SEJ,1902,8,4
9SEH,1078,7,1
9TKM,675,3,3
9TLE,2230,5,5
9TLG,2023,6,6
9TMN,6218,30,15
9TMS,7914,29,15
9TNB,1894,7,4
9TNS,1791,6,4
9TOI,2622,12,1
9TOZ,4014,18,1
9TPA,1439,2,2
9TPJ,2386,6,3
9TPK,2369,6,3
9TPL,2376,6,3
9TPQ,1894,7,4
9TPS,6774,12,2
9TQ7,1548,4,1
9TQ8,1548,4,1
9TQC,5149,10,2
9TQD,3110,7,3
9TQG,3321,7,2
9TQJ,774,2,2
9TRA,4277,12,1
9TUD,1111,1,1
9TUZ,482,3,3
9TV0,919,2,2
9TW2,2897,7,6
9TW3,2897,7,6
9TXI,773,1,1
9TXJ,1188,3,3
9TXK,898,3,3
9TXL,1819,7,4
9TYG,645,2,2
9TYH,628,2,2
9TYI,617,2,2
9TZ3,2760,6,5
9TZW,552,4,1
9TZY,552,4,1
9U32,946,2,1
9U3A,4260,5,1
9U3K,1704,2,1
9U3L,13416,47,33
9U40,1042,6,6
9U43,1042,6,6
9U4A,2642,4,1
9U4B,2692,4,1
9U4C,1340,2,1
9U4D,929,3,3
9U4J,273,1,1
9U4O,788,2,2
9U4R,29512,73,5
9U4Z,1276,2,1
9U56,1379,1,1
9U57,2758,2,1
9U58,1379,1,1
9U5Z,2116,2,2
9U60,1899,2,2
9U61,3674,4,3
9U62,3708,5,3
9U65,1362,6,2
9U66,1434,6,2
9U67,1032,6,2
9U68,1431,6,2
9U69,1431,6,2
9U6R,1197,13,2
9U7H,538,2,2
9U7I,1042,2,1
9U7J,3120,6,1
9U7L,906,4,4
9U7R,8618,35,21
9U7T,1200,2,2
9U7Y,24480,60,5
9U8B,488,2,1
9U8K,3477,39,1
9U9I,1372,4,4
9U9Z,1417,4,3
9UA0,1027,4,3
9UA1,1008,4,3
9UA3,2244,10,5
9UA5,780,5,5
9UAM,1136,5,5
9UAN,1136,5,5
9UAQ,2330,9,3
9UAR,2224,4,1
9UAS,4954,24,20
9UAT,752,2,2
9UAX,3304,12,3
9UB1,3312,12,3
9UB7,2272,5,5
9UBC,204,2,2
9UBR,3103,18,3
9UCL,2031,9,3
9UCO,1653,10,4
9UDC,657,1,1
9UDK,1816,6,1
9UE3,1094,1,1
9UED,2408,4,1
9UEJ,1536,4,1
9UEK,1536,4,1
9UEP,1049,2,2
9UFB,1225,4,4
9UFE,7632,18,6
9UFN,725,4,3
9UFT,1225,4,4
9UFV,1225,4,4
9UFW,1225,4,4
9UFZ,1225,4,4
9UG2,2152,9,3
9UGG,1866,6,2
9UGJ,1106,8,1
9UGL,268,1,1
9UGO,1070,6,3
9UGU,416,1,1
9UGX,414,1,1
9UGY,415,1,1
9UH3,3643,21,21
9UH4,2755,15,15
9UHG,424,3,3
9UI1,539,1,1
9UI6,547,1,1
9UIF,547,1,1
9UIN,968,2,1
9UIQ,2504,8,6
9UIT,548,1,1
9UJ4,1972,8,2
9UJF,1730,10,1
9UJM,267,1,1
9UJV,1658,6,1
9UK2,1147,5,5
9UK9,1023,1,1
9UKD,2673,9,2
9UKE,1898,7,2
9UKF,2577,9,2
9UKG,2125,7,2
9UKH,2129,7,2
9UKI,2618,9,2
9UKJ,1883,7,2
9UKL,2649,9,2
9UN3,3207,4,2
9UNK,3191,4,2
9UNQ,3137,4,3
9UNW,2020,9,9
9UOF,3187,17,17
9UOV,3491,19,19
9UP2,1597,2,2
9UPB,1021,4,4
9UPC,759,3,3
9UPM,294,1,1
9UPY,888,4,4
9URI,2488,4,1
9URJ,2496,4,1
9USY,9540,18,1
9UTG,4260,5,1
9UUH,2528,4,1
9UUM,2620,8,8
9UUQ,2581,8,8
9UV4,2280,9,3
9UVT,573,4,4
9UVU,274,2,2
9UVC,1572,3,1
9UVB,728,2,1
9UVA,1763,6,3
9UV9,8400,40,1
9UV7,1802,6,3
9UV3,1140,4,2
9UV2,1074,4,2
9UUY,1074,4,2
9UUX,657,2,2
9UUR,657,2,2
9UT7,1138,2,2
9UT4,1138,2,2
9UT0,9522,18,1
9USZ,1623,3,1
9USX,9540,18,1
9USW,3213,6,1
9USV,3202,6,1
9USU,3180,6,1
9US8,414,1,1
9URZ,5720,22,2
9UQ0,3756,6,6
9UPV,1135,6,6
9UPU,1135,6,6
9UPR,764,4,4
9UPO,286,1,1
9UPN,286,1,1
9UPE,803,1,1
9UOE,1598,2,1
9UNU,2299,11,11
9UNR,3182,4,3
9UNP,3142,4,3
9UNO,3140,4,2
9UNN,3172,4,2
9UNJ,3161,4,2
9UMT,4208,8,8
9UMG,1200,6,5
9ULO,855,3,2
9TKA,247,1,1
9TK9,247,1,1
9TIV,630,5,1
9TIU,575,5,1
9TIO,1981,11,4
9UVW,266,1,1
9UVX,263,1,1
9UWJ,530,2,1
9UWL,530,2,1
9UWQ,1145,6,6
9UWX,981,3,1
9UWY,966,3,1
9UX8,1428,3,2
9UXK,919,4,3
9V09,2586,8,8
9V0A,2616,8,8
9V0B,2614,8,8
9V0C,2614,8,8
9V0E,2614,8,8
9V0F,2615,8,8
9V0X,1153,6,6
9V10,201106,589,60
9V1H,1140,6,6
9V2S,20148,92,1
9V35,266,1,1
9V38,259,2,2
9V3C,360,2,2
9V3E,1671,6,2
9V3F,1596,6,2
9V3T,424,1,1
9V3V,424,1,1
9V3X,424,1,1
9V3Y,260,2,2
9V3Z,424,1,1
9V4D,276,2,2
9V6T,621,4,4
9V75,7128,16,2
9V81,1085,5,5
9V82,244,1,1
9V8X,504,1,1
9VAP,1063,2,2
9VAT,1156,6,6
9VAY,1152,6,6
9VAZ,1152,6,6
9VB0,1123,6,6
9VB7,1294,6,6
9VBA,1050,5,5
9VBL,751,1,1
9VBO,2466,8,3
9VBY,924,4,1
9VCC,1243,2,1
9VCT,603,1,1
9VCU,1237,2,1
9VEE,4251,6,2
9VEF,4254,6,2
9VFI,2884,4,1
9VH2,770,3,3
9VH3,574,1,1
9VH4,1818,9,3
9VJO,3190,4,1
9VJS,4732,23,18
9VJT,1071,5,5
9VKP,3859,10,6
9VKQ,3821,10,6
9VKR,3872,10,6
9VKZ,2736,6,1
9VLN,3686,6,6
9VMG,1270,6,6
9VMN,1147,5,5
9VMO,1148,5,5
9VMP,1132,5,5
9VNC,3492,4,1
9VNY,1137,5,5
9VNZ,1135,5,5
9VO0,1136,5,5
9VO1,1134,5,5
9VO2,1143,5,5
9VPD,3844,14,10
9VPM,1423,6,5
9VPN,1442,6,5
9VQS,1592,4,2
9VQT,1592,4,2
9VT4,999,9,3
9VTS,1098,9,3
9VTZ,2323,4,1
9VU9,1551,7,2
9VU1,2420,4,1
9VU0,2374,4,1
9VS4,1360,1,1
9VS3,1833,1,1
9VRE,997,1,1
9VRD,1136,1,1
9VRC,756,1,1
9VRB,1212,1,1
9VQY,2776,4,1
9VQX,2820,4,1
9VQW,2820,4,1
9VQV,1592,4,2
9VQU,1592,4,2
9VQR,1592,4,2
9VQQ,2796,4,1
9VQP,1592,4,2
9VQO,1592,4,2
9VPG,465,1,1
9VNE,526,6,2
9VND,457,7,3
9VNB,3492,4,1
9VNA,3056,4,1
9VN9,3232,4,1
9VMH,1250,2,1
9VM2,1866,2,2
9VLZ,6916,28,1
9VLG,910,1,1
9VL5,1047,2,1
9VL3,1008,4,1
9VKY,1042,2,1
9VKO,1180,4,1
9VJR,3356,4,1
9VJQ,3116,4,1
9VJP,3380,4,1
9VJN,3380,4,1
9VJ8,4512,22,4
9VJ4,445,2,2
9VJ3,445,2,2
9VIN,2966,31,3
9VI4,516,1,1
9VI1,1512,3,1
9VHD,944,2,1
9VH9,553,1,1
9VH5,1827,9,3
9VGU,3664,32,2
9VGF,3927,34,2
9VFX,1377,4,2
9VFV,1594,2,1
9VF5,3012,6,1
9VEK,3780,7,1
9VEJ,4309,8,2
9VEG,2947,6,2
9VED,3732,6,2
9VE1,1509,3,1
9VCS,1245,1,1
9VCP,1512,3,1
9VC9,704,1,1
9VC6,775,1,1
9VC0,924,4,1
9VBZ,932,4,1
9VBX,924,4,1
9VBV,521,1,1
9VBT,3482,12,3
9VBP,1512,3,1
9VBN,1513,3,1
9VBM,751,1,1
9VBD,521,1,1
9VB6,1177,6,6
9VB5,1273,6,6
9VB4,1288,6,6
9VB3,1301,6,6
9VB2,1285,6,6
9VB1,1163,6,6
9VAX,1152,6,6
9VAW,1171,6,6
9VAV,1146,6,6
9VAU,1130,6,6
9VA2,2708,4,2
9VA1,2708,4,2
9V96,6687,38,1
9V95,14547,33,1
9V8Y,476,1,1
9V8W,505,1,1
9V7U,4901,24,24
9V7T,4901,24,24
9V6L,5312,16,2
9V65,779,1,1
9V3S,1151,1,1
9V2U,577,3,3
9UYQ,1554,2,1
9UYP,1526,2,1
9UYO,1555,2,1
9UYD,2934,3,1
9UY9,2310,9,3
9UXX,1822,8,4
9UXU,1822,8,4
9UXT,2562,14,1
9UXS,316,2,2
9UXQ,286,1,1
9UXP,286,1,1
9UXO,292,1,1
9UXN,286,1,1
9UXI,1476,4,1
9UXC,808,4,4
9UXB,845,4,4
9UX4,984,3,1
9UX3,936,3,2
9UX2,953,3,2
9UX1,967,3,2
9UWW,987,3,1
9UWV,1115,5,5
9UWM,1038,5,5
9UWI,558,4,2
9UWG,1123,2,2
9UW4,652,2,2
9UW3,643,2,2
9UVZ,682,1,1
9UVY,653,1,1
9UVV,785,3,3
9W2R,5135,29,18
9W2S,5155,29,18
9W45,1024,5,5
9W62,574,1,1
9W90,4541,10,5
9WC1,894,4,4
9WG4,1022,5,5
9WIE,8666,28,3
9WID,8610,28,2
9WGB,3344,16,1
9WG8,1191,1,1
9WG7,36628,216,12
9WG6,1038,5,5
9WG2,1190,1,1
9WG0,1038,5,5
9WFZ,2046,19,18
9WFU,1210,1,1
9WFR,1190,1,1
9WFO,662,2,2
9WFN,668,2,2
9WFL,682,2,2
9WFG,1178,1,1
9WFF,7254,26,1
9WFC,681,2,2
9WFA,245,1,1
9WF9,680,2,2
9WF3,680,2,2
9WF2,704,2,2
9WF0,5333,13,1
9WEZ,1632,4,1
9WEY,1046,5,5
9WEU,1040,5,5
9WET,1417,1,1
9WE7,7203,26,2
9WDX,1030,1,1
9WDT,840,2,1
9WDR,840,2,1
9WDQ,840,2,1
9WDP,1454,9,3
9WDO,1680,4,1
9WDI,702,4,2
9WDC,817,4,2
9WDB,859,2,2
9WDA,857,2,2
9WD9,860,2,2
9WD7,857,2,2
9WD5,9109,49,13
9WD4,4414,11,1
9WD1,1298,3,3
9WD0,1347,3,3
9WCY,5614,24,12
9WCX,5612,24,12
9WCW,8568,28,2
9WCB,1560,6,2
9WCA,1413,6,2
9WC6,557,1,1
9WBW,1628,1,1
9WBV,1004,1,1
9WBR,557,1,1
9WAK,1261,2,2
9WAJ,1252,2,2
9WAI,1222,6,6
9WAH,802,4,4
9WAG,625,3,3
9WAE,3851,2,1
9W9E,3448,4,1
9W9C,534,1,1
9W9B,536,1,1
9W9A,542,1,1
9W99,541,1,1
9W98,536,1,1
9W97,540,1,1
9W8Q,554,1,1
9W8J,557,1,1
9W8A,755,2,2
9W89,754,2,2
9W81,1680,4,1
9W7Y,1680,4,1
9W7X,3915,3,1
9W7K,4543,27,4
9W7J,745,4,4
9W7D,5226,38,19
9W6U,1151,5,5
9W66,581,1,1
9W65,575,1,1
9W64,575,1,1
9W63,573,1,1
9W5B,5226,38,19
9W51,1604,2,1
9W50,1604,2,1
9W4Y,829,5,5
9W4Q,1680,4,1
9W4O,820,4,4
9W4L,990,3,1
9W4K,990,3,1
9W4J,6833,40,5
9W4I,620,3,3
9W4E,856,2,1
9W4D,1284,3,1
9W4C,1476,3,1
9W43,507,3,3
9W41,1130,5,5
9W40,903,4,4
9W3Z,1800,8,2
9W3U,3044,4,1
9W3P,3065,14,1
9W3L,401,2,2
9W3K,1222,5,5
9W3G,3244,7,6
9W3F,393,2,2
9W3E,3019,6,5
9W3D,3004,6,5
9W39,6181,19,19
9W37,1230,4,2
9W36,1220,4,2
9W35,1247,4,2
9W34,709,3,3
9W33,778,2,1
9W32,778,2,1
9W2Z,1817,14,14
9W2Y,4206,22,11
9W2X,4200,22,11
9W2W,1245,4,2
9W2V,8287,45,45
9W2U,8218,45,45
9W2J,975,6,6
9W2I,975,6,6
9W2H,974,6,6
9W2G,968,6,6
9W2F,1274,3,3
9W24,1376,4,1
9W23,1376,4,1
9W22,692,2,1
9W20,1354,4,1
9W1Z,1376,4,1
9W1J,974,6,6
9W1B,1144,2,1
9W14,412,3,3
9W0X,1190,2,1
9W0W,882,4,4
9W0U,876,4,4
9W0T,879,4,4
9W0S,886,4,4
9W0R,874,4,4
9W0Q,876,4,4
9W0P,887,4,4
9W0O,900,4,4
9W0M,888,4,4
9W0K,829,5,5
9W0J,829,5,5
9W0I,829,5,5
9W0G,829,5,5
9W0E,751,5,5
9W0D,709,3,3
9W0B,820,4,4
9W01,918,2,2
9VZP,611,1,1
9VZ8,1015,5,3
9VZ3,1040,5,5
9VZ2,1040,5,5
9VY1,1504,5,2
9VY0,1540,5,2
9VXZ,1572,5,2
9VXY,1590,5,2
9VXX,1574,5,2
9VXV,1651,5,2
9VXU,1310,4,1
9VXT,584,2,1
9VXP,2028,4,1
9VWZ,2275,7,3
9VWS,539,1,1
9VWR,551,1,1
9VWM,2424,12,4
9VWJ,4680,24,1
9VWI,4680,24,1
9VWG,6432,16,1
9VWF,1989,9,3
9VWE,2682,15,5
9VWC,3216,8,1
9VWA,3216,8,1
9VVO,1251,2,2
9VVM,657,1,1
9VVK,4128,4,1
9VVJ,7904,26,2
9VVG,7748,26,2
9VV6,1146,5,5
9VV0,829,5,5
9VUS,1141,5,5
9VUQ,1466,2,1
9VUM,1599,5,2
9VUL,1528,5,2
9VUK,1520,5,2
9VUJ,1536,5,2
9VUI,2440,7,3
9VUH,634,3,3
9VUF,8242,34,20
9VUE,8242,34,20
9VUC,1625,7,2
9VUB,2079,8,2
9VUA,1556,8,3
9WIG,1496,7,7
9WIJ,290,1,1
9WIK,1121,5,5
9WIX,444,1,1
9WKR,7062,12,2
9WLR,2106,6,1
9WME,446,2,2
9WMI,1861,6,2
9WMQ,210,3,3
9WNG,685,3,3
9WPF,1560,4,2
9WPH,891,6,6
9WPM,1236,6,6
9WQ3,2031,6,1
9WQ6,261,1,1
9WQA,687,3,3
9WQB,692,3,3
9WS8,416,1,1
9WTO,5065,12,1
9WTX,500,1,1
9WTY,510,1,1
9WTZ,1509,3,1
9WUE,3104,8,1
9WUF,1212,1,1
9WUG,3184,8,1
9WUT,698,2,1
9WUU,703,2,2
9WUV,700,2,1
9WUW,702,2,1
9WUY,711,2,1
9WV1,1571,15,6
9WV9,3203,8,1
9WVC,3169,8,1
9WW9,3152,14,2
9WYK,1500,2,1
9WYP,5239,29,28
9WYT,1758,3,2
9WYX,1710,6,1
9X0Q,1216,3,3
9X0R,1143,3,3
9X0Y,5390,28,2
9X2C,2523,2,1
9X2F,1083,2,2
9X2N,541,2,2
9X35,588,3,3
9X3J,1464,9,3
9X3Y,247,2,2
9X3Z,1073,6,6
9X40,1066,5,5
9X4G,1518,8,4
9X5G,1022,4,4
9X5J,1900,8,3
9X5R,1231,2,2
9X5W,2013,12,4
9X5X,2016,12,4
9X5Z,1606,8,4
9X60,2004,12,4
9X69,9306,58,8
9X74,1108,5,5
9X9K,1804,2,1
9XBS,558,1,1
9XBY,1917,6,5
9XCB,405,1,1
9XCH,680,2,2
9XD0,454,3,3
9XDC,888,2,2
9XDE,2204,4,1
9XDD,841,2,2
9XDB,1734,3,1
9XDA,9826,17,1
9XD4,1477,1,1
9XCM,1145,3,3
9XCA,814,2,1
9XC6,899,4,4
9XB9,2028,8,2
9XB1,512,2,1
9XA3,1461,9,1
9X9T,634,5,5
9X97,828,2,1
9X95,415,1,1
9X8X,828,2,1
9X6D,4557,27,5
9X65,1864,8,3
9X61,1944,12,4
9X5Y,1995,12,4
9X5F,771,2,2
9X58,1620,6,3
9X57,1630,4,1
9X4C,1142,2,2
9X4B,1142,2,2
9X4A,1140,2,2
9X49,1142,2,2
9X48,1142,2,2
9X47,1142,2,2
9X46,1142,2,2
9X41,242,1,1
9X3S,681,4,3
9X3R,5355,15,6
9X3Q,2450,7,5
9X3P,16758,34,3
9X3O,2445,12,5
9X3K,822,3,1
9X2M,1041,6,2
9X2B,4733,2,1
9X2A,4764,2,1
9X29,2523,2,1
9X28,1657,1,1
9X22,1019,5,5
9X20,1262,6,6
9X1V,1834,5,2
9X1L,4278,8,2
9X0X,5390,28,2
9X0W,5348,28,2
9X0L,4080,24,1
9X0K,4104,24,1
9X0J,995,5,5
9X0F,5292,18,1
9X0C,1796,4,1
9X0B,1626,4,1
9X05,1010,5,5
9X04,1542,1,1
9WZX,1485,1,1
9WZV,1529,1,1
9WZU,1527,1,1
9WZT,1526,1,1
9WZS,1542,1,1
9WZ3,5364,18,1
9WYV,1692,6,1
9WYM,1433,2,1
9WYL,1704,2,1
9WY8,2970,6,1
9WY1,1521,1,1
9WXP,42376,220,30
9WXF,4700,12,1
9WXB,3324,8,4
9WX9,540,1,1
9WX7,540,1,1
9WWA,2278,7,4
9WV7,2516,4,1
9WV6,2536,4,1
9WV5,2516,4,1
9WV3,986,12,6
9WV2,969,11,6
9WUP,2048,2,1
9WUM,793,3,3
9WUK,2050,2,1
9WUD,1598,2,1
9WUC,2050,2,1
9WT2,828,2,1
9WT1,11088,30,3
9WT0,2329,4,2
9WSZ,11406,12,2
9WSR,1192,3,3
9WSQ,2384,6,3
9WSO,1626,5,2
9WSN,1179,5,2
9WSD,1210,4,1
9WS4,1174,1,1
9WRL,2700,6,1
9WRK,6244,14,1
9WRE,2034,6,1
9WQV,2866,37,7
9WQR,760,4,2
9WQO,1540,2,1
9WQN,2432,6,5
9WQM,2428,6,5
9WQL,2426,6,5
9WQK,2418,6,5
9WQ5,1118,5,5
9WQ2,736,2,1
9WQ0,760,4,2
9WPZ,760,4,2
9WPY,760,4,2
9WPX,1115,5,5
9WPQ,1115,5,5
9WPL,760,4,2
9WPG,1523,4,2
9WPE,1536,4,2
9WP6,3891,10,1
9WNU,4148,12,2
9WNS,2887,10,2
9WNF,1075,4,4
9WND,1094,4,4
9WNB,8544,32,1
9WMR,182,1,1
9WMP,540,1,1
9WMO,540,1,1
9WMN,540,1,1
9WMM,540,1,1
9WML,541,1,1
9WMJ,4096,16,1
9WMD,741,1,1
9WLS,3267,17,17
9WLB,643,5,5
9WLA,643,5,5
9WKZ,8544,32,1
9WK1,2626,8,1
9WJS,1170,2,2
9WJ0,1691,3,2
9WIF,9289,35,3
9XDQ,906,4,4
9XFG,2055,6,6
9XFH,912,2,2
9XFI,906,4,4
9XFO,2081,6,6
9XGV,8392,16,2
9XGW,416,3,3
9XGX,417,3,3
9XH2,1277,6,6
9XI0,6246,12,4
9XI2,1224,4,4
9XI7,6246,12,4
9XIP,5832,12,1
9XIR,6192,12,1
9XIX,1152,6,6
9XIY,1260,6,6
9XJ5,1213,6,6
9XJ7,1270,6,6
9XJP,1343,6,6
9XKA,1145,2,2
9XKL,2735,2,1
9XKO,368,1,1
9XNZ,3423,3,1
9XO1,3782,7,3
9XO3,3264,3,1
9XO5,2946,3,1
9XPE,10284,24,2
9XRL,35602,73,16
9XTJ,9056,6,3
9XVG,1295,2,1
9XW5,1249,2,2
9XW7,834,1,1
9XW8,856,1,1
9XWM,660,5,5
9XWN,657,5,5
9XXT,1044,5,5
9XY4,1279,4,4
9XYE,2199,7,2
9XZG,523,2,2
9XZK,492,2,2
9Y09,3294,6,1
9Y3P,3709,10,6
9Y3Q,3662,10,5
9Y3V,4126,12,6
9Y4W,3907,11,6
9Y5M,3365,6,1
9Y5R,4030,12,6
9Y61,433,2,2
9Y63,687,3,1
9Y67,1708,1,1
9Y6G,3525,3,1
9Y6N,735,3,1
9Y6T,1446,6,1
9Y70,1812,4,1
9Y71,1700,4,1
9Y72,2892,12,1
9Y7C,640,5,5
9Y7M,582,3,3
9Y7N,482,3,3
9Y80,1726,5,1
9Y93,1116,4,1
9Y9X,93,3,1
9YA9,570,3,2
9YBY,2652,18,6
9YCH,12699,28,6
9YCI,12680,28,6
9YCJ,12488,28,6
9YCX,1154,6,6
9YCY,1150,6,6
9YDO,30589,156,5
9YDW,2196,10,4
9YDX,4896,34,1
9YE6,2046,5,4
9YE7,2029,5,4
9YE8,2031,5,4
9YEI,2032,5,4
9YEH,2027,5,4
9YEE,12773,49,3
9YEC,36049,182,6
9YDT,31291,156,5
9YDS,17052,116,2
9YD0,12046,27,5
9YCD,1117,1,1
9YC5,606,3,3
9YBP,990,1,1
9YBM,1518,1,1
9YBL,2071,2,1
9YB4,4078,12,4
9YB3,4078,12,4
9YAZ,5531,17,5
9Y9V,3108,18,6
9Y9M,2854,10,4
9Y9L,3013,11,4
9Y9J,3008,12,3
9Y9G,2552,4,1
9Y9F,2554,4,1
9Y9D,2552,4,1
9Y96,1730,5,1
9Y95,1718,5,1
9Y94,1713,5,1
9Y90,2463,12,4
9Y8Z,1745,5,1
9Y7Z,1730,5,1
9Y7X,1732,5,1
9Y7W,1731,5,1
9Y7P,1735,5,1
9Y7O,1840,4,1
9Y7L,585,3,3
9Y7J,212,1,1
9Y7I,1101,1,1
9Y75,1600,4,1
9Y73,1628,4,1
9Y6P,1792,4,1
9Y6F,860,2,2
9Y68,1700,1,1
9Y5U,3670,10,5
9Y5T,3667,10,5
9Y5S,3682,10,5
9Y5O,3104,6,1
9Y5N,3158,6,1
9Y5L,3525,3,1
9Y5J,1612,4,1
9Y5I,1600,4,1
9Y52,2826,11,3
9Y4T,1152,1,1
9Y4B,4116,12,6
9Y4A,4968,12,1
9Y3U,3613,10,5
9Y3T,3657,10,6
9Y2C,987,1,1
9Y2B,3904,4,1
9Y2A,3948,4,1
9Y1V,93,3,1
9Y1Q,1179,3,3
9Y0C,3294,6,1
9Y0B,3264,6,1
9Y08,3264,6,1
9Y07,3294,6,1
9Y06,3264,6,1
9Y05,6672,12,1
9Y04,3294,6,1
9Y03,3264,6,1
9XZY,1912,1,1
9XZX,474,3,3
9XZN,580,1,1
9XWG,3057,3,1
9XWA,2204,4,2
9XVV,2076,3,2
9XVR,3471,3,1
9XVP,2054,3,2
9XVI,2964,4,2
9XVE,1280,2,1
9XUS,1748,4,2
9XUR,1758,4,2
9XUO,1160,2,2
9XUM,1748,4,2
9XUL,1720,4,2
9XUK,1726,4,2
9XTU,685,5,5
9XTI,3382,4,2
9XSM,1154,2,2
9XSG,965,4,2
9XRO,957,3,3
9XQS,11498,28,8
9XQN,592,3,3
9XQC,1124,5,5
9XQB,453,3,3
9XPS,4640,15,6
9XPF,11376,24,2
9XOU,2870,9,3
9XO4,3086,3,1
9XO2,3621,5,3
9XO0,3963,9,3
9XNY,1323,3,3
9XNX,1147,1,1
9XNP,1156,2,2
9XNO,1154,2,2
9XMM,690,3,3
9XJW,1047,5,5
9XJM,1508,4,1
9XJL,1630,4,1
9XJK,617,3,3
9XJ9,4096,21,20
9XJ1,3440,18,18
9XIQ,3096,6,1
9XI9,1061,5,5
9XI8,612,3,3
9XI6,1224,4,4
9XI5,6246,12,4
9XI4,1224,4,4
9XI1,1224,4,4
9XHY,1224,4,4
9XHI,1213,6,5
9XHH,1216,6,5
9XGC,1440,4,3
9XGB,1366,3,3
9XFJ,518,2,2
9XF4,911,5,5
9XED,2028,8,2
9XDR,902,4,4
9YEL,2042,5,4
9YEM,3120,18,4
9YET,2042,5,4
9YF4,26688,96,7
9YF9,7704,12,1
9YFD,9000,8,1
9YFG,52997,298,8
9YFT,1832,14,3
9YG4,831,2,2
9YGH,704,7,3
9YGJ,3087,4,4
9YGN,4232,9,3
9YGQ,4023,7,3
9YGT,1774,1,1
9YGV,5060,29,27
9YH6,73994,407,13
9YH7,73994,407,13
9YHA,794,2,1
9YHO,2385,12,4
9YHQ,2373,12,4
9YHR,2367,12,4
9YIF,2373,12,4
9YIG,2387,12,4
9YIK,1662,6,2
9YIX,8550,12,3
9YJZ,1164,2,1
9YKV,1370,4,3
9YKW,1354,4,3
9YLB,1363,3,3
9YLF,1291,3,3
9YLV,3540,12,1
9YMJ,3045,15,5
9YMK,3081,18,6
9YML,3102,18,6
9YNF,3038,1,1
9YNR,1217,4,3
9YOP,2411,6,3
9YP8,8808,12,1
9YPB,3804,7,3
9YPR,3546,7,3
9YQO,3102,18,6
9YR7,2454,6,3
9YSK,2989,3,1
9YTS,1784,10,5
9YUZ,6246,28,14
9YVO,3464,4,1
9YW2,323,3,3
9YWS,562,4,4
9YX6,2706,3,1
9YXQ,5950,14,3
9Z04,1974,6,1
9Z05,1944,6,1
9Z06,1892,6,1
9Z1W,3972,4,1
9Z1X,364,1,1
9Z1Y,364,1,1
9Z2D,2944,8,1
9Z2V,2104,8,1
9Z4A,3469,11,3
9Z4H,815,2,2
9Z4J,1383,3,1
9Z4W,62530,78,1
9Z5N,3653,39,1
9Z61,705,3,3
9Z62,696,3,3
9Z6N,605,2,1
9Z76,840,3,3
9Z7B,1192,3,3
9Z7R,610,2,1
9Z7S,584,2,1
9Z7T,595,2,1
9Z7U,4360,16,1
9Z81,2280,12,1
9Z82,2280,12,1
9Z8F,2244,12,1
9Z9G,2196,12,1
9Z9L,2390,12,6
9Z9W,2244,12,1
9Z9S,2244,12,1
9Z9H,2220,12,1
9Z9B,2208,12,1
9Z8M,2208,12,1
9Z8L,2244,12,1
9Z7W,2184,12,1
9Z7P,2184,12,1
9Z7A,1204,3,3
9Z79,1172,3,3
9Z78,1239,3,3
9Z77,1192,3,3
9Z6W,1144,8,4
9Z6V,1138,8,5
9Z6U,1156,8,4
9Z6T,1992,4,1
9Z67,1630,4,2
9Z66,705,3,3
9Z64,694,3,3
9Z63,705,3,3
9Z60,694,3,3
9Z5U,423,3,3
9Z5I,445,1,1
9Z4O,481,1,1
9Z4I,487,1,1
9Z49,3776,12,3
9Z3Y,225,1,1
9Z3K,1212,3,1
9Z3J,895,5,5
9Z32,972,3,1
9Z2M,2104,8,1
9Z2F,2944,8,1
9Z27,3972,4,1
9Z26,364,1,1
9Z25,3972,4,1
9Z24,338,1,1
9Z23,3972,4,1
9Z22,3896,4,1
9Z21,3972,4,1
9Z20,3896,4,1
9Z1Z,3888,4,1
9Z1N,395,2,2
9Z1M,3633,6,2
9Z18,577,3,3
9Z12,568,3,3
9Z0P,2736,8,1
9Z0E,1163,3,2
9Z03,793,1,1
9YYV,852,3,1
9YYU,1215,9,3
9YYD,1077,1,1
9YXX,446,2,1
9YX8,585,3,1
9YX7,434,2,1
9YWQ,825,1,1
9YW0,3083,3,1
9YVP,3732,4,1
9YVN,3456,4,1
9YVM,3804,4,1
9YVL,3804,4,1
9YVK,3860,4,1
9YVI,3267,3,1
9YVH,3168,3,1
9YVG,3098,3,1
9YUY,6284,28,14
9YTC,1140,5,5
9YTA,1140,5,5
9YT7,510,2,1
9YT6,508,2,1
9YT4,510,2,1
9YSS,761,2,2
9YSR,757,2,2
9YSJ,3024,3,1
9YSG,1141,5,5
9YRQ,1640,8,3
9YRH,2440,6,3
9YRG,2408,6,3
9YRC,3568,9,4
9YRB,1638,8,3
9YR4,479,2,2
9YQQ,1739,1,1
9YQL,476,1,1
9YQK,1123,2,2
9YQ8,1921,5,5
9YQ6,1794,10,5
9YP9,2468,6,3
9YP6,4404,6,1
9YOV,1624,4,2
9YOU,1480,2,1
9YOT,1602,4,2
9YOS,1636,4,2
9YOR,1494,2,1
9YOK,3409,5,3
9YNK,4785,4,1
9YNC,7224,10,4
9YNB,905,1,1
9YMZ,4700,4,1
9YLI,8756,4,1
9YKY,8760,4,1
9YKK,8776,4,1
9YK0,1154,2,1
9YIM,2403,7,3
9YI4,1460,5,1
9YI2,546,2,1
9YHB,794,2,1
9YH1,16929,33,1
9YH0,35347,182,6
9YGZ,1150,5,5
9YGU,16764,33,1
9YGR,432,3,3
9YGP,922,4,3
9YGO,4223,9,3
9YGI,704,7,3
9YGF,706,7,4
9YG5,1020,2,2
9YFW,564,1,1
9YFU,891,4,4
9YF0,2009,5,4
9YEX,2034,5,4
9YEU,2030,5,4
9YER,2029,5,4
9YEO,2658,14,4
9YEK,2031,5,4
9Z9X,2220,12,1
9ZA1,1584,8,1
9ZA3,2208,12,1
9ZA4,2202,12,1
9ZAW,912,2,1
9ZB9,1570,6,1
9ZBA,282,1,1
9ZBC,1524,6,1
9ZBD,1674,6,1
9ZBJ,3654,4,4
9ZBS,9006,36,4
9ZBV,463,4,1
9ZCP,3328,4,1
9ZCQ,3896,4,1
9ZCR,3632,4,1
9ZCW,31560,60,1
9ZD3,5916,6,3
9ZD4,5938,6,3
9ZDY,463,4,1
9ZEZ,3632,4,1
9ZHH,1320,12,1
9ZJS,2164,2,1
9ZKR,1203,8,5
9ZKS,2267,9,5
9ZKW,2130,7,4
9ZLC,208,1,1
9ZLF,206,1,1
9ZLK,897,1,1
9ZOF,3457,13,13
9ZOH,3441,13,13
9ZPL,3826,12,12
9ZPO,1900,8,2
9ZPT,1628,8,2
9ZPY,1800,4,1
9ZQ0,1800,4,1
9ZQS,2952,6,1
9ZQT,5916,12,1
9ZQU,2946,6,1
9ZQY,1316,6,3
9ZR7,494,3,3
9ZRK,2024,8,2
9ZRL,1640,8,2
9ZRQ,2028,8,2
9ZRS,656,5,5
9ZRX,1965,8,4
9ZRY,1961,8,4
9ZS7,1380,4,1
9ZT7,1673,5,3
9ZTJ,2147,9,3
9ZTK,987,3,3
9ZUB,986,3,3
9ZUN,988,3,3
9ZV0,2160,9,3
9ZV1,2133,9,3
9ZV4,2157,9,3
9ZV9,2166,9,3
9ZVH,2115,9,3
9ZVL,2169,9,3
9ZVV,1065,4,1
9ZW3,1056,4,1
9ZW4,809,3,1
9ZWE,3099,15,5
9ZWK,1452,4,4
9ZWL,1455,4,4
9ZWM,1455,4,4
9ZWN,1445,4,4
9ZWO,1449,4,4
9ZZO,1147,5,5
9ZZM,2560,8,2
9ZZJ,2011,6,2
9ZYS,2644,9,2
9ZXD,718,3,3
9ZXC,721,3,3
9ZVX,985,4,4
9ZVM,898,2,1
9ZTC,1350,1,1
9ZT8,1278,3,1
9ZT6,1445,5,3
9ZT5,1413,5,3
9ZRZ,1959,8,4
9ZRT,443,3,3
9ZRR,2020,8,2
9ZRJ,2513,12,2
9ZQR,5885,12,1
9ZQ1,1796,4,1
9ZPZ,1796,4,1
9ZPX,1800,4,1
9ZPW,1796,4,1
9ZPV,1800,4,1
9ZPK,3965,12,12
9ZNO,662,2,1
9ZNN,771,2,1
9ZND,18068,12,3
9ZNA,18016,12,3
9ZN9,18016,12,3
9ZN8,18016,12,3
9ZN7,18016,12,3
9ZN6,17980,12,3
9ZM2,1896,4,1
9ZLY,7755,15,1
9ZLH,206,1,1
9ZL7,208,1,1
9ZKV,1968,6,3
9ZKU,2317,9,6
9ZKT,1201,9,5
9ZKQ,2286,8,5
9ZKP,1139,8,4
9ZKO,2215,8,4
9ZKN,1253,8,4
9ZKM,2316,8,4
9ZKE,206,1,1
9ZKD,208,1,1
9ZKC,208,1,1
9ZKA,208,1,1
9ZK9,208,1,1
9ZK8,208,1,1
9ZJZ,1121,1,1
9ZJW,2234,2,1
9ZJV,1803,2,1
9ZJU,2242,2,1
9ZJT,4513,18,15
9ZJR,1121,1,1
9ZJN,913,3,2
9ZFZ,981,9,3
9ZFY,902,5,3
9ZFO,827,3,3
9ZF0,3844,4,1
9ZDX,1094,2,1
9ZDW,12636,36,3
9ZDQ,1082,4,2
9ZD8,13914,63,10
9ZD5,776,4,1
9ZD2,1958,9,2
9ZD1,5924,6,3
9ZD0,1065,3,1
9ZCZ,988,4,1
9ZCY,5822,4,2
9ZCV,4008,4,1
9ZCU,3884,4,1
9ZCO,3896,4,1
9ZCN,3328,4,1
9ZBK,4149,5,5
9ZBI,2409,9,2
9ZBB,234,1,1
9ZB5,1800,10,5
