emd_id,pdb_id
13940,7QET
27672,8DR6
22833,7KE7
31168,7EKI
33395,7XQG
23895,7MKI
20576,6Q2O
22362,7JK5
22822,7KDH
31950,7VFE
23827,7MGE
30784,7DNI
23897,7MKJ
13068,7OTW
25423,7STB
32049,7VO9
15417,8AG6
25745,7T8T
32852,7WVF
23213,7L7I
26567,7UJN
10095,6S3R
27893,8E4N
11332,6ZP0
30028,6M02
15914,8B8J
25363,7SOY
26540,7UI6
27285,8DBI
26128,7TU7
25986,7TLB
32357,7W8J
23722,7M9B
26156,7TX7
4219,6FAY
33337,7XO5
20860,6URG
25226,7SNH
26480,7UFT
24486,7RJE
31912,7VDA
7348,6C6L
26356,7U5N
20152,6OPP
13256,7P8W
24439,7RFE
26047,7TP7
13937,7QEQ
20354,6PK4
22972,7KOD
28879,8F6C
13076,7OUG
21407,6VVY
20541,6PZZ
14220,7R06
11204,6ZGF
30555,7D3E
11150,6ZBC
22835,7KE9
25756,7T9F
26436,7UB6
26625,7UNK
23816,7MFG
31053,7EBF
15635,8AT6
12665,7NZM
23952,7MR0
11153,6ZBF
30416,7CN4
25873,7TFI
28560,8ERT
23971,7MSX
6714,5XB1
14117,7QPC
21409,6VW0
23520,7LUC
23135,7L2O
23638,7M2Z
26126,7TU5
0828,6L42
27025,8CWL
15527,8AMW
12701,7OQH
21461,6VYI
31911,7VD9
21991,6X17
9590,6ACF
24078,7MY3
26129,7TU8
22137,6XDG
24454,7RGQ
33300,7XML
21383,6VTT
23146,7L2Z
24524,7RLB
24794,7S15
13467,7PKB
31715,7V4L
23706,7M6S
32591,7WLR
32568,7WKS
27286,8DBJ
22456,7JSJ
31490,7F8N
21593,6WBM
27394,8DEP
30587,7D61
3699,5NV3
15804,8B1T
12739,7O6P
23815,7MFF
27287,8DBK
26481,7UFU
14445,7Z19
31048,7EB0
14116,7QPA
24700,7RU9
34034,7YQT
21406,6VVX
26355,7U5M
25413,7SSS
4608,6QNT
32773,7WTA
7297,6BWD
9875,6JQN
32446,7WEC
0730,6KNF
20040,6OF2
22274,6XNZ
12686,7O11
13077,7OUH
20153,6OPQ
12687,7O12
23300,7LF6
30115,6M67
21042,6V4N
14858,7ZPM
31468,7F5V
23115,7L1Q
23595,7LYM
10888,6YRF
32933,7X13
27291,8DBN
25558,7SZ0
30035,6M0S
23124,7L6O
21141,6VAK
0827,6L3V
33836,7YHQ
23892,7MKD
23806,7MEX
26127,7TU6
26443,7UCG
27799,8DZI
20584,6TYS
20090,6OMF
14115,7QP9
15805,8B1U
29714,8G46
30810,7DPT
15646,8ATD
30462,7CTE
30527,7D09
10493,6TFK
25170,7SK2
23134,7L2N
13938,7QER
11191,6ZG1
23117,7L1S
4733,6R69
24701,7RUA
22829,7KDT
10217,6SJG
9906,6K1H
24441,7RFG
9873,6JQL
27891,8E4L
23412,7LL2
23049,7KVF
16783,8CPM
20770,6UHC
4734,6R6B
7876,6DFH
10203,6SHQ
32928,7X0X
22838,7KEC
0750,6KQ4
9954,6KA4
26838,7UWQ
23902,7MKP
23000,7KR2
0991,6LVE
0071,6GVE
20993,6V0C
32351,7W84
31913,7VDC
15028,7ZYY
22836,7KEA
13179,7P3F
26055,7TPH
28269,8EN7
22755,7K9X
31489,7F8J
11676,7A7A
0510,6NTS
26361,7U66
31712,7V4I
0751,6KQ8
16788,8CPW
28274,8ENN
30988,7E4X
23312,7LG6
23947,7MQH
8946,6E0F
24530,7RLH
32744,7WS5
24526,7RLD
22337,7JHH
9116,6MHQ
25985,7TLA
21459,6VYG
11151,6ZBD
13819,7Q4W
32509,7WHR
21575,6W8N
20706,6UA5
27080,8CYJ
21708,6WKT
23708,7M74
30499,7CYF
0749,6KPK
11330,6ZOY
20691,6U8S
25225,7SNG
13182,7P3Q
14435,7Z0Z
11852,7APD
20224,6OZC
31915,7VDE
8908,6DRV
21811,6WKW
10903,6YSN
20041,6OF3
9391,6NJP
22168,6XFA
30601,7D74
27796,8DZF
21257,6VO1
20742,6UDP
30766,7DMP
0721,6KLX
15212,8A6T
14587,7ZBN
27174,8D44
20687,6U8E
23325,7LGJ
31562,7FES
9104,6MDR
21917,6WUN
10692,6Y5A
24528,7RLF
33315,7XNH
14774,7ZL1
26733,7USD
26961,8CSA
20994,6V0D
13474,7PKO
27699,8DTI
26479,7UFS
3999,6EZJ
13316,7PC2
4907,6RKD
12696,7O1Q
22521,7JY5
28275,8ENO
16784,8CPS
30498,7CYE
13581,7PPJ
20642,6U59
28259,8EMQ
25227,7SNI
13691,7PX8
32540,7WIY
4754,6R8B
15389,8AEY
0485,6NQD
24981,7SBK
27175,8D45
24540,7RLT
12740,7O6Q
22758,7KA4
26161,7TXV
26442,7UC2
12591,7NTM
22837,7KEB
11155,6ZBH
0690,6J6K
23893,7MKE
13108,7OY2
26831,7UWF
13753,7Q13
26360,7U65
22352,7JJI
9913,6K43
16789,8CPX
23048,7KVE
13050,7OSG
13665,7PV4
11211,6ZH2
10495,6TG9
13320,7PCH
0731,6KNG
13364,7PF1
28147,8EHG
30600,7D73
12738,7O6E
26362,7U67
13469,7PKE
21371,6VRS
21408,6VVZ
21376,6VSC
20707,6UAJ
14385,7YYO
9041,6EEC
26397,7U9G
21652,6WFQ
13178,7P37
12938,7OJ5
25570,7SZJ
31497,7F94
20521,6PXM
10101,6S61
23608,7LZJ
33861,7YIM
12043,7B5P
0747,6KPI
11336,6ZP5
20217,6OWT
21458,6VYF
15528,8AMX
0988,6LVB
23807,7MEY
13960,7QH2
0488,6NR3
24629,7RQ7
22807,7KCB
10199,6SHJ
25224,7SNF
0689,6J6J
9798,6JCV
20812,6UKT
11156,6ZBJ
16786,8CPU
21576,6W8O
0748,6KPJ
10201,6SHN
22682,7K5K
0989,6LVC
30785,7DNJ
21375,6VSB
23210,7L7B
24529,7RLG
23311,7LG5
30583,7D5K
13062,7OTM
32083,7VQ2
27010,8CVN
9799,6JCW
13476,7PKP
9390,6NJO
21442,6VXK
7006,6AUI
10691,6Y59
26428,7UAL
13641,7PTV
24852,7S67
32211,7VYQ
10208,6SI8
30556,7D3F
27892,8E4M
21997,6X29
24547,7RLU
31968,7VGG
9971,6KFF
22824,7KDJ
4905,6RJH
0636,6O6R
11154,6ZBG
13159,7P1H
26458,7UDS
22305,6XSS
10693,6Y5B
26030,7TOE
0742,6KPA
23411,7LL1
16785,8CPT
23012,7KRS
23187,7L5J
24984,7SBP
9910,6K3O
22902,7KJY
13499,7PLS
26667,7UPI
7113,6BLY
9592,6ACH
26478,7UFR
24722,7RX2
4668,6QXF
10496,6TGA
6830,5YI5
32756,7WSF
32510,7WHS
33600,7Y42
22610,7K0R
21904,6WU3
33309,7XN3
11157,6ZBL
20080,6OIS
13520,7PM4
10337,6SXA
30083,6M52
11587,6ZZU
22156,6XEY
20708,6UAN
7114,6BM0
12806,7OCF
31946,7VF2
30535,7D0I
24121,7N1Q
0499,6NSK
27945,8E8O
10370,6T2V
32960,7X27
26354,7U5L
20042,6OF4
25804,7TC7
7436,6C9I
27670,8DR4
31104,7EG1
0631,6O6A
4761,6R8U
22279,6XOT
23328,7LGQ
22910,7KKL
15961,8BC3
22416,7JPN
9196,6MRD
21959,6WXH
13054,7OSL
30599,7D72
33540,7Y0D
0752,6KQJ
31560,7FEQ
23884,7MK2
0632,6O6B
30999,7E7D
33458,7XU4
33456,7XU2
22817,7KCQ
8947,6E0G
27020,8CVX
6975,5ZX5
13752,7Q12
31711,7V4H
7784,6D04
30022,6LZ3
16787,8CPV
0706,6KLC
11987,7B2L
25718,7T6L
13053,7OSJ
10369,6T2U
7850,6DBU
28333,8EOB
23945,7MQF
21150,6VD7
31559,7FEP
31561,7FER
7770,6CVM
31619,7FJE
31339,7EVP
15041,7ZZY
32382,7WAD
32485,7WGR
21588,6WBF
7785,6D05
0560,6NZU
22757,7KA3
30084,6M54
20151,6OPO
22805,7KC2
21577,6W8P
13064,7OTP
14149,7QUN
13052,7OSI
26835,7UWL
31105,7EG4
23116,7L1R
22048,6X5B
28273,8ENM
24987,7SBS
23948,7MQI
0740,6KOU
20212,6OVH
11185,6ZFP
24982,7SBL
33459,7XU5
22221,6XKL
11210,6ZGL
30707,7DKJ
9039,6EE8
13049,7OSF
24238,7N8N
21589,6WBG
14705,7ZG7
32381,7WAC
30811,7DPW
15960,8BC2
11776,7AG8
31432,7F3E
27070,8CY8
13051,7OSH
30021,6LZ1
31103,7EG0
10347,6SYT
24123,7N1U
14147,7QUC
26477,7UFM
22756,7KA2
22278,6XOS
23594,7LYL
0683,6J5W
13743,7Q0B
11331,6ZOZ
10279,6SP2
13075,7OUF
29028,8FEI
10402,6T8O
31469,7F5X
13035,7OQZ
11215,6ZH6
14522,7Z5J
26957,8CRS
11213,6ZH4
30995,7E5Z
0990,6LVD
31491,7F8O
24122,7N1T
24347,7RA8
10216,6SJF
