emdb_num,domain,cc_mask,cc_volume,cc_peaks,error
70609,fold_9om7_1_model_0_chain_A_domain_02,0.0064,0.001,-0.4311,
70609,fold_9om7_1_model_0_chain_A_domain_03,0.3075,0.3518,-0.2091,
70609,fold_9om7_1_model_0_chain_B_domain_02,0.3187,0.3669,-0.2562,
70609,fold_9om7_1_model_0_chain_B_domain_03,0.2868,0.3326,-0.2143,
70609,fold_9om7_1_model_0_chain_C_domain_01,0.0608,0.0642,-0.4595,
70609,fold_9om7_1_model_0_chain_C_domain_03,0.3053,0.3497,-0.207,
70609,fold_9om7_1_model_0_chain_D_domain_02,0.0743,0.0872,-0.3828,
70609,fold_9om7_1_model_0_chain_D_domain_03,0.304,0.3461,-0.2122,
70609,fold_9om7_1_model_0_chain_E_domain_02,0.0467,0.0645,-0.4522,
70609,fold_9om7_1_model_0_chain_E_domain_03,0.0387,0.0363,-0.4176,
70609,fold_9om7_1_model_0_chain_F_domain_02,0.0375,0.036,-0.4268,
70609,fold_9om7_1_model_0_chain_F_domain_03,0.3138,0.3542,-0.2046,
71787,fold_9pqo_1_model_0_chain_A_domain_01,-0.0098,-0.0171,-0.7179,
71787,fold_9pqo_1_model_0_chain_D_domain_01,0.0661,0.0527,-0.6989,
79027,fold_38pa_1_model_0_chain_A_domain_01,0.086,0.0821,-0.3835,
79027,fold_38pa_1_model_0_chain_A_domain_02,0.5907,0.617,-0.21,
79027,fold_38pa_1_model_0_chain_A_domain_03,0.5307,0.5386,-0.1075,
79027,fold_38pa_1_model_0_chain_B_domain_01,0.5864,0.6038,-0.0799,
79027,fold_38pa_1_model_0_chain_B_domain_02,0.6495,0.6649,-0.1352,
79027,fold_38pa_1_model_0_chain_B_domain_03,0.5259,0.5393,-0.0982,
79027,fold_38pa_1_model_0_chain_C_domain_01,0.0806,0.0865,-0.4771,
79027,fold_38pa_1_model_0_chain_C_domain_02,0.6528,0.6755,-0.1231,
79027,fold_38pa_1_model_0_chain_C_domain_03,0.1087,0.11,-0.4951,
