pdb_id,size_bin,res_bin,rank,resolution,residue_count,chain_count,protein_entity_count,emdb_ids,max_identity,title,best_hit_identity_pct,best_hit_coverage_pct,best_hit_alnlen,leakage_verdict
38PA,large,high (2.2-2.8),6,2.7,2476,4,1,EMD-79027,0.0,Cryo EM structure of a formate acetyltransferase (PFL) from Amygdalobacter nucleatus in complex with CoA,60.0,2.2,15,"CLEAN (best hit is short/low-coverage, not real homology)"
9XTI,large,low (3.4-4.0),0,3.73,3382,4,2,EMD-67233,0.0,The focused structure of the C-terminal lobe of the human UBR4-KCMF1-Calmodulin complex,50.0,1.7,26,"CLEAN (best hit is short/low-coverage, not real homology)"
9Z49,large,mid (2.8-3.4),1,3.08,3776,12,3,EMD-73799,0.0,Cryo-EM structure of the human PRMT5:MEP50:pICln complex at a 4:4:4 stoichiometric ratio,50.0,4.6,14,"CLEAN (best hit is short/low-coverage, not real homology)"
9UNU,large,near-atomic (<2.2),2,2.18,2299,11,11,EMD-64362,0.0,PSI-1 FCPI supercomplex from haptophyte Chrysotila roscoffensis,60.0,14.9,10,"CLEAN (best hit is short/low-coverage, not real homology)"
10AC,medium,high (2.2-2.8),0,2.47,1206,3,1,EMD-75023,0.0,Cryo-EM structure of major outer membrane protein (PorA) in C. jejuni,52.9,4.0,17,"CLEAN (best hit is short/low-coverage, not real homology)"
13BV,medium,low (3.4-4.0),0,3.77,1976,4,4,EMD-76934,0.0,Cryo-EM structure of human PI3KC3-C1 complex,80.0,1.1,10,"CLEAN (best hit is short/low-coverage, not real homology)"
9OM7,medium,mid (2.8-3.4),1,3.3,1573,6,1,EMD-70609,0.0,"BtCap14 SAVED domain + 2',3'-cGAMP",72.7,2.9,11,"CLEAN (best hit is short/low-coverage, not real homology)"
9PXL,medium,near-atomic (<2.2),3,2.11,2044,8,2,EMD-71973,0.0,CryoEM structure of Ndh-Ncp complex from Bacillus subtilis,100.0,15.9,28,"CLEAN (best hit is short/low-coverage, not real homology)"
9UWY,small,high (2.2-2.8),0,2.48,966,3,1,EMD-64568,0.0,Cryo-EM structure of the human P2X2 receptor in the ATP-bound desensitised state,70.0,2.1,10,"CLEAN (best hit is short/low-coverage, not real homology)"
9K88,small,low (3.4-4.0),5,3.93,371,1,1,EMD-62164,0.0,"Structure of PfENT1(T144C,K375C) with inosine",52.6,4.7,18,"CLEAN -- 52.6%/18-residue hit vs AMPK training entries (7M74/7JHH) is statistically insignificant, E=63.6 (worse than 10XW's already-insignificant E=36.5); unrelated biology (Plasmodium nucleoside transporter vs human AMP-activated protein kinase); coverage 4.7% means the match spans essentially none of the protein; not real homology"
9PQO,small,mid (2.8-3.4),1,3.1,1075,6,1,EMD-71787,0.0,Cryo-EM structure of ATPgammaS-bound Vientovirus FB Rep pentamer,57.1,6.8,14,"CLEAN (best hit is short/low-coverage, not real homology)"
9W0J,small,near-atomic (<2.2),0,2.09,829,5,5,EMD-65506,0.0,CryoEM structure of EV-D68 strain Fermon in complex with MFSD6-L3-S209A,66.6,3.6,9,"CLEAN (best hit is short/low-coverage, not real homology)"
