metric,method,n,median,ci_lo,ci_hi
TM-score (paper metric),MICA,12,0.966,0.724,0.997
TM-score (paper metric),ModelAngelo,12,0.969,0.697,0.993
TM-score (paper metric),CryoAtom,12,0.993,0.801,0.998
TM-score (paper metric),EModelX,12,0.948,0.807,0.993
Ca match % (paper metric),MICA,12,97.55,73.05,99.7
Ca match % (paper metric),ModelAngelo,12,97.05,85.65,99.5
Ca match % (paper metric),CryoAtom,12,99.55,97.65,99.75
Ca match % (paper metric),EModelX,12,97.05,81.35,99.75
Sequence match % (paper metric),MICA,12,99.05,92.35,99.55
Sequence match % (paper metric),ModelAngelo,12,98.9,96.75,99.9
Sequence match % (paper metric),CryoAtom,12,99.75,97.05,99.9
Sequence match % (paper metric),EModelX,12,98.7,84.4,99.15
Aligned Ca length (paper metric),MICA,12,1643.5,971.5,2197.5
Aligned Ca length (paper metric),ModelAngelo,12,1147.5,875.5,2066.0
Aligned Ca length (paper metric),CryoAtom,12,1405.5,950.5,2165.5
Aligned Ca length (paper metric),EModelX,12,1405.0,923.5,2209.0
Sequence identity (paper metric),MICA,12,0.994,0.954,0.998
Sequence identity (paper metric),ModelAngelo,12,0.99,0.974,0.999
Sequence identity (paper metric),CryoAtom,12,0.994,0.981,1.0
Sequence identity (paper metric),EModelX,12,0.992,0.913,0.998
"CA SCORE (our addition, NOT in paper)",MICA,12,1.54,0.825,1.765
"CA SCORE (our addition, NOT in paper)",ModelAngelo,12,2.31,1.475,3.3
"CA SCORE (our addition, NOT in paper)",CryoAtom,12,2.655,1.87,3.54
"CA SCORE (our addition, NOT in paper)",EModelX,12,1.5,0.73,1.685
