,,comparison,W_stat,p_raw,rank_biserial_r,p_holm
TM_score_ref,0,CryoZeta vs MICA,4.0,0.01367,0.855,0.04102
TM_score_ref,1,CryoZeta vs ModelAngelo,8.0,0.04883,0.709,0.09766
TM_score_ref,2,CryoZeta vs CryoAtom,18.0,0.375,0.345,0.375
TM_score_ref,3,CryoZeta vs EModelX,0.0,0.00195,1.0,0.00781
Aligned_length,0,CryoZeta vs MICA,0.0,0.00391,1.0,0.01172
Aligned_length,1,CryoZeta vs ModelAngelo,0.0,0.00195,1.0,0.00781
Aligned_length,2,CryoZeta vs CryoAtom,3.0,0.07812,0.786,0.07812
Aligned_length,3,CryoZeta vs EModelX,0.0,0.00391,1.0,0.01172
Seq_ID,0,CryoZeta vs MICA,5.5,0.04297,0.756,0.17188
Seq_ID,1,CryoZeta vs ModelAngelo,2.0,0.04688,0.857,0.17188
Seq_ID,2,CryoZeta vs CryoAtom,3.0,0.07812,0.786,0.17188
Seq_ID,3,CryoZeta vs EModelX,5.0,0.04297,0.778,0.17188
