emdb_num,docking_coverage,MICA,ModelAngelo,CryoAtom,EModelX
62164,domain-fusion,0.43855,0.01613,0.3936,0.8467
64568,domain-fusion,0.95733,0.96259,0.84022,0.99259
65506,domain-fusion,0.30693,0.98103,0.99533,0.93549
67233,domain-fusion,0.59327,0.11514,0.37798,0.60603
70609,domain-fusion,0.99771,0.99569,0.99852,0.831
71787,domain-fusion,0.93055,0.92844,0.99837,0.78274
71973,domain-fusion,0.99652,0.99708,0.99714,0.9961
75023,domain-fusion,0.98067,0.99775,0.99953,0.99541
79027,domain-fusion,0.9973,0.84473,0.98597,0.95979
64362,map-only,0.99649,0.99049,0.99668,0.99331
73799,map-only,0.97447,0.97495,0.9916,0.96217
76934,map-only,0.85517,0.54999,0.76236,0.74601
