emdb_id,map_release
EMD-12989,
EMD-21113,2020-03-11
EMD-31583,2021-08-11
EMD-39009,2026-01-07
EMD-39549,2026-06-10
EMD-43082,2026-03-04
EMD-44588,2026-03-18
EMD-44589,2026-03-18
EMD-44630,2026-03-18
EMD-44633,2026-01-21
EMD-44634,2026-01-21
EMD-45172,
EMD-45484,2026-03-11
EMD-45622,2026-01-28
EMD-45640,2026-01-21
EMD-45668,2026-01-28
EMD-45730,2026-03-11
EMD-45731,2026-01-28
EMD-45747,2026-03-04
EMD-45750,2026-03-18
EMD-45775,2026-03-18
EMD-45777,2026-01-21
EMD-45778,2026-01-21
EMD-45779,2026-01-21
EMD-45780,2026-01-21
EMD-45786,2026-01-28
EMD-45922,2026-01-28
EMD-45969,2026-01-21
EMD-45971,2026-01-21
EMD-45972,2026-01-21
EMD-46409,2026-07-22
EMD-46410,2026-07-22
EMD-46600,2026-02-04
EMD-46601,2026-02-04
EMD-46602,2026-02-11
EMD-46743,2026-03-04
EMD-47103,2026-03-18
EMD-47105,2026-03-18
EMD-47146,2026-04-08
EMD-47264,2026-01-21
EMD-47276,2026-05-20
EMD-47277,2026-05-20
EMD-47278,2026-05-20
EMD-47279,2026-01-21
EMD-47280,2026-01-21
EMD-47281,2026-01-21
EMD-47324,2026-02-25
EMD-47328,2026-01-21
EMD-47329,2026-01-21
EMD-47330,2026-01-21
EMD-47331,2026-01-21
EMD-47332,2026-01-21
EMD-47354,2026-02-18
EMD-47355,2026-02-18
EMD-47361,2026-03-18
EMD-47484,2026-03-18
EMD-47503,2026-01-21
EMD-47504,2026-01-21
EMD-47505,2026-01-21
EMD-47506,2026-01-21
EMD-47507,2026-01-21
EMD-47508,2026-01-21
EMD-47509,2026-01-21
EMD-47510,2026-01-21
EMD-47511,2026-01-21
EMD-47512,2026-01-21
EMD-47513,2026-01-21
EMD-47527,2026-03-18
EMD-47528,2026-03-18
EMD-47529,2026-03-18
EMD-47530,2026-03-18
EMD-47570,2026-01-21
EMD-47676,2026-03-18
EMD-47768,2026-02-11
EMD-47792,2026-02-11
EMD-47793,2026-02-11
EMD-47874,2026-01-21
EMD-47875,2026-01-21
EMD-47877,2026-05-13
EMD-47898,2026-01-21
EMD-47901,2026-03-18
EMD-47947,2026-02-04
EMD-47948,2026-02-04
EMD-47949,2026-02-04
EMD-47954,2026-02-04
EMD-47956,2026-04-15
EMD-47957,2026-04-15
EMD-47958,2026-04-15
EMD-47959,2026-04-01
EMD-47960,2026-04-15
EMD-47961,2026-04-15
EMD-47963,2026-04-15
EMD-47964,2026-04-15
EMD-47965,2026-04-15
EMD-47966,2026-04-15
EMD-47973,2026-04-08
EMD-47978,2026-04-08
EMD-47979,2026-03-18
EMD-47988,2026-04-08
EMD-48116,2026-01-07
EMD-48304,2026-08-05
EMD-48318,2026-08-05
EMD-48320,2026-08-05
EMD-48325,2026-04-15
EMD-48326,2026-06-24
EMD-48385,2026-01-28
EMD-48407,2026-01-21
EMD-48408,2026-01-21
EMD-48409,2026-01-21
EMD-48410,2026-01-21
EMD-48411,2026-01-21
EMD-48419,2026-04-22
EMD-48430,2026-01-14
EMD-48458,2026-01-28
EMD-48459,2026-01-28
EMD-48460,2026-01-28
EMD-48491,2026-04-08
EMD-48508,2026-01-21
EMD-48509,2026-01-21
EMD-48534,2026-04-08
EMD-48602,2026-01-21
EMD-48632,2026-01-28
EMD-48638,2026-02-25
EMD-48648,2026-01-21
EMD-48664,2026-07-22
EMD-48666,2026-07-22
EMD-48667,2026-07-22
EMD-48709,2026-09-09
EMD-48711,2026-09-09
EMD-48712,2026-09-09
EMD-48715,2026-06-03
EMD-48723,2026-04-22
EMD-48754,2026-04-22
EMD-48755,2026-04-22
EMD-48756,2026-04-22
EMD-48757,2026-02-04
EMD-48758,2026-02-04
EMD-48759,2026-02-04
EMD-48761,2026-02-04
EMD-48762,2026-04-08
EMD-48763,2026-04-08
EMD-48764,2026-02-04
EMD-48766,2026-04-08
EMD-48767,2026-04-08
EMD-48771,2026-08-26
EMD-48772,2026-08-26
EMD-48774,2026-04-22
EMD-48775,2026-04-22
EMD-48779,2026-01-28
EMD-48782,2026-04-22
EMD-48786,2026-05-20
EMD-48820,2026-04-22
EMD-48821,2026-04-22
EMD-48827,2026-07-15
EMD-48838,2026-04-22
EMD-48847,2026-02-04
EMD-48848,2026-02-04
EMD-48850,2026-07-08
EMD-48855,2026-02-18
EMD-48923,2026-02-18
EMD-48929,2026-07-29
EMD-49057,2026-01-14
EMD-49094,2026-02-18
EMD-49097,2026-02-18
EMD-49098,2026-02-18
EMD-49099,2026-02-18
EMD-49100,2026-02-18
EMD-49111,2026-09-16
EMD-49127,2026-02-18
EMD-49130,2026-02-04
EMD-49153,2026-09-09
EMD-49154,2026-09-09
EMD-49166,2026-02-04
EMD-49167,2026-02-04
EMD-49168,2026-02-04
EMD-49169,2026-02-04
EMD-49170,2026-02-04
EMD-49179,2026-02-25
EMD-49194,2026-08-26
EMD-49198,2026-02-25
EMD-49203,2026-02-18
EMD-49204,2026-02-18
EMD-49207,2026-02-25
EMD-49236,2026-01-21
EMD-49238,2026-01-21
EMD-49239,2026-01-21
EMD-49240,2026-01-21
EMD-49241,2026-01-21
EMD-49242,2026-01-21
EMD-49260,2026-02-18
EMD-49261,2026-02-18
EMD-49313,2026-03-04
EMD-49328,2026-02-04
EMD-49339,2026-07-01
EMD-49347,2026-03-11
EMD-49372,2026-08-26
EMD-49389,2026-01-21
EMD-49397,2026-03-11
EMD-49450,2026-04-01
EMD-49451,2026-05-27
EMD-49452,2026-05-13
EMD-49453,2026-05-13
EMD-49454,2026-05-13
EMD-49455,2026-05-20
EMD-49456,2026-05-27
EMD-49462,2026-03-11
EMD-49463,2026-03-11
EMD-49464,2026-03-04
EMD-49475,2026-03-11
EMD-49476,2026-03-11
EMD-49477,2026-03-11
EMD-49489,2026-09-09
EMD-49554,2026-01-28
EMD-49555,2026-01-28
EMD-49559,2026-03-04
EMD-49571,2026-03-11
EMD-49589,2026-02-18
EMD-49597,2026-04-01
EMD-49602,2026-04-01
EMD-49603,2026-04-01
EMD-49604,2026-04-01
EMD-49622,2026-02-18
EMD-49625,2026-04-01
EMD-49628,2026-08-19
EMD-49634,2026-04-01
EMD-49639,2026-04-01
EMD-49642,2026-04-01
EMD-49668,2026-08-26
EMD-49709,2026-04-01
EMD-49710,2026-04-01
EMD-49729,2026-04-01
EMD-49730,2026-04-01
EMD-49731,2026-04-01
EMD-49732,2026-04-01
EMD-49733,2026-04-01
EMD-49796,2026-02-11
EMD-49797,2026-02-11
EMD-49798,2026-02-11
EMD-49835,2026-02-25
EMD-49844,2026-02-11
EMD-49845,2026-02-11
EMD-49846,2026-02-11
EMD-49847,2026-02-11
EMD-49848,2026-02-11
EMD-49849,2026-02-11
EMD-49865,2026-04-01
EMD-49866,2026-04-01
EMD-49867,2026-04-01
EMD-49868,2026-04-01
EMD-49869,2026-04-01
EMD-49870,2026-04-01
EMD-49871,2026-04-01
EMD-49892,2026-02-04
EMD-49893,2026-02-04
EMD-49897,2026-02-04
EMD-49898,2026-02-04
EMD-49899,2026-02-04
EMD-49941,2026-04-29
EMD-49942,2026-02-04
EMD-49945,2026-02-04
EMD-49960,2026-04-29
EMD-49966,2026-01-21
EMD-49992,2026-01-21
EMD-50743,2026-01-14
EMD-50975,2026-01-21
EMD-50976,2026-01-21
EMD-51021,2026-01-21
EMD-51022,2026-01-21
EMD-51181,2026-02-04
EMD-51385,2026-02-11
EMD-51386,2026-02-11
EMD-51387,2026-02-11
EMD-51388,2026-02-11
EMD-51389,2026-02-11
EMD-51390,2026-02-11
EMD-51391,2026-02-11
EMD-51392,2026-02-11
EMD-51393,2026-02-11
EMD-51394,2026-02-11
EMD-51395,2026-02-11
EMD-51396,2026-02-11
EMD-51397,2026-02-11
EMD-51814,2026-04-29
EMD-51872,2026-05-06
EMD-51885,2026-05-06
EMD-51937,2026-05-13
EMD-52114,2026-03-18
EMD-52224,2026-06-17
EMD-52228,2026-06-17
EMD-52236,2026-05-06
EMD-52304,2026-06-24
EMD-52305,2026-06-24
EMD-52399,2026-01-14
EMD-52400,2026-01-14
EMD-52401,2026-01-14
EMD-52409,2026-02-25
EMD-52410,2026-02-25
EMD-52411,2026-02-25
EMD-52416,2026-01-14
EMD-52419,2026-01-14
EMD-52420,2026-01-14
EMD-52421,2026-01-14
EMD-52422,2026-01-14
EMD-52423,2026-01-14
EMD-52424,2026-01-14
EMD-52428,2026-01-14
EMD-52445,2026-01-14
EMD-52450,2026-01-14
EMD-52451,2026-01-14
EMD-52452,2026-01-14
EMD-52462,2026-07-22
EMD-52464,2026-07-22
EMD-52479,2026-07-22
EMD-52481,2026-07-22
EMD-52482,2026-07-22
EMD-52483,2026-07-22
EMD-52502,2026-05-27
EMD-52509,2026-01-21
EMD-52518,2026-01-28
EMD-52519,2026-01-21
EMD-52552,2026-01-21
EMD-52553,2026-01-21
EMD-52577,2026-07-29
EMD-52579,2026-02-04
EMD-52603,2026-04-29
EMD-52611,2026-01-28
EMD-52615,2026-06-24
EMD-52617,2026-02-04
EMD-52620,2026-03-25
EMD-52634,2026-02-25
EMD-52643,2026-02-18
EMD-52644,2026-02-18
EMD-52645,2026-02-18
EMD-52651,2026-02-18
EMD-52653,2026-02-18
EMD-52657,2026-02-18
EMD-52663,2026-02-18
EMD-52665,2026-08-19
EMD-52705,2026-08-19
EMD-52706,2026-08-19
EMD-52713,2026-02-18
EMD-52738,2026-02-18
EMD-52772,2026-08-19
EMD-52782,2026-03-04
EMD-52783,2026-03-04
EMD-52784,2026-03-04
EMD-52785,2026-03-04
EMD-52787,2026-04-29
EMD-52788,2026-03-04
EMD-52789,2026-03-04
EMD-52790,2026-03-04
EMD-52791,2026-03-04
EMD-52809,2026-08-26
EMD-52814,2026-06-24
EMD-52846,2026-01-28
EMD-52847,2026-03-11
EMD-52854,2026-09-02
EMD-52874,2026-09-02
EMD-52908,2026-09-09
EMD-52977,2026-03-11
EMD-53004,2026-05-13
EMD-53029,2026-03-18
EMD-53030,2026-02-11
EMD-53065,2026-01-21
EMD-53095,2026-03-25
EMD-53123,2026-03-11
EMD-53148,2026-03-11
EMD-53150,2026-03-25
EMD-53152,2026-03-11
EMD-53154,2026-03-25
EMD-53156,2026-03-25
EMD-53157,2026-03-25
EMD-53158,2026-03-25
EMD-53159,2026-03-25
EMD-53160,2026-03-25
EMD-53161,2026-03-25
EMD-53162,2026-03-25
EMD-53163,2026-03-25
EMD-53171,2026-03-11
EMD-53172,2026-03-11
EMD-53173,2026-02-11
EMD-53174,2026-02-11
EMD-53175,2026-02-11
EMD-53176,2026-02-11
EMD-53177,2026-02-11
EMD-53181,2026-03-11
EMD-53182,2026-03-11
EMD-53186,2026-06-10
EMD-53191,2026-06-10
EMD-53204,2026-03-18
EMD-53205,2026-03-18
EMD-53206,2026-08-26
EMD-53207,2026-08-26
EMD-53208,2026-08-26
EMD-53209,2026-08-26
EMD-53212,2026-08-26
EMD-53213,2026-08-26
EMD-53214,2026-08-26
EMD-53215,2026-08-26
EMD-53216,2026-08-26
EMD-53221,2026-03-18
EMD-53224,2026-03-18
EMD-53235,2026-04-08
EMD-53252,2026-02-18
EMD-53253,2026-02-11
EMD-53254,2026-02-18
EMD-53256,2026-02-04
EMD-53257,2026-02-04
EMD-53258,2026-02-04
EMD-53259,2026-02-18
EMD-53260,2026-03-04
EMD-53264,2026-01-28
EMD-53265,2026-01-28
EMD-53266,2026-01-28
EMD-53268,2026-06-24
EMD-53274,2026-04-08
EMD-53276,2026-04-08
EMD-53277,2026-04-08
EMD-53299,2026-04-15
EMD-53300,2026-04-15
EMD-53313,2026-05-27
EMD-53317,2026-01-14
EMD-53323,2026-05-27
EMD-53329,2026-05-27
EMD-53340,2026-05-27
EMD-53343,2026-02-18
EMD-53344,2026-02-18
EMD-53345,2026-02-18
EMD-53346,2026-04-15
EMD-53355,2026-02-18
EMD-53356,2026-02-18
EMD-53367,2026-05-27
EMD-53375,2026-04-22
EMD-53414,2026-04-22
EMD-53415,2026-04-29
EMD-53429,2026-04-29
EMD-53437,2026-01-14
EMD-53472,2026-02-11
EMD-53476,2026-05-06
EMD-53477,2026-05-06
EMD-53481,2026-02-11
EMD-53482,2026-02-11
EMD-53483,2026-02-11
EMD-53484,2026-02-11
EMD-53485,2026-02-11
EMD-53486,2026-02-11
EMD-53509,2026-02-25
EMD-53512,2026-02-11
EMD-53513,2026-01-14
EMD-53514,2026-05-27
EMD-53515,2026-05-13
EMD-53516,2026-05-13
EMD-53529,2026-03-04
EMD-53531,2026-03-25
EMD-53533,2026-03-25
EMD-53558,2026-07-22
EMD-53561,2026-05-20
EMD-53562,2026-05-20
EMD-53567,2026-02-25
EMD-53598,2026-03-04
EMD-53599,2026-03-04
EMD-53600,2026-03-04
EMD-53601,2026-03-04
EMD-53602,2026-03-04
EMD-53603,2026-03-04
EMD-53604,2026-03-04
EMD-53605,2026-03-04
EMD-53686,2026-03-11
EMD-53687,2026-03-11
EMD-53783,2026-05-27
EMD-53784,2026-05-27
EMD-53785,2026-05-27
EMD-53804,2026-01-28
EMD-53820,2026-01-14
EMD-53827,2026-09-16
EMD-53828,2026-09-16
EMD-53829,2026-09-16
EMD-53831,2026-09-16
EMD-53832,2026-09-16
EMD-53835,2026-05-27
EMD-53844,2026-05-13
EMD-53847,2026-03-04
EMD-53848,2026-05-27
EMD-53855,2026-04-22
EMD-53859,2026-04-22
EMD-53900,2026-06-10
EMD-53902,2026-01-14
EMD-53903,2026-01-14
EMD-53912,2026-04-15
EMD-53917,2026-04-15
EMD-53919,2026-04-22
EMD-53922,2026-06-10
EMD-53925,2026-04-29
EMD-53929,2026-04-29
EMD-53930,2026-04-29
EMD-53937,2026-04-01
EMD-53939,2026-09-09
EMD-53948,2026-06-17
EMD-53949,2026-06-17
EMD-53951,2026-03-18
EMD-53952,2026-03-18
EMD-53953,2026-03-18
EMD-53954,2026-06-17
EMD-53955,2026-06-17
EMD-53956,2026-06-17
EMD-53957,2026-06-17
EMD-53958,2026-06-17
EMD-53959,2026-06-17
EMD-53960,2026-06-17
EMD-53961,2026-06-17
EMD-53962,2026-06-17
EMD-53963,2026-06-17
EMD-53964,2026-06-17
EMD-53965,2026-06-17
EMD-53966,2026-06-17
EMD-53967,2026-06-17
EMD-53968,2026-06-17
EMD-53994,2026-04-29
EMD-53995,2026-04-29
EMD-53996,2026-04-29
EMD-53997,2026-04-29
EMD-53998,2026-04-29
EMD-53999,2026-04-29
EMD-54000,2026-04-29
EMD-54002,2026-04-29
EMD-54003,2026-04-29
EMD-54004,2026-04-29
EMD-54005,2026-04-29
EMD-54010,2026-05-27
EMD-54027,2026-06-24
EMD-54029,2026-03-18
EMD-54031,2026-03-18
EMD-54032,2026-03-18
EMD-54033,2026-01-21
EMD-54034,2026-01-21
EMD-54035,2026-01-21
EMD-54036,2026-01-21
EMD-54037,2026-01-21
EMD-54038,2026-01-21
EMD-54039,2026-01-21
EMD-54040,2026-01-21
EMD-54041,2026-01-21
EMD-54045,2026-03-18
EMD-54046,2026-03-18
EMD-54047,2026-03-18
EMD-54052,2026-04-29
EMD-54053,2026-03-25
EMD-54060,2026-04-08
EMD-54064,2026-07-08
EMD-54094,2026-07-08
EMD-54113,2026-08-12
EMD-54114,2026-08-12
EMD-54115,2026-08-12
EMD-54116,2026-08-12
EMD-54117,2026-08-12
EMD-54118,2026-08-12
EMD-54119,2026-08-12
EMD-54120,2026-08-12
EMD-54121,2026-08-12
EMD-54122,2026-08-12
EMD-54123,2026-08-12
EMD-54124,2026-08-12
EMD-54125,2026-08-12
EMD-54126,2026-08-12
EMD-54127,2026-08-12
EMD-54128,2026-08-12
EMD-54132,2026-06-24
EMD-54133,2026-06-24
EMD-54135,2026-06-24
EMD-54151,2026-03-18
EMD-54177,2026-07-08
EMD-54178,2026-07-08
EMD-54179,2026-07-08
EMD-54180,2026-07-08
EMD-54186,2026-05-13
EMD-54187,2026-05-13
EMD-54188,2026-05-13
EMD-54189,2026-05-13
EMD-54193,2026-05-13
EMD-54195,2026-02-04
EMD-54204,2026-05-13
EMD-54215,2026-04-08
EMD-54216,2026-04-08
EMD-54218,2026-05-13
EMD-54219,2026-05-13
EMD-54221,2026-02-18
EMD-54222,2026-05-06
EMD-54223,2026-05-06
EMD-54224,2026-05-06
EMD-54226,2026-02-18
EMD-54238,2026-02-18
EMD-54245,2026-02-18
EMD-54270,2026-07-15
EMD-54271,2026-07-15
EMD-54272,2026-07-15
EMD-54277,2026-05-06
EMD-54288,2026-07-22
EMD-54289,2026-07-22
EMD-54291,2026-05-13
EMD-54328,2026-02-04
EMD-54346,2026-04-29
EMD-54347,2026-04-29
EMD-54357,2026-07-22
EMD-54358,2026-06-03
EMD-54359,2026-06-03
EMD-54360,2026-07-22
EMD-54361,2026-06-03
EMD-54362,2026-06-03
EMD-54363,2026-06-03
EMD-54372,2026-07-22
EMD-54373,2026-07-22
EMD-54377,2026-04-08
EMD-54378,2026-04-08
EMD-54381,2026-05-27
EMD-54382,2026-05-27
EMD-54383,2026-05-27
EMD-54385,2026-05-27
EMD-54386,2026-05-27
EMD-54387,2026-05-27
EMD-54388,2026-05-27
EMD-54389,2026-05-27
EMD-54392,2026-05-27
EMD-54393,2026-05-27
EMD-54394,2026-05-27
EMD-54395,2026-05-27
EMD-54404,2026-07-29
EMD-54408,2026-07-29
EMD-54414,2026-04-22
EMD-54415,2026-07-29
EMD-54418,2026-07-29
EMD-54419,2026-07-29
EMD-54427,2026-07-15
EMD-54430,2026-03-18
EMD-54445,2026-07-29
EMD-54454,2026-07-29
EMD-54455,2026-07-29
EMD-54456,2026-07-29
EMD-54488,2026-07-29
EMD-54500,2026-07-29
EMD-54509,2026-08-12
EMD-54521,2026-08-12
EMD-54531,2026-08-12
EMD-54532,2026-06-24
EMD-54540,2026-06-24
EMD-54547,2026-01-28
EMD-54549,2026-05-20
EMD-54551,2026-06-24
EMD-54553,2026-08-12
EMD-54570,2026-08-12
EMD-54581,2026-08-12
EMD-54582,2026-08-12
EMD-54583,2026-08-12
EMD-54588,2026-08-12
EMD-54590,2026-08-12
EMD-54599,2026-07-15
EMD-54610,2026-08-12
EMD-54627,2026-07-08
EMD-54628,2026-07-08
EMD-54629,2026-03-18
EMD-54630,2026-03-18
EMD-54631,2026-03-18
EMD-54632,2026-03-18
EMD-54633,2026-07-08
EMD-54634,2026-09-16
EMD-54641,2026-06-17
EMD-54642,2026-06-10
EMD-54649,2026-07-01
EMD-54650,2026-04-08
EMD-54651,2026-04-08
EMD-54658,2026-04-08
EMD-54659,2026-07-29
EMD-54660,2026-07-29
EMD-54661,2026-07-29
EMD-54662,2026-07-29
EMD-54663,2026-04-08
EMD-54664,2026-07-01
EMD-54676,2026-07-15
EMD-54696,2026-08-26
EMD-54697,2026-08-19
EMD-54783,2026-08-26
EMD-54784,2025-12-03
EMD-54785,2026-08-26
EMD-54786,2026-08-12
EMD-54787,2026-04-15
EMD-54788,2026-08-26
EMD-54792,2026-08-26
EMD-54801,2026-04-22
EMD-54803,2026-04-01
EMD-54804,2026-04-01
EMD-54806,2026-08-26
EMD-54807,2026-08-26
EMD-54808,2026-09-02
EMD-54810,2026-09-02
EMD-54812,2026-04-22
EMD-54813,2026-09-02
EMD-54814,2026-09-02
EMD-54816,2026-09-02
EMD-54817,2026-09-02
EMD-54818,2026-07-15
EMD-54822,2026-04-22
EMD-54823,2026-04-22
EMD-54825,2026-07-01
EMD-54826,2026-04-22
EMD-54828,2026-07-15
EMD-54866,2026-04-22
EMD-54872,2026-01-14
EMD-54873,2026-01-14
EMD-54874,2026-01-14
EMD-54875,2026-01-14
EMD-54876,2026-01-14
EMD-54877,2026-01-14
EMD-54878,2026-01-14
EMD-54879,2026-01-14
EMD-54880,2026-01-14
EMD-54882,2026-01-14
EMD-54886,2026-09-02
EMD-54887,2026-09-02
EMD-54889,2026-09-02
EMD-54897,2026-02-18
EMD-54904,2026-07-29
EMD-54905,2026-07-29
EMD-54906,2026-02-11
EMD-54916,2026-09-09
EMD-54918,2026-09-09
EMD-54928,2026-01-28
EMD-54929,2026-02-11
EMD-54930,2026-02-11
EMD-54939,2026-06-17
EMD-54941,2026-06-17
EMD-54945,2026-07-29
EMD-54951,2026-02-25
EMD-54952,2026-02-25
EMD-54953,2026-02-25
EMD-54954,2026-02-25
EMD-54955,2026-02-25
EMD-54956,2026-07-08
EMD-54965,2026-05-27
EMD-54966,2026-05-27
EMD-54967,2026-05-27
EMD-54968,2026-05-27
EMD-54972,2026-04-22
EMD-54973,2026-04-22
EMD-54974,2026-04-22
EMD-54975,2026-04-22
EMD-54976,2026-04-22
EMD-54977,2026-04-22
EMD-54978,2026-04-22
EMD-54979,2026-04-22
EMD-54980,2026-04-22
EMD-54981,2026-09-02
EMD-54987,2026-09-02
EMD-55005,2026-09-16
EMD-55007,2026-09-02
EMD-55008,2026-09-23
EMD-55011,2026-09-16
EMD-55024,2026-07-29
EMD-55026,2026-09-16
EMD-55028,2026-09-16
EMD-55030,2026-03-18
EMD-55031,2026-03-18
EMD-55032,2026-03-18
EMD-55033,2026-03-18
EMD-55035,2026-09-23
EMD-55036,2026-02-25
EMD-55038,2026-06-17
EMD-55039,2026-06-17
EMD-55040,2026-07-08
EMD-55041,2026-06-17
EMD-55043,2026-05-13
EMD-55047,2026-06-17
EMD-55048,2026-07-01
EMD-55053,2026-06-17
EMD-55105,2026-07-29
EMD-55106,2026-06-17
EMD-55107,2026-06-17
EMD-55108,2026-06-17
EMD-55111,2026-08-12
EMD-55112,2026-08-12
EMD-55113,2026-08-12
EMD-55114,2026-08-12
EMD-55116,2026-09-02
EMD-55118,2026-08-05
EMD-55119,2026-08-05
EMD-55122,2026-08-05
EMD-55134,2026-08-12
EMD-55153,2026-07-22
EMD-55160,2026-07-22
EMD-55165,2026-07-22
EMD-55213,2026-05-06
EMD-55214,2026-05-06
EMD-55295,2026-04-29
EMD-55296,2026-04-29
EMD-55297,2026-04-29
EMD-55298,2026-04-29
EMD-55299,2026-04-29
EMD-55303,2026-03-25
EMD-55311,2026-05-20
EMD-55320,2026-05-27
EMD-55324,2026-05-27
EMD-55325,2026-05-27
EMD-55326,2026-05-27
EMD-55340,2026-03-25
EMD-55350,2026-01-28
EMD-55353,2026-01-28
EMD-55355,2026-01-28
EMD-55362,2026-08-26
EMD-55363,2026-08-26
EMD-55364,2026-08-26
EMD-55365,2026-08-26
EMD-55367,2026-08-26
EMD-55389,2026-05-13
EMD-55400,2026-06-17
EMD-55425,2026-05-06
EMD-55431,2026-05-06
EMD-55451,2026-07-01
EMD-55482,2026-09-09
EMD-55483,2026-09-09
EMD-55484,2026-09-09
EMD-55517,2026-03-11
EMD-55518,2026-03-11
EMD-55519,2026-01-28
EMD-55521,2026-03-25
EMD-55532,2026-09-16
EMD-55535,2026-09-16
EMD-55549,2026-09-16
EMD-55583,2026-07-15
EMD-55585,2026-07-15
EMD-55586,2026-04-22
EMD-55589,2026-09-02
EMD-55590,2026-09-02
EMD-55591,2026-09-02
EMD-55592,2026-09-02
EMD-55593,2026-06-10
EMD-55594,2026-06-10
EMD-55596,2026-03-25
EMD-55597,2026-03-25
EMD-55599,2026-03-25
EMD-55617,2026-05-27
EMD-55619,2026-05-27
EMD-55637,2026-04-22
EMD-55650,2026-09-09
EMD-55651,2026-09-09
EMD-55658,2026-05-20
EMD-55683,2026-09-09
EMD-55684,2026-09-16
EMD-55685,2026-09-09
EMD-55686,2026-09-23
EMD-55694,2026-09-23
EMD-55714,2026-04-22
EMD-55715,2026-04-22
EMD-55716,2026-04-22
EMD-55718,2026-06-10
EMD-55722,2026-01-28
EMD-55723,2026-05-27
EMD-55728,2026-08-19
EMD-55737,2026-02-11
EMD-55739,2026-08-19
EMD-55743,2026-04-29
EMD-55748,2026-05-06
EMD-55749,2026-05-06
EMD-55750,2026-05-06
EMD-55751,2026-05-06
EMD-55752,2026-05-06
EMD-55753,2026-05-06
EMD-55771,2026-03-18
EMD-55772,2026-03-18
EMD-55773,2026-04-29
EMD-55775,2026-06-24
EMD-55790,2026-07-22
EMD-55792,2026-05-20
EMD-55793,2026-05-20
EMD-55800,2026-06-10
EMD-55802,2026-06-10
EMD-55803,2026-04-22
EMD-55804,2026-04-22
EMD-55863,2026-06-24
EMD-55864,2026-06-24
EMD-55865,2026-06-24
EMD-55878,2026-07-01
EMD-55889,2026-07-01
EMD-55890,2026-04-08
EMD-55892,2026-07-01
EMD-55893,2026-09-02
EMD-55894,2026-09-02
EMD-55895,2026-09-02
EMD-55904,2026-08-26
EMD-55928,2026-07-29
EMD-55929,2026-07-29
EMD-55952,2026-05-20
EMD-55953,2026-05-20
EMD-55955,2026-05-20
EMD-55956,2026-05-20
EMD-55962,2026-05-20
EMD-55963,2026-05-20
EMD-55970,2026-09-09
EMD-55971,2026-09-09
EMD-56021,2026-07-29
EMD-56022,2026-07-29
EMD-56033,2026-04-08
EMD-56052,2026-08-12
EMD-56054,2026-08-12
EMD-56072,2026-09-09
EMD-56074,2026-09-09
EMD-56081,2026-08-26
EMD-56094,2026-08-26
EMD-56098,2026-09-23
EMD-56103,2026-09-23
EMD-56105,2026-07-01
EMD-56106,2026-06-17
EMD-56107,2026-06-17
EMD-56108,2026-06-17
EMD-56109,2026-08-26
EMD-56113,2026-05-06
EMD-56126,2026-06-03
EMD-56127,2026-06-10
EMD-56131,2026-02-18
EMD-56135,2026-04-15
EMD-56149,2026-01-14
EMD-56152,2026-06-10
EMD-56164,2026-09-16
EMD-56257,2026-08-26
EMD-56281,2026-07-08
EMD-56282,2026-07-22
EMD-56357,2026-08-05
EMD-56358,2026-08-05
EMD-56397,2026-09-23
EMD-56398,2026-09-23
EMD-56399,2026-09-23
EMD-56404,2026-09-23
EMD-56418,2026-02-11
EMD-56419,2026-02-11
EMD-56420,2026-02-25
EMD-56458,2026-08-05
EMD-56477,2026-06-03
EMD-56479,2026-06-03
EMD-56536,2026-04-29
EMD-56538,2026-08-19
EMD-56542,2026-08-19
EMD-56543,2026-07-22
EMD-56544,2026-05-06
EMD-56549,2026-07-22
EMD-56604,2026-09-23
EMD-56614,2026-09-23
EMD-56615,2026-09-23
EMD-56644,2026-09-23
EMD-56645,2026-09-23
EMD-56646,2026-09-23
EMD-56718,2026-05-06
EMD-56720,2026-05-06
EMD-56721,2026-05-06
EMD-56722,2026-05-06
EMD-56749,2026-03-04
EMD-56750,2026-02-25
EMD-56751,2026-02-25
EMD-56772,2026-04-29
EMD-56773,2026-07-15
EMD-56813,2026-07-08
EMD-56885,2026-04-08
EMD-56930,2026-06-24
EMD-56931,2026-06-24
EMD-56958,2026-08-26
EMD-56974,2026-06-10
EMD-56975,2026-06-10
EMD-56976,2026-06-10
EMD-56977,2026-06-10
EMD-56978,2026-06-10
EMD-57080,2026-09-02
EMD-57132,2026-09-23
EMD-57153,2026-09-23
EMD-57170,2026-04-22
EMD-57178,2026-05-06
EMD-57198,2026-09-02
EMD-57206,2026-07-08
EMD-57214,2026-09-23
EMD-57240,2026-07-15
EMD-57359,2026-09-09
EMD-57361,2026-06-24
EMD-57363,2026-07-15
EMD-57371,2026-07-15
EMD-57440,2026-09-09
EMD-57441,2026-09-09
EMD-57442,2026-09-09
EMD-57443,2026-09-09
EMD-57444,2026-09-09
EMD-57445,2026-09-09
EMD-57539,2026-09-23
EMD-57742,2026-05-13
EMD-57756,2026-05-13
EMD-57775,2026-06-10
EMD-57794,2026-08-19
EMD-57830,2026-05-06
EMD-57835,2026-09-23
EMD-57856,2026-06-24
EMD-57864,2026-06-03
EMD-57865,2026-06-03
EMD-57866,2026-06-03
EMD-57879,2026-06-03
EMD-57888,2026-06-24
EMD-57889,2026-06-24
EMD-57960,2026-08-26
EMD-57999,2026-06-03
EMD-58048,2026-07-22
EMD-58070,2026-07-01
EMD-58071,2026-07-29
EMD-58072,2026-07-29
EMD-58073,2026-07-29
EMD-58108,2026-07-01
EMD-58134,2026-09-16
EMD-58149,2026-06-17
EMD-58150,2026-06-17
EMD-58151,2026-06-17
EMD-58152,2026-06-17
EMD-58153,2026-06-17
EMD-58157,2026-06-17
EMD-58158,2026-06-17
EMD-58159,2026-06-17
EMD-58160,2026-06-17
EMD-58252,2026-08-19
EMD-58290,2026-06-24
EMD-58291,2026-06-24
EMD-58342,2026-06-17
EMD-58351,2026-07-01
EMD-58353,2026-07-01
EMD-58354,2026-07-01
EMD-58426,2026-07-01
EMD-58427,2026-07-01
EMD-58555,2026-07-01
EMD-58601,2026-07-29
EMD-58684,2026-09-23
EMD-58734,2026-08-19
EMD-58849,2026-07-15
EMD-58853,2026-07-29
EMD-58869,2026-09-16
EMD-58870,2026-09-16
EMD-59064,2026-08-19
EMD-59065,2026-08-19
EMD-59066,2026-08-19
EMD-59279,2026-08-19
EMD-59280,2026-08-19
EMD-59321,2026-09-02
EMD-59342,2026-08-26
EMD-59343,2026-08-26
EMD-59344,2026-08-26
EMD-59444,2026-09-23
EMD-60486,2025-06-11
EMD-60713,2026-01-21
EMD-60759,2026-01-21
EMD-60777,2026-01-21
EMD-60778,2026-01-21
EMD-60779,2026-01-21
EMD-60811,2026-02-18
EMD-60818,2026-01-21
EMD-60821,2026-01-21
EMD-60928,2026-01-28
EMD-60995,2026-03-04
EMD-61131,2026-01-21
EMD-61142,2026-03-04
EMD-61144,2026-03-04
EMD-61145,2026-02-18
EMD-61180,2026-03-04
EMD-61181,2026-03-04
EMD-61182,2026-03-04
EMD-61184,2026-03-04
EMD-61185,2026-03-04
EMD-61218,2026-02-25
EMD-61251,2026-03-04
EMD-61252,2026-03-04
EMD-61306,2026-04-08
EMD-61324,2026-03-11
EMD-61325,2026-03-11
EMD-61326,2026-03-11
EMD-61338,2026-04-01
EMD-61373,2026-04-01
EMD-61561,2026-04-08
EMD-61562,2026-04-08
EMD-61563,2026-04-08
EMD-61564,2026-04-08
EMD-61565,2026-04-08
EMD-61569,2026-03-25
EMD-61592,2026-04-01
EMD-61618,2026-04-01
EMD-61619,2026-04-01
EMD-61751,2026-04-08
EMD-61754,2026-04-08
EMD-61755,2026-04-08
EMD-61886,2026-04-15
EMD-61887,2026-04-15
EMD-61914,2026-03-11
EMD-61915,2026-03-11
EMD-61916,2026-03-11
EMD-61929,2026-03-11
EMD-61940,2026-02-25
EMD-61973,2026-03-04
EMD-62027,2026-02-18
EMD-62031,2026-02-18
EMD-62032,2026-02-18
EMD-62051,2026-03-25
EMD-62052,2026-03-25
EMD-62061,2026-04-29
EMD-62062,2026-04-29
EMD-62064,2026-04-29
EMD-62067,2026-04-29
EMD-62070,2026-04-29
EMD-62071,2026-04-29
EMD-62072,2026-04-29
EMD-62073,2026-04-29
EMD-62074,2026-04-29
EMD-62075,2026-04-29
EMD-62076,2026-04-29
EMD-62077,2026-04-29
EMD-62079,2026-04-29
EMD-62080,2026-04-29
EMD-62082,2026-04-29
EMD-62087,2026-04-29
EMD-62088,2026-04-29
EMD-62089,2026-04-29
EMD-62090,2026-04-29
EMD-62139,2026-05-06
EMD-62149,2026-04-29
EMD-62152,2026-04-29
EMD-62153,2026-02-25
EMD-62164,2026-04-29
EMD-62182,2026-04-29
EMD-62183,2026-04-29
EMD-62184,2026-07-15
EMD-62207,2026-05-06
EMD-62208,2026-05-06
EMD-62241,2026-05-06
EMD-62249,2026-04-29
EMD-62333,2026-03-04
EMD-62393,2026-05-27
EMD-62394,2026-05-27
EMD-62474,2026-06-17
EMD-62475,2026-06-17
EMD-62476,2026-06-17
EMD-62492,2026-03-04
EMD-62493,2026-03-04
EMD-62496,2026-06-03
EMD-62507,2026-06-03
EMD-62552,2026-06-03
EMD-62600,2026-06-10
EMD-62620,2026-03-18
EMD-62662,2026-02-18
EMD-62663,2026-02-18
EMD-62693,2026-07-15
EMD-62738,2026-04-15
EMD-62739,2026-04-15
EMD-62740,2026-04-15
EMD-62741,2026-04-15
EMD-62742,2026-04-15
EMD-62743,2026-04-15
EMD-62748,2026-02-18
EMD-62778,2026-05-06
EMD-62780,2026-05-06
EMD-62782,2026-05-13
EMD-62783,2026-06-24
EMD-62786,2026-03-11
EMD-62788,2026-03-11
EMD-62824,2026-05-20
EMD-62829,2026-05-20
EMD-62834,2026-05-20
EMD-62853,2026-02-18
EMD-62860,2026-07-01
EMD-62861,2026-05-06
EMD-62870,2026-01-07
EMD-62887,2026-01-21
EMD-62892,2026-01-21
EMD-62906,2026-01-14
EMD-62911,2026-02-18
EMD-62957,2026-01-07
EMD-62988,2026-01-07
EMD-62989,2026-01-07
EMD-62990,2026-01-07
EMD-63000,2026-04-22
EMD-63007,2026-01-28
EMD-63008,2026-01-28
EMD-63009,2026-01-28
EMD-63010,2026-01-28
EMD-63011,2026-01-28
EMD-63012,2026-01-28
EMD-63013,2026-01-28
EMD-63025,2026-02-04
EMD-63033,2026-04-22
EMD-63034,2026-04-22
EMD-63035,2026-04-22
EMD-63036,2026-04-22
EMD-63037,2026-04-22
EMD-63038,2026-04-22
EMD-63043,2026-05-27
EMD-63044,2026-05-27
EMD-63045,2026-05-27
EMD-63072,2026-01-14
EMD-63108,2026-02-04
EMD-63116,2026-01-21
EMD-63161,2026-03-18
EMD-63169,2026-03-18
EMD-63174,2026-01-21
EMD-63175,2026-01-21
EMD-63189,2026-02-04
EMD-63192,2026-01-14
EMD-63193,2026-01-14
EMD-63194,2026-01-14
EMD-63195,2026-01-14
EMD-63196,2026-01-14
EMD-63197,2026-01-21
EMD-63199,2026-03-04
EMD-63200,2026-03-04
EMD-63201,2026-03-04
EMD-63202,2026-03-04
EMD-63203,2026-03-04
EMD-63204,2026-03-04
EMD-63208,2026-01-21
EMD-63210,2026-03-18
EMD-63211,2026-03-18
EMD-63216,2026-01-21
EMD-63217,2026-01-21
EMD-63226,2026-01-28
EMD-63227,2026-03-18
EMD-63228,2026-01-21
EMD-63229,2026-01-28
EMD-63230,2026-01-28
EMD-63236,2026-01-28
EMD-63237,2026-01-28
EMD-63238,2026-01-28
EMD-63242,2026-01-28
EMD-63246,2026-01-28
EMD-63247,2026-01-28
EMD-63248,2026-01-28
EMD-63263,2026-01-28
EMD-63264,2026-01-28
EMD-63265,2026-01-28
EMD-63266,2026-01-28
EMD-63270,2026-01-28
EMD-63277,2026-04-22
EMD-63281,2026-04-22
EMD-63297,2026-04-15
EMD-63304,2026-02-04
EMD-63305,2026-02-04
EMD-63307,2026-02-04
EMD-63308,2026-02-04
EMD-63309,2026-02-04
EMD-63310,2026-02-04
EMD-63312,2026-02-04
EMD-63313,2026-02-04
EMD-63314,2026-02-04
EMD-63337,2026-04-15
EMD-63339,2026-04-15
EMD-63341,2026-02-04
EMD-63352,2026-01-07
EMD-63359,2026-02-18
EMD-63360,2026-02-18
EMD-63364,2026-02-18
EMD-63371,2026-01-28
EMD-63372,2026-01-28
EMD-63374,2026-01-28
EMD-63375,2026-01-28
EMD-63383,2026-01-28
EMD-63385,2026-01-28
EMD-63386,2026-01-28
EMD-63387,2026-02-18
EMD-63388,2026-02-18
EMD-63389,2026-02-18
EMD-63390,2026-02-18
EMD-63391,2026-04-22
EMD-63396,2026-08-12
EMD-63404,2026-02-18
EMD-63405,2026-02-18
EMD-63412,2026-02-18
EMD-63416,2026-03-04
EMD-63420,2026-05-27
EMD-63424,2026-03-04
EMD-63426,2026-01-07
EMD-63427,2026-05-27
EMD-63431,2026-02-18
EMD-63440,2026-02-18
EMD-63446,2026-04-29
EMD-63451,2026-03-04
EMD-63474,2026-02-18
EMD-63475,2026-02-18
EMD-63476,2026-02-18
EMD-63488,2026-03-04
EMD-63500,2026-03-04
EMD-63502,2026-03-04
EMD-63503,2026-03-04
EMD-63505,2026-03-04
EMD-63511,2026-04-15
EMD-63517,2026-03-18
EMD-63518,2026-03-11
EMD-63521,2026-03-11
EMD-63524,2026-05-27
EMD-63533,2026-01-21
EMD-63534,2026-01-21
EMD-63545,2026-03-04
EMD-63559,2026-09-09
EMD-63564,2026-03-04
EMD-63566,2026-03-04
EMD-63579,2026-03-04
EMD-63580,2026-06-17
EMD-63581,2026-06-17
EMD-63583,2026-06-17
EMD-63587,2026-03-04
EMD-63591,2026-03-04
EMD-63593,2026-03-04
EMD-63606,2026-03-11
EMD-63607,2026-03-11
EMD-63613,2026-03-11
EMD-63614,2026-01-21
EMD-63622,2026-09-09
EMD-63623,2026-09-09
EMD-63624,2026-09-09
EMD-63639,2026-07-01
EMD-63641,2026-03-11
EMD-63649,2026-03-11
EMD-63655,2026-03-11
EMD-63665,2026-03-11
EMD-63667,2026-03-18
EMD-63680,2026-03-18
EMD-63682,2026-09-16
EMD-63683,2026-09-16
EMD-63685,2026-03-18
EMD-63690,2026-03-18
EMD-63691,2026-04-01
EMD-63692,2026-04-01
EMD-63699,2026-04-22
EMD-63707,2026-09-16
EMD-63708,2026-09-16
EMD-63709,2026-09-16
EMD-63712,2026-03-18
EMD-63713,2026-03-18
EMD-63722,2026-03-18
EMD-63732,2026-03-18
EMD-63734,2026-03-18
EMD-63736,2026-02-18
EMD-63737,2026-03-18
EMD-63742,2026-03-18
EMD-63743,2026-03-18
EMD-63745,2026-03-18
EMD-63747,2026-03-18
EMD-63748,2026-03-18
EMD-63749,2026-02-18
EMD-63750,2026-03-18
EMD-63753,2026-03-18
EMD-63754,2026-03-18
EMD-63755,2026-06-24
EMD-63756,2026-03-18
EMD-63757,2026-08-12
EMD-63759,2026-04-01
EMD-63766,2026-03-18
EMD-63769,2026-03-04
EMD-63775,2026-03-25
EMD-63776,2026-03-25
EMD-63777,2026-03-25
EMD-63783,2026-06-10
EMD-63788,2026-03-25
EMD-63789,2026-03-25
EMD-63790,2026-03-25
EMD-63791,2026-03-25
EMD-63793,2026-03-25
EMD-63798,2026-03-25
EMD-63802,2026-09-23
EMD-63803,2026-03-11
EMD-63804,2026-03-11
EMD-63805,2026-03-11
EMD-63806,2026-03-11
EMD-63807,2026-03-11
EMD-63808,2026-03-11
EMD-63814,2026-02-18
EMD-63816,2026-02-18
EMD-63817,2026-03-25
EMD-63831,2026-09-23
EMD-63832,2026-09-23
EMD-63837,2026-09-23
EMD-63838,2026-09-23
EMD-63839,2026-09-23
EMD-63843,2026-09-23
EMD-63848,2026-03-25
EMD-63852,2026-06-17
EMD-63853,2026-03-25
EMD-63859,2026-09-23
EMD-63864,2026-03-25
EMD-63865,2026-03-25
EMD-63866,2026-03-25
EMD-63892,2026-01-14
EMD-63893,2026-01-14
EMD-63894,2026-01-14
EMD-63895,2026-01-14
EMD-63896,2026-03-25
EMD-63897,2026-03-25
EMD-63898,2026-03-25
EMD-63899,2026-03-25
EMD-63900,2026-03-25
EMD-63920,2026-03-25
EMD-63936,2026-04-01
EMD-63937,2026-04-01
EMD-63938,2026-04-01
EMD-63939,2026-08-12
EMD-63943,2026-04-01
EMD-63945,2026-04-08
EMD-63947,2026-04-01
EMD-63952,2026-04-01
EMD-63955,2026-04-15
EMD-63965,2026-03-04
EMD-63973,2026-04-01
EMD-63974,2026-04-08
EMD-63975,2026-04-08
EMD-63977,2026-03-04
EMD-63979,2026-01-07
EMD-63985,2026-03-18
EMD-63986,2026-03-18
EMD-63989,2026-02-11
EMD-63990,2026-04-08
EMD-63994,2026-04-01
EMD-63995,2026-02-11
EMD-63997,2026-04-08
EMD-63999,2026-04-08
EMD-64000,2026-04-08
EMD-64004,2026-02-25
EMD-64007,2026-04-08
EMD-64015,2026-02-11
EMD-64047,2026-02-11
EMD-64049,2026-04-08
EMD-64067,2026-04-15
EMD-64071,2026-07-29
EMD-64076,2026-01-28
EMD-64082,2026-04-08
EMD-64083,2026-09-16
EMD-64084,2026-09-16
EMD-64086,2025-11-12
EMD-64088,2026-01-07
EMD-64104,2026-05-13
EMD-64106,2026-04-29
EMD-64113,2026-04-15
EMD-64122,2026-04-15
EMD-64123,2026-05-13
EMD-64124,2026-05-13
EMD-64127,2026-05-13
EMD-64130,2026-04-15
EMD-64138,2026-04-15
EMD-64139,2026-02-18
EMD-64140,2026-04-15
EMD-64142,2026-02-18
EMD-64144,2026-01-07
EMD-64147,2026-01-07
EMD-64148,2026-01-07
EMD-64153,2026-04-01
EMD-64154,2026-04-01
EMD-64163,2026-07-22
EMD-64181,2026-04-22
EMD-64185,2026-04-22
EMD-64193,2026-04-22
EMD-64198,2026-04-22
EMD-64201,2026-02-25
EMD-64204,2026-04-22
EMD-64213,2026-04-22
EMD-64214,2026-04-22
EMD-64217,2026-04-29
EMD-64227,2026-07-29
EMD-64230,2026-04-22
EMD-64231,2026-07-29
EMD-64235,2026-07-29
EMD-64236,2026-07-29
EMD-64237,2026-07-29
EMD-64238,2026-07-29
EMD-64239,2026-07-29
EMD-64240,2026-07-29
EMD-64241,2026-07-29
EMD-64248,2026-07-29
EMD-64265,2026-04-22
EMD-64273,2026-01-21
EMD-64312,2026-04-29
EMD-64338,2026-02-18
EMD-64353,2026-02-18
EMD-64354,2026-02-18
EMD-64357,2026-02-18
EMD-64358,2026-02-18
EMD-64359,2026-02-18
EMD-64360,2026-02-18
EMD-64361,2026-02-18
EMD-64362,2026-04-01
EMD-64367,2026-03-25
EMD-64377,2026-04-01
EMD-64378,2026-04-01
EMD-64383,2026-04-01
EMD-64387,2026-04-01
EMD-64390,2026-02-18
EMD-64391,2026-02-11
EMD-64393,2026-04-01
EMD-64397,2026-06-24
EMD-64398,2026-06-24
EMD-64399,2026-06-24
EMD-64401,2026-05-06
EMD-64402,2026-04-29
EMD-64403,2026-04-29
EMD-64407,2026-09-23
EMD-64408,2026-05-20
EMD-64458,2026-03-04
EMD-64459,2026-03-04
EMD-64462,2026-05-06
EMD-64463,2026-05-06
EMD-64471,2026-08-05
EMD-64472,2026-08-05
EMD-64473,2026-08-05
EMD-64474,2026-08-05
EMD-64475,2026-08-05
EMD-64476,2026-08-05
EMD-64477,2026-08-05
EMD-64480,2026-04-08
EMD-64483,2026-04-08
EMD-64491,2026-02-18
EMD-64511,2026-03-04
EMD-64512,2026-06-10
EMD-64515,2026-08-19
EMD-64516,2026-04-01
EMD-64519,2026-04-01
EMD-64520,2026-05-27
EMD-64521,2026-05-27
EMD-64522,2026-05-27
EMD-64523,2026-01-21
EMD-64527,2026-05-27
EMD-64528,2026-07-08
EMD-64529,2026-05-27
EMD-64530,2026-05-27
EMD-64532,2026-01-21
EMD-64536,2026-05-06
EMD-64537,2026-05-06
EMD-64538,2026-05-06
EMD-64539,2026-05-06
EMD-64540,2026-05-06
EMD-64541,2026-05-06
EMD-64542,2026-05-06
EMD-64544,2026-04-01
EMD-64545,2026-04-01
EMD-64553,2026-04-22
EMD-64555,2026-01-28
EMD-64556,2026-02-04
EMD-64559,2026-02-04
EMD-64560,2026-05-27
EMD-64563,2026-05-27
EMD-64564,2026-05-27
EMD-64566,2026-03-11
EMD-64567,2026-03-11
EMD-64568,2026-03-11
EMD-64569,2026-03-11
EMD-64570,2026-03-11
EMD-64571,2026-03-11
EMD-64572,2026-03-11
EMD-64576,2026-03-25
EMD-64579,2026-05-06
EMD-64580,2026-05-06
EMD-64584,2026-03-25
EMD-64585,2026-03-25
EMD-64587,2026-05-27
EMD-64588,2026-05-27
EMD-64589,2026-05-27
EMD-64590,2026-05-27
EMD-64597,2026-05-27
EMD-64601,2026-03-18
EMD-64602,2026-05-27
EMD-64604,2026-05-27
EMD-64607,2026-01-21
EMD-64609,2026-06-10
EMD-64620,2026-03-18
EMD-64621,2026-03-18
EMD-64622,2026-03-18
EMD-64658,2026-08-19
EMD-64659,2026-06-10
EMD-64660,2026-06-10
EMD-64661,2026-08-19
EMD-64662,2026-08-19
EMD-64663,2026-06-10
EMD-64674,2026-02-04
EMD-64679,2026-05-27
EMD-64693,2026-02-04
EMD-64739,2026-07-08
EMD-64740,2026-05-27
EMD-64749,2026-07-01
EMD-64751,2026-07-01
EMD-64752,2026-07-01
EMD-64753,2026-04-08
EMD-64754,2026-04-08
EMD-64755,2026-04-01
EMD-64756,2026-07-29
EMD-64757,2026-07-29
EMD-64759,2026-07-29
EMD-64761,2026-07-01
EMD-64762,2026-07-29
EMD-64777,2026-07-01
EMD-64797,2026-04-15
EMD-64802,2026-06-03
EMD-64807,2026-09-23
EMD-64810,2026-06-03
EMD-64823,2026-04-01
EMD-64824,2026-04-01
EMD-64829,2026-05-06
EMD-64830,2026-05-06
EMD-64853,2026-04-15
EMD-64854,2026-04-15
EMD-64855,2026-04-15
EMD-64861,2026-05-27
EMD-64862,2026-05-27
EMD-64896,2026-05-13
EMD-64897,2026-05-13
EMD-64903,2026-04-08
EMD-64904,2026-06-03
EMD-64905,2026-06-03
EMD-64906,2026-06-03
EMD-64907,2026-06-03
EMD-64908,2026-06-03
EMD-64909,2026-06-03
EMD-64910,2026-06-03
EMD-64911,2026-06-03
EMD-64912,2026-06-03
EMD-64913,2026-06-03
EMD-64914,2026-06-03
EMD-64915,2026-06-03
EMD-64916,2026-06-03
EMD-64917,2026-06-03
EMD-64918,2026-06-03
EMD-64919,2026-06-03
EMD-64920,2026-04-08
EMD-64926,2026-02-18
EMD-64927,2026-02-18
EMD-64928,2026-06-10
EMD-64929,2026-02-11
EMD-64930,2026-06-10
EMD-64933,2026-02-11
EMD-64934,2026-04-08
EMD-64935,2026-03-18
EMD-64936,2026-03-18
EMD-64937,2026-03-18
EMD-64938,2026-03-18
EMD-64944,2026-04-29
EMD-64949,2026-04-29
EMD-64952,2026-05-20
EMD-64960,2026-06-10
EMD-64966,2026-04-22
EMD-64967,2026-05-20
EMD-64968,2026-05-20
EMD-64993,2026-06-17
EMD-64998,2026-04-08
EMD-65005,2026-04-08
EMD-65006,2026-04-08
EMD-65007,2026-04-15
EMD-65009,2026-04-15
EMD-65010,2026-04-15
EMD-65025,2026-04-22
EMD-65039,2026-04-01
EMD-65041,2026-08-12
EMD-65048,2026-06-17
EMD-65051,2026-06-17
EMD-65053,2026-09-23
EMD-65054,2026-09-23
EMD-65055,2026-06-24
EMD-65056,2026-06-24
EMD-65060,2026-06-24
EMD-65063,2026-06-24
EMD-65075,2026-06-24
EMD-65077,2026-03-11
EMD-65094,2026-04-08
EMD-65102,2026-06-24
EMD-65103,2026-03-11
EMD-65106,2026-04-01
EMD-65116,2026-06-24
EMD-65117,2026-06-24
EMD-65118,2026-06-24
EMD-65119,2026-06-24
EMD-65120,2026-06-24
EMD-65121,2026-02-18
EMD-65122,2026-06-24
EMD-65137,2026-07-01
EMD-65138,2026-01-14
EMD-65139,2026-01-14
EMD-65140,2026-01-14
EMD-65146,2026-06-10
EMD-65147,2026-07-01
EMD-65153,2026-01-28
EMD-65155,2026-06-10
EMD-65160,2026-01-07
EMD-65161,2026-05-20
EMD-65173,2026-07-01
EMD-65174,2026-06-03
EMD-65187,2026-05-13
EMD-65188,2026-07-15
EMD-65192,2026-03-18
EMD-65193,2026-03-18
EMD-65194,2026-03-18
EMD-65204,2026-07-01
EMD-65205,2026-07-01
EMD-65206,2026-07-01
EMD-65207,2026-07-01
EMD-65208,2026-01-21
EMD-65209,2026-01-21
EMD-65218,2026-01-28
EMD-65219,2026-01-28
EMD-65220,2026-01-28
EMD-65221,2026-01-28
EMD-65222,2026-03-18
EMD-65239,2026-07-01
EMD-65253,2026-05-13
EMD-65254,2026-07-08
EMD-65255,2026-07-08
EMD-65271,2026-07-01
EMD-65272,2026-07-08
EMD-65273,2026-07-08
EMD-65274,2026-07-08
EMD-65275,2026-07-01
EMD-65276,2026-07-01
EMD-65277,2026-07-01
EMD-65278,2026-07-01
EMD-65279,2026-07-08
EMD-65280,2026-07-08
EMD-65281,2026-07-08
EMD-65282,2026-04-01
EMD-65283,2026-04-01
EMD-65284,2026-04-01
EMD-65285,2026-04-01
EMD-65295,2026-05-13
EMD-65296,2026-05-13
EMD-65314,2026-07-08
EMD-65343,2026-07-08
EMD-65347,2026-07-15
EMD-65348,2026-07-15
EMD-65349,2026-07-15
EMD-65356,2026-03-11
EMD-65357,2026-03-11
EMD-65358,2026-03-11
EMD-65359,2026-03-11
EMD-65360,2026-06-17
EMD-65361,2026-06-17
EMD-65363,2026-07-15
EMD-65364,2026-05-27
EMD-65365,2026-05-27
EMD-65366,2026-05-27
EMD-65367,2026-05-27
EMD-65368,2026-05-27
EMD-65369,2026-07-01
EMD-65370,2026-07-15
EMD-65371,2026-07-22
EMD-65376,2026-07-15
EMD-65379,2026-03-25
EMD-65382,2026-03-25
EMD-65383,2026-07-22
EMD-65385,2026-01-14
EMD-65392,2026-07-22
EMD-65393,2026-07-22
EMD-65394,2026-07-22
EMD-65395,2026-07-22
EMD-65396,2026-07-22
EMD-65397,2026-07-22
EMD-65398,2026-07-22
EMD-65399,2026-09-09
EMD-65400,2026-07-22
EMD-65401,2026-07-22
EMD-65403,2026-02-11
EMD-65437,2026-07-22
EMD-65440,2026-07-22
EMD-65441,2026-07-22
EMD-65442,2026-04-29
EMD-65444,2026-04-29
EMD-65445,2026-04-29
EMD-65446,2026-04-29
EMD-65447,2026-04-29
EMD-65448,2026-04-29
EMD-65476,2026-07-29
EMD-65477,2026-07-29
EMD-65478,2026-02-11
EMD-65482,2026-07-29
EMD-65488,2026-07-29
EMD-65500,2026-07-29
EMD-65502,2026-07-29
EMD-65503,2026-07-29
EMD-65504,2026-07-29
EMD-65505,2026-07-29
EMD-65506,2026-07-29
EMD-65507,2026-07-29
EMD-65508,2026-06-03
EMD-65510,2026-06-03
EMD-65511,2026-04-22
EMD-65512,2026-04-22
EMD-65513,2026-04-22
EMD-65514,2026-04-22
EMD-65515,2026-04-22
EMD-65516,2026-04-22
EMD-65518,2026-04-22
EMD-65520,2026-03-18
EMD-65523,2026-03-18
EMD-65525,2026-03-18
EMD-65549,2026-06-17
EMD-65560,2026-04-29
EMD-65561,2026-04-29
EMD-65563,2026-04-29
EMD-65564,2026-04-29
EMD-65565,2026-04-29
EMD-65569,2026-04-22
EMD-65570,2026-06-17
EMD-65571,2026-06-17
EMD-65572,2026-06-17
EMD-65573,2026-06-17
EMD-65577,2026-04-01
EMD-65578,2026-04-01
EMD-65580,2026-04-01
EMD-65581,2026-04-01
EMD-65582,2026-07-08
EMD-65583,2026-04-01
EMD-65584,2026-04-01
EMD-65585,2026-04-01
EMD-65588,2026-01-21
EMD-65589,2026-01-21
EMD-65590,2026-08-05
EMD-65591,2026-07-08
EMD-65592,2026-07-08
EMD-65593,2026-07-22
EMD-65595,2026-04-01
EMD-65597,2026-04-29
EMD-65598,2026-04-29
EMD-65599,2026-06-10
EMD-65600,2026-04-29
EMD-65603,2026-05-06
EMD-65604,2026-05-06
EMD-65609,2026-03-04
EMD-65613,2026-04-08
EMD-65614,2026-08-05
EMD-65615,2026-08-05
EMD-65617,2026-07-01
EMD-65621,2026-03-04
EMD-65624,2026-08-05
EMD-65625,2026-08-05
EMD-65626,2026-08-05
EMD-65634,2026-07-01
EMD-65635,2026-04-15
EMD-65636,2026-08-05
EMD-65637,2026-08-05
EMD-65640,2026-08-05
EMD-65641,2026-08-05
EMD-65646,2026-08-12
EMD-65648,2026-06-03
EMD-65649,2026-06-03
EMD-65652,2026-09-23
EMD-65674,2026-05-27
EMD-65675,2026-05-27
EMD-65676,2026-05-27
EMD-65677,2026-05-27
EMD-65678,2026-05-27
EMD-65704,2026-08-05
EMD-65724,2026-09-23
EMD-65728,2026-08-12
EMD-65729,2026-04-15
EMD-65735,2026-05-06
EMD-65736,2026-08-12
EMD-65737,2026-08-12
EMD-65740,2026-08-12
EMD-65741,2026-08-12
EMD-65747,2026-06-24
EMD-65748,2026-06-24
EMD-65758,2026-01-28
EMD-65765,2026-05-27
EMD-65766,2026-05-27
EMD-65767,2026-05-27
EMD-65768,2026-05-27
EMD-65769,2026-05-27
EMD-65770,2026-05-27
EMD-65772,2026-06-17
EMD-65815,2026-08-26
EMD-65817,2026-03-04
EMD-65818,2026-03-04
EMD-65819,2026-03-04
EMD-65820,2026-05-27
EMD-65821,2026-05-27
EMD-65847,2026-06-24
EMD-65849,2026-08-19
EMD-65850,2026-08-19
EMD-65854,2026-02-18
EMD-65856,2026-06-24
EMD-65858,2026-01-28
EMD-65859,2026-01-28
EMD-65877,2026-08-05
EMD-65878,2026-07-01
EMD-65879,2026-07-01
EMD-65880,2026-08-26
EMD-65881,2026-08-26
EMD-65882,2026-08-26
EMD-65883,2026-04-15
EMD-65885,2026-04-01
EMD-65886,2026-04-01
EMD-65887,2026-04-01
EMD-65888,2026-04-01
EMD-65889,2026-04-15
EMD-65890,2026-07-01
EMD-65893,2026-08-26
EMD-65894,2026-01-14
EMD-65896,2026-08-26
EMD-65900,2026-08-26
EMD-65905,2026-08-26
EMD-65909,2026-08-26
EMD-65914,2026-07-15
EMD-65915,2026-08-19
EMD-65916,2026-08-26
EMD-65918,2026-02-25
EMD-65919,2026-08-26
EMD-65920,2026-08-26
EMD-65921,2026-04-22
EMD-65922,2026-04-01
EMD-65923,2026-04-01
EMD-65924,2026-03-18
EMD-65925,2026-04-01
EMD-65927,2026-01-21
EMD-65928,2026-06-03
EMD-65930,2026-04-01
EMD-65932,2026-04-01
EMD-65933,2026-07-15
EMD-65936,2026-06-03
EMD-65937,2026-06-03
EMD-65941,2026-09-23
EMD-65942,2026-08-26
EMD-65943,2026-06-03
EMD-65947,2026-06-17
EMD-65949,2026-08-26
EMD-65950,2026-04-01
EMD-65951,2026-06-03
EMD-65952,2026-06-17
EMD-65990,2026-08-05
EMD-65991,2026-08-05
EMD-65992,2026-08-05
EMD-65993,2026-08-05
EMD-65995,2026-07-01
EMD-65999,2026-07-01
EMD-66010,2026-09-02
EMD-66012,2026-09-02
EMD-66028,2026-09-02
EMD-66036,2026-09-09
EMD-66037,2026-09-09
EMD-66041,2026-09-09
EMD-66051,2026-06-03
EMD-66052,2026-06-03
EMD-66072,2026-03-04
EMD-66073,2026-06-17
EMD-66087,2026-05-13
EMD-66088,2026-09-23
EMD-66092,2026-04-15
EMD-66094,2026-09-09
EMD-66096,2026-03-25
EMD-66097,2026-03-25
EMD-66098,2026-03-25
EMD-66099,2026-03-25
EMD-66100,2026-03-25
EMD-66101,2026-07-01
EMD-66102,2026-07-01
EMD-66113,2026-09-09
EMD-66114,2026-09-09
EMD-66116,2026-09-09
EMD-66117,2026-09-09
EMD-66123,2026-09-09
EMD-66124,2026-09-09
EMD-66135,2026-04-29
EMD-66140,2026-08-26
EMD-66141,2026-09-02
EMD-66142,2026-09-02
EMD-66143,2026-04-22
EMD-66144,2026-06-10
EMD-66145,2026-01-28
EMD-66146,2026-09-16
EMD-66152,2026-09-16
EMD-66153,2026-06-10
EMD-66155,2026-06-10
EMD-66156,2026-06-10
EMD-66157,2026-04-01
EMD-66158,2026-04-01
EMD-66159,2026-09-16
EMD-66160,2026-09-16
EMD-66164,2026-09-16
EMD-66165,2026-09-16
EMD-66174,2026-05-27
EMD-66175,2026-05-27
EMD-66176,2026-05-27
EMD-66177,2026-05-27
EMD-66178,2026-05-27
EMD-66180,2026-06-10
EMD-66181,2026-03-11
EMD-66187,2026-09-16
EMD-66188,2026-09-16
EMD-66189,2026-09-16
EMD-66192,2026-06-10
EMD-66194,2026-01-07
EMD-66197,2026-09-16
EMD-66200,2026-09-16
EMD-66201,2026-07-01
EMD-66203,2026-03-18
EMD-66204,2026-03-18
EMD-66211,2026-05-06
EMD-66212,2026-05-06
EMD-66213,2026-05-06
EMD-66215,2026-01-07
EMD-66223,2026-09-23
EMD-66226,2026-09-23
EMD-66227,2026-09-23
EMD-66228,2026-09-23
EMD-66257,2026-05-27
EMD-66258,2026-05-27
EMD-66259,2026-09-23
EMD-66260,2026-02-11
EMD-66261,2026-09-23
EMD-66262,2026-05-27
EMD-66264,2026-06-03
EMD-66267,2026-05-27
EMD-66270,2026-09-23
EMD-66271,2026-09-23
EMD-66272,2026-09-23
EMD-66273,2026-09-23
EMD-66275,2026-09-23
EMD-66279,2026-08-05
EMD-66280,2026-08-05
EMD-66281,2026-08-05
EMD-66282,2026-07-15
EMD-66283,2026-07-15
EMD-66284,2026-07-15
EMD-66285,2026-09-23
EMD-66287,2026-09-23
EMD-66300,2026-04-01
EMD-66304,2026-04-01
EMD-66305,2026-06-24
EMD-66306,2026-06-24
EMD-66332,2026-03-25
EMD-66339,2026-03-25
EMD-66342,2026-06-03
EMD-66345,2026-07-08
EMD-66353,2026-08-05
EMD-66359,2026-02-18
EMD-66366,2026-01-21
EMD-66367,2026-05-20
EMD-66368,2026-05-20
EMD-66369,2026-05-20
EMD-66373,2026-01-07
EMD-66376,2026-04-15
EMD-66378,2026-02-11
EMD-66379,2026-02-11
EMD-66380,2026-02-11
EMD-66407,2026-02-18
EMD-66408,2026-02-18
EMD-66409,2026-02-18
EMD-66410,2026-02-18
EMD-66411,2026-02-18
EMD-66419,2026-02-18
EMD-66420,2026-03-18
EMD-66431,2026-07-15
EMD-66432,2026-07-15
EMD-66433,2026-02-11
EMD-66435,2026-03-18
EMD-66436,2026-06-03
EMD-66437,2026-06-03
EMD-66439,2026-08-26
EMD-66440,2026-08-26
EMD-66447,2026-06-10
EMD-66448,2026-06-10
EMD-66449,2026-06-10
EMD-66462,2026-02-04
EMD-66467,2026-06-10
EMD-66468,2026-05-06
EMD-66470,2026-03-25
EMD-66473,2026-06-10
EMD-66474,2026-04-08
EMD-66475,2026-04-08
EMD-66476,2026-04-08
EMD-66477,2026-04-15
EMD-66478,2026-09-09
EMD-66479,2026-03-04
EMD-66480,2026-09-23
EMD-66494,2026-08-19
EMD-66501,2026-06-03
EMD-66502,2026-06-03
EMD-66504,2026-07-22
EMD-66505,2026-07-22
EMD-66506,2026-07-22
EMD-66507,2026-07-22
EMD-66508,2026-07-22
EMD-66514,2026-04-15
EMD-66515,2026-04-15
EMD-66516,2026-05-20
EMD-66517,2026-05-20
EMD-66531,2026-06-03
EMD-66532,2026-06-03
EMD-66533,2026-06-03
EMD-66534,2026-06-03
EMD-66535,2026-06-03
EMD-66536,2026-06-03
EMD-66537,2026-06-03
EMD-66544,2026-05-27
EMD-66576,2026-03-25
EMD-66577,2026-03-25
EMD-66586,2026-07-08
EMD-66587,2026-07-08
EMD-66589,2026-06-03
EMD-66595,2026-06-10
EMD-66599,2026-04-29
EMD-66600,2026-04-29
EMD-66601,2026-04-29
EMD-66602,2026-04-29
EMD-66603,2026-04-29
EMD-66604,2026-04-29
EMD-66607,2026-05-27
EMD-66632,2026-08-26
EMD-66658,2026-01-07
EMD-66660,2026-01-07
EMD-66661,2026-01-07
EMD-66669,2026-09-23
EMD-66671,2026-09-02
EMD-66675,2026-07-22
EMD-66695,2026-02-04
EMD-66696,2026-01-28
EMD-66710,2026-08-26
EMD-66714,2026-09-16
EMD-66723,2026-07-08
EMD-66727,2026-03-18
EMD-66728,2026-03-18
EMD-66732,2026-09-09
EMD-66735,2026-09-09
EMD-66750,2026-03-11
EMD-66754,2026-05-06
EMD-66760,2026-08-12
EMD-66761,2026-08-12
EMD-66762,2026-01-28
EMD-66763,2026-01-28
EMD-66764,2026-09-09
EMD-66771,2026-07-08
EMD-66773,2026-07-08
EMD-66788,2026-01-28
EMD-66801,2026-07-08
EMD-66821,2026-09-16
EMD-66822,2026-09-09
EMD-66823,2026-09-16
EMD-66824,2026-09-16
EMD-66834,2026-09-16
EMD-66842,2026-07-15
EMD-66843,2026-07-15
EMD-66859,2026-06-24
EMD-66860,2026-09-09
EMD-66861,2026-09-09
EMD-66864,2026-09-23
EMD-66874,2026-04-22
EMD-66875,2026-04-22
EMD-66890,2026-08-12
EMD-66892,2026-08-12
EMD-66893,2026-08-12
EMD-66894,2026-08-12
EMD-66896,2026-08-12
EMD-66897,2026-08-12
EMD-66898,2026-08-12
EMD-66899,2026-08-12
EMD-66900,2026-08-12
EMD-66901,2026-08-12
EMD-66911,2026-07-01
EMD-66912,2026-07-01
EMD-66913,2026-07-01
EMD-66922,2026-09-23
EMD-66923,2026-09-23
EMD-66925,2026-08-12
EMD-66928,2026-09-23
EMD-66930,2026-09-23
EMD-66932,2026-08-12
EMD-66938,2026-09-02
EMD-66939,2026-03-25
EMD-66940,2026-03-25
EMD-66942,2026-09-23
EMD-66945,2026-05-27
EMD-66953,2026-06-03
EMD-66968,2026-09-02
EMD-66973,2026-04-29
EMD-67027,2026-04-15
EMD-67054,2026-06-24
EMD-67055,2026-06-24
EMD-67062,2026-08-05
EMD-67063,2026-08-05
EMD-67064,2026-08-26
EMD-67065,2026-08-26
EMD-67066,2026-08-05
EMD-67067,2026-08-05
EMD-67068,2026-08-05
EMD-67069,2026-08-05
EMD-67070,2026-08-05
EMD-67094,2026-02-11
EMD-67095,2026-02-11
EMD-67096,2026-02-11
EMD-67102,2026-02-11
EMD-67107,2026-01-07
EMD-67110,2026-02-04
EMD-67119,2026-02-04
EMD-67121,2026-02-11
EMD-67147,2026-03-18
EMD-67153,2026-03-18
EMD-67166,2026-05-13
EMD-67181,2026-09-09
EMD-67183,2026-06-24
EMD-67233,2026-09-02
EMD-67234,2026-09-16
EMD-67251,2026-07-22
EMD-67269,2026-04-08
EMD-67270,2026-04-08
EMD-67271,2026-04-08
EMD-67273,2026-06-24
EMD-67274,2026-04-08
EMD-67276,2026-04-08
EMD-67287,2026-04-08
EMD-67288,2026-04-08
EMD-67289,2026-04-08
EMD-67296,2026-04-08
EMD-67300,2026-08-12
EMD-67303,2026-04-08
EMD-67325,2026-09-23
EMD-67327,2026-09-23
EMD-67328,2026-09-23
EMD-67330,2026-08-12
EMD-67335,2026-07-08
EMD-67337,2026-08-12
EMD-67338,2026-08-12
EMD-67374,2026-04-15
EMD-67392,2026-04-15
EMD-67417,2026-02-18
EMD-67418,2026-02-18
EMD-67420,2026-04-22
EMD-67421,2026-04-22
EMD-67423,2026-07-08
EMD-67426,2026-06-03
EMD-67427,2026-06-03
EMD-67429,2026-06-03
EMD-67430,2026-06-03
EMD-67431,2026-06-03
EMD-67432,2026-06-03
EMD-67433,2026-06-03
EMD-67434,2026-06-03
EMD-67436,2026-08-05
EMD-67439,2026-06-17
EMD-67446,2026-04-08
EMD-67447,2026-04-08
EMD-67448,2026-03-25
EMD-67470,2026-03-11
EMD-67514,2026-09-09
EMD-67523,2026-05-06
EMD-67524,2026-04-29
EMD-67539,2026-04-29
EMD-67541,2026-04-29
EMD-67574,2026-07-08
EMD-67586,2026-04-22
EMD-67602,2026-02-11
EMD-67603,2026-04-01
EMD-67612,2026-06-17
EMD-67613,2026-06-17
EMD-67623,2026-05-20
EMD-67624,2026-04-01
EMD-67625,2026-05-20
EMD-67626,2026-05-20
EMD-67627,2026-05-20
EMD-67628,2026-05-20
EMD-67634,2026-04-15
EMD-67646,2026-08-05
EMD-67656,2026-08-12
EMD-67657,2026-08-12
EMD-67658,2026-09-02
EMD-67659,2026-09-02
EMD-67660,2026-09-02
EMD-67739,2026-04-29
EMD-67740,2026-04-29
EMD-67778,2026-06-03
EMD-67779,2026-06-03
EMD-67780,2026-06-03
EMD-67804,2026-08-12
EMD-67812,2026-03-11
EMD-67813,2026-03-11
EMD-67846,2026-05-27
EMD-67847,2026-05-27
EMD-67854,2026-05-06
EMD-67855,2026-08-26
EMD-67856,2026-08-26
EMD-67857,2026-08-26
EMD-67869,2026-05-27
EMD-67942,2026-09-23
EMD-67943,2026-09-23
EMD-67944,2026-09-23
EMD-67945,2026-09-16
EMD-67950,2026-05-27
EMD-67951,2026-09-16
EMD-67990,2026-03-25
EMD-67991,2026-03-11
EMD-67994,2026-04-29
EMD-67995,2026-09-09
EMD-68019,2026-07-22
EMD-68036,2026-07-22
EMD-68037,2026-07-22
EMD-68038,2026-07-22
EMD-68052,2026-07-22
EMD-68061,2026-08-12
EMD-68072,2026-04-29
EMD-68133,2026-04-01
EMD-68134,2026-04-01
EMD-68141,2026-06-03
EMD-68142,2026-06-03
EMD-68143,2026-06-03
EMD-68145,2026-06-03
EMD-68146,2026-06-03
EMD-68147,2026-06-03
EMD-68148,2026-06-03
EMD-68149,2026-06-03
EMD-68150,2026-06-03
EMD-68151,2026-06-03
EMD-68152,2026-06-03
EMD-68153,2026-06-03
EMD-68158,2026-07-29
EMD-68159,2026-07-29
EMD-68177,2026-07-22
EMD-68188,2026-09-02
EMD-68189,2026-09-02
EMD-68190,2026-09-02
EMD-68191,2026-09-02
EMD-68192,2026-09-02
EMD-68193,2026-09-02
EMD-68208,2026-05-06
EMD-68217,2026-05-06
EMD-68252,2026-09-02
EMD-68262,2026-07-22
EMD-68263,2026-07-22
EMD-68264,2026-07-22
EMD-68270,2026-08-12
EMD-68274,2026-08-05
EMD-68281,2026-04-22
EMD-68387,2026-08-12
EMD-68388,2026-09-09
EMD-68389,2026-02-04
EMD-68390,2026-09-09
EMD-68393,2026-08-26
EMD-68398,2026-08-26
EMD-68429,2026-09-02
EMD-68472,2026-04-01
EMD-68536,2026-07-01
EMD-68575,2026-08-05
EMD-68583,2026-09-16
EMD-68584,2026-08-26
EMD-68593,2026-02-04
EMD-68607,2026-08-12
EMD-68608,2026-08-12
EMD-68609,2026-08-12
EMD-68610,2026-08-12
EMD-68611,2026-08-12
EMD-68616,2026-04-29
EMD-68620,2026-06-03
EMD-68626,2026-06-03
EMD-68645,2026-08-26
EMD-68655,2026-08-19
EMD-68657,2026-08-19
EMD-68717,2026-06-17
EMD-68728,2026-05-20
EMD-68735,2026-09-16
EMD-68737,2026-09-16
EMD-68739,2026-09-16
EMD-68747,2026-04-22
EMD-68756,2026-02-11
EMD-68820,2026-09-09
EMD-68823,2026-06-24
EMD-68825,2026-06-24
EMD-68830,2026-09-09
EMD-68840,2026-07-08
EMD-68851,2026-09-09
EMD-68865,2026-08-12
EMD-68883,2026-09-09
EMD-68913,2026-08-26
EMD-68914,2026-08-26
EMD-68915,2026-08-26
EMD-68917,2026-08-26
EMD-68918,2026-08-26
EMD-68919,2026-05-13
EMD-68920,2026-08-26
EMD-68921,2026-08-26
EMD-68925,2026-08-12
EMD-68941,2026-09-09
EMD-68960,2026-09-09
EMD-68988,2026-08-12
EMD-68990,2026-08-12
EMD-68992,2026-08-12
EMD-69003,2026-09-09
EMD-69004,2026-09-09
EMD-69005,2026-05-20
EMD-69006,2026-05-20
EMD-69118,2026-08-19
EMD-69126,2026-07-01
EMD-69143,2026-06-03
EMD-69144,2026-06-03
EMD-69145,2026-06-03
EMD-69155,2026-09-09
EMD-69160,2026-09-02
EMD-69161,2026-09-02
EMD-69162,2026-09-02
EMD-69207,2026-05-27
EMD-69208,2026-05-27
EMD-69212,2026-05-27
EMD-69218,2026-07-01
EMD-69219,2026-06-03
EMD-69220,2026-06-03
EMD-69221,2026-07-01
EMD-69321,2026-08-05
EMD-69322,2026-08-05
EMD-69323,2026-08-05
EMD-69357,2026-08-05
EMD-69358,2026-04-08
EMD-69359,2026-04-08
EMD-69360,2026-04-08
EMD-69488,2026-09-16
EMD-69539,2026-07-29
EMD-69549,2026-07-29
EMD-69590,2026-06-10
EMD-69647,2026-05-06
EMD-69681,2026-05-27
EMD-69682,2026-05-27
EMD-69683,2026-05-27
EMD-69759,2026-07-08
EMD-69776,2026-05-27
EMD-69786,2026-06-10
EMD-69803,2026-07-08
EMD-69804,2026-07-08
EMD-69835,2026-07-01
EMD-69836,2026-07-01
EMD-69837,2026-07-01
EMD-69840,2026-08-12
EMD-69841,2026-08-12
EMD-69842,2026-08-12
EMD-69844,2026-08-12
EMD-69845,2026-08-12
EMD-69846,2026-08-12
EMD-69847,2026-08-12
EMD-69848,2026-08-12
EMD-69849,2026-08-12
EMD-69850,2026-08-12
EMD-69851,2026-08-12
EMD-69852,2026-08-12
EMD-69853,2026-08-12
EMD-69854,2026-08-12
EMD-69856,2026-08-12
EMD-69857,2026-08-12
EMD-69858,2026-08-12
EMD-69886,2026-07-08
EMD-69904,2026-06-10
EMD-69905,2026-06-10
EMD-69907,2026-08-26
EMD-70008,2026-04-15
EMD-70011,2026-05-06
EMD-70012,2026-05-06
EMD-70013,2026-05-06
EMD-70014,2026-05-06
EMD-70015,2026-05-06
EMD-70071,2026-04-01
EMD-70079,2026-05-20
EMD-70087,2026-05-06
EMD-70090,2026-04-08
EMD-70094,2026-04-08
EMD-70096,2026-05-06
EMD-70100,2026-03-04
EMD-70112,2026-05-06
EMD-70128,2026-05-06
EMD-70135,2026-02-18
EMD-70140,2026-01-21
EMD-70146,2026-05-06
EMD-70159,2026-01-21
EMD-70168,2026-04-22
EMD-70173,2026-04-22
EMD-70195,2026-05-13
EMD-70196,2026-05-13
EMD-70197,2026-05-13
EMD-70198,2026-05-13
EMD-70200,2026-05-13
EMD-70204,2026-07-08
EMD-70223,2026-02-25
EMD-70231,2026-02-04
EMD-70233,2026-02-04
EMD-70234,2026-02-04
EMD-70235,2026-02-04
EMD-70236,2026-02-04
EMD-70242,2026-01-07
EMD-70243,2026-01-07
EMD-70244,2026-01-07
EMD-70245,2026-01-07
EMD-70273,2026-05-20
EMD-70276,2026-02-04
EMD-70277,2026-01-21
EMD-70278,2026-01-28
EMD-70287,2026-01-21
EMD-70297,2026-05-06
EMD-70298,2026-05-06
EMD-70299,2026-05-06
EMD-70300,2026-05-06
EMD-70301,2026-05-06
EMD-70302,2026-05-06
EMD-70303,2026-05-06
EMD-70304,2026-05-06
EMD-70305,2026-05-06
EMD-70306,2026-05-06
EMD-70307,2026-05-06
EMD-70356,2026-03-04
EMD-70357,2026-03-04
EMD-70359,2026-03-04
EMD-70360,2026-03-04
EMD-70364,2026-01-07
EMD-70365,2026-01-07
EMD-70366,2026-01-07
EMD-70369,2026-03-04
EMD-70370,2026-03-04
EMD-70371,2026-03-04
EMD-70376,2026-02-25
EMD-70377,2026-04-29
EMD-70380,2026-06-03
EMD-70381,2026-06-03
EMD-70382,2026-06-03
EMD-70383,2026-06-03
EMD-70384,2026-06-03
EMD-70385,2026-06-03
EMD-70386,2026-06-03
EMD-70387,2026-06-03
EMD-70388,2026-06-03
EMD-70389,2026-06-03
EMD-70390,2026-06-03
EMD-70395,2026-02-11
EMD-70397,2026-07-08
EMD-70398,2026-07-08
EMD-70399,2026-08-26
EMD-70402,2026-08-26
EMD-70403,2026-08-26
EMD-70421,2026-02-25
EMD-70433,2026-08-26
EMD-70468,2026-03-18
EMD-70486,2026-03-11
EMD-70487,2026-03-11
EMD-70488,2026-03-11
EMD-70489,2026-03-11
EMD-70496,2026-03-18
EMD-70500,2026-05-27
EMD-70501,2026-05-27
EMD-70502,2026-02-04
EMD-70503,2026-02-04
EMD-70527,2026-03-18
EMD-70529,2026-09-23
EMD-70543,2026-03-18
EMD-70555,2026-08-12
EMD-70556,2026-08-12
EMD-70561,2026-07-08
EMD-70567,2026-07-08
EMD-70568,2026-06-17
EMD-70570,2026-05-27
EMD-70571,2026-05-27
EMD-70572,2026-05-27
EMD-70589,2026-01-28
EMD-70595,2026-03-25
EMD-70596,2026-03-25
EMD-70597,2026-03-25
EMD-70601,2026-03-25
EMD-70602,2026-03-18
EMD-70604,2026-08-12
EMD-70607,2026-05-27
EMD-70609,2026-04-01
EMD-70611,2026-03-18
EMD-70617,2026-03-18
EMD-70624,2026-04-01
EMD-70625,2026-04-01
EMD-70627,2026-04-01
EMD-70628,2026-05-27
EMD-70629,2026-03-18
EMD-70642,2026-02-18
EMD-70643,2026-02-18
EMD-70676,2026-02-04
EMD-70719,2026-07-29
EMD-70721,2026-05-13
EMD-70722,2026-05-13
EMD-70724,2026-03-25
EMD-70742,2026-05-27
EMD-70746,2026-05-27
EMD-70780,2026-06-03
EMD-70791,2026-01-28
EMD-70794,2026-02-25
EMD-70800,2026-03-11
EMD-70805,2026-05-06
EMD-70806,2026-05-13
EMD-70807,2026-05-06
EMD-70809,2026-06-17
EMD-70810,2026-06-17
EMD-70811,2026-06-17
EMD-70828,2026-05-27
EMD-70832,2026-03-11
EMD-70837,2026-05-27
EMD-70872,2026-02-18
EMD-70873,2026-02-18
EMD-70874,2026-02-18
EMD-70875,2026-02-18
EMD-70876,2026-02-18
EMD-70877,2026-02-18
EMD-70878,2026-03-11
EMD-70884,2026-03-11
EMD-70885,2026-05-27
EMD-70886,2026-06-10
EMD-70889,2026-02-18
EMD-70890,2026-06-24
EMD-70894,2026-05-27
EMD-70898,2026-05-27
EMD-70900,2026-05-27
EMD-70901,2026-05-27
EMD-70902,2026-05-27
EMD-70903,2026-05-27
EMD-70904,2026-05-27
EMD-70905,2026-06-10
EMD-70912,2026-04-08
EMD-70919,2026-04-08
EMD-70920,2026-04-08
EMD-70926,2026-06-10
EMD-70927,2026-07-08
EMD-70928,2026-07-08
EMD-70929,2026-07-08
EMD-70930,2026-07-08
EMD-70964,2026-04-22
EMD-70965,2026-04-22
EMD-70981,2026-08-12
EMD-70982,2026-08-12
EMD-70988,2026-04-22
EMD-70989,2026-04-22
EMD-71012,2026-08-12
EMD-71018,2026-04-29
EMD-71042,2026-02-25
EMD-71047,2026-02-25
EMD-71049,2026-02-25
EMD-71057,2026-02-25
EMD-71059,2026-02-25
EMD-71076,2026-09-23
EMD-71079,2026-04-29
EMD-71080,2026-04-29
EMD-71081,2026-04-29
EMD-71088,2026-01-28
EMD-71089,2026-06-10
EMD-71135,2026-06-17
EMD-71144,2026-07-01
EMD-71158,2026-04-08
EMD-71245,2026-01-07
EMD-71246,2026-01-07
EMD-71250,2026-01-07
EMD-71251,2026-01-07
EMD-71252,2026-01-07
EMD-71253,2026-01-07
EMD-71254,2026-01-07
EMD-71255,2026-01-07
EMD-71256,2026-01-07
EMD-71257,2026-01-07
EMD-71265,2026-07-22
EMD-71273,2026-04-15
EMD-71274,2026-04-15
EMD-71275,2026-04-15
EMD-71276,2026-04-15
EMD-71277,2026-04-15
EMD-71278,2026-04-15
EMD-71279,2026-04-15
EMD-71299,2026-02-25
EMD-71300,2026-02-25
EMD-71307,2026-04-29
EMD-71308,2026-04-29
EMD-71324,2026-03-25
EMD-71326,2026-07-01
EMD-71327,2026-07-01
EMD-71328,2026-01-21
EMD-71352,2026-03-25
EMD-71358,2026-03-25
EMD-71359,2026-03-25
EMD-71361,2026-03-25
EMD-71362,2026-03-25
EMD-71363,2026-03-25
EMD-71364,2026-03-25
EMD-71365,2026-03-25
EMD-71366,2026-03-25
EMD-71367,2026-03-25
EMD-71368,2026-03-25
EMD-71369,2026-03-25
EMD-71370,2026-03-25
EMD-71391,2026-03-25
EMD-71394,2026-04-08
EMD-71395,2026-03-25
EMD-71405,2026-01-28
EMD-71407,2026-01-28
EMD-71408,2026-01-28
EMD-71409,2026-01-28
EMD-71417,2026-04-29
EMD-71418,2026-04-29
EMD-71419,2026-07-01
EMD-71420,2026-07-01
EMD-71421,2026-07-01
EMD-71422,2026-07-01
EMD-71426,2026-07-01
EMD-71429,2026-07-01
EMD-71430,2026-07-01
EMD-71431,2026-07-01
EMD-71432,2026-07-01
EMD-71433,2026-07-01
EMD-71434,2026-07-01
EMD-71436,2026-03-04
EMD-71444,2026-03-25
EMD-71448,2026-03-04
EMD-71454,2026-03-25
EMD-71455,2026-04-08
EMD-71539,2026-02-04
EMD-71549,2026-03-25
EMD-71550,2026-04-22
EMD-71551,2026-04-22
EMD-71552,2026-04-22
EMD-71553,2026-04-22
EMD-71554,2026-04-22
EMD-71555,2026-07-22
EMD-71566,2026-08-12
EMD-71580,2026-08-19
EMD-71582,2026-09-09
EMD-71602,2026-07-01
EMD-71603,2026-07-01
EMD-71626,2026-07-22
EMD-71631,2026-02-04
EMD-71647,2026-06-24
EMD-71654,2026-06-24
EMD-71655,2026-06-17
EMD-71664,2026-06-03
EMD-71665,2026-06-03
EMD-71666,2026-06-03
EMD-71670,2026-04-29
EMD-71677,2026-03-04
EMD-71678,2026-03-04
EMD-71680,2026-07-01
EMD-71681,2026-07-01
EMD-71685,2026-06-03
EMD-71702,2026-04-29
EMD-71703,2026-04-29
EMD-71705,2026-01-07
EMD-71706,2026-01-07
EMD-71707,2026-01-07
EMD-71708,2026-01-07
EMD-71720,2026-07-22
EMD-71721,2026-07-22
EMD-71728,2026-01-21
EMD-71740,2026-07-01
EMD-71741,2026-07-01
EMD-71742,2026-07-22
EMD-71746,2026-09-16
EMD-71747,2026-09-16
EMD-71748,2026-09-16
EMD-71749,2026-09-16
EMD-71770,2026-03-04
EMD-71775,2026-03-04
EMD-71776,2026-03-04
EMD-71777,2026-03-04
EMD-71778,2026-03-04
EMD-71779,2026-03-04
EMD-71780,2026-03-04
EMD-71784,2026-02-25
EMD-71786,2026-02-25
EMD-71787,2026-02-25
EMD-71788,2026-02-25
EMD-71789,2026-02-25
EMD-71790,2026-02-25
EMD-71796,2026-02-04
EMD-71798,2026-02-25
EMD-71799,2026-02-25
EMD-71800,2026-02-25
EMD-71813,2026-07-01
EMD-71816,2026-02-25
EMD-71817,2026-02-25
EMD-71823,2026-06-03
EMD-71830,2026-07-22
EMD-71831,2026-05-06
EMD-71844,2026-08-05
EMD-71845,2026-08-05
EMD-71847,2026-07-01
EMD-71869,2026-05-27
EMD-71871,2026-05-27
EMD-71872,2026-08-05
EMD-71873,2026-08-05
EMD-71874,2026-08-05
EMD-71877,2026-06-10
EMD-71878,2026-06-10
EMD-71880,2026-08-05
EMD-71888,2026-08-12
EMD-71889,2026-08-12
EMD-71893,2026-08-26
EMD-71894,2026-06-10
EMD-71901,2026-08-26
EMD-71905,2026-04-08
EMD-71909,2026-04-08
EMD-71914,2026-04-08
EMD-71937,2026-08-26
EMD-71961,2026-08-12
EMD-71966,2026-01-28
EMD-71969,2026-06-10
EMD-71970,2026-06-10
EMD-71971,2026-06-10
EMD-71972,2026-07-22
EMD-71973,2026-07-22
EMD-71975,2026-05-20
EMD-71994,2026-06-17
EMD-72009,2026-06-17
EMD-72030,2026-02-18
EMD-72031,2026-06-17
EMD-72033,2026-06-17
EMD-72035,2026-06-17
EMD-72060,2026-07-01
EMD-72061,2026-07-01
EMD-72067,2026-08-12
EMD-72073,2026-08-19
EMD-72074,2026-08-19
EMD-72087,2026-01-14
EMD-72088,2026-01-14
EMD-72094,2026-05-27
EMD-72096,2026-08-26
EMD-72097,2026-08-26
EMD-72098,2026-08-26
EMD-72099,2026-06-03
EMD-72100,2026-06-03
EMD-72101,2026-06-03
EMD-72103,2026-08-26
EMD-72106,2026-08-26
EMD-72107,2026-08-26
EMD-72109,2026-01-14
EMD-72110,2026-01-14
EMD-72116,2026-01-14
EMD-72125,2026-06-10
EMD-72144,2026-08-26
EMD-72146,2026-07-01
EMD-72147,2026-07-01
EMD-72149,2026-07-01
EMD-72151,2026-07-01
EMD-72165,2026-07-29
EMD-72178,2026-01-14
EMD-72185,2026-08-19
EMD-72189,2026-01-21
EMD-72190,2026-07-08
EMD-72202,2026-08-19
EMD-72206,2026-05-27
EMD-72207,2026-02-25
EMD-72208,2026-02-25
EMD-72216,2026-05-27
EMD-72223,2026-08-26
EMD-72224,2026-08-26
EMD-72239,2026-08-26
EMD-72240,2026-04-15
EMD-72242,2026-04-15
EMD-72260,2026-06-24
EMD-72265,2026-06-24
EMD-72277,2026-07-29
EMD-72278,2026-03-25
EMD-72279,2026-03-25
EMD-72280,2026-06-10
EMD-72281,2026-03-25
EMD-72282,2026-03-25
EMD-72283,2026-04-15
EMD-72293,2026-04-15
EMD-72301,2026-09-09
EMD-72305,2026-03-04
EMD-72306,2026-03-04
EMD-72307,2026-03-04
EMD-72308,2026-03-04
EMD-72313,2026-03-04
EMD-72319,2026-04-01
EMD-72322,2026-04-01
EMD-72330,2026-03-04
EMD-72353,2026-08-05
EMD-72359,2026-01-28
EMD-72367,2026-04-29
EMD-72377,2026-05-06
EMD-72378,2026-02-11
EMD-72383,2026-04-29
EMD-72384,2026-04-29
EMD-72385,2026-04-29
EMD-72386,2026-04-29
EMD-72387,2026-04-29
EMD-72388,2026-04-29
EMD-72389,2026-04-29
EMD-72390,2026-04-29
EMD-72391,2026-04-29
EMD-72403,2026-09-09
EMD-72404,2026-09-09
EMD-72405,2026-02-04
EMD-72406,2026-02-04
EMD-72407,2026-02-04
EMD-72462,2026-06-24
EMD-72463,2026-06-24
EMD-72466,2026-06-24
EMD-72467,2026-06-24
EMD-72468,2026-06-24
EMD-72476,2026-04-01
EMD-72477,2026-06-24
EMD-72497,2026-09-16
EMD-72499,2026-06-24
EMD-72506,2026-03-04
EMD-72509,2026-09-09
EMD-72510,2026-09-09
EMD-72512,2026-09-09
EMD-72513,2026-08-12
EMD-72514,2026-08-12
EMD-72515,2026-08-12
EMD-72520,2026-07-08
EMD-72521,2026-07-08
EMD-72522,2026-07-08
EMD-72523,2026-07-08
EMD-72526,2026-07-15
EMD-72539,2026-07-22
EMD-72555,2026-08-12
EMD-72556,2026-08-12
EMD-72560,2026-09-16
EMD-72561,2026-09-23
EMD-72623,2026-07-22
EMD-72626,2026-09-16
EMD-72630,2026-02-25
EMD-72637,2026-09-16
EMD-72638,2026-09-16
EMD-72639,2026-02-25
EMD-72642,2026-09-16
EMD-72643,2026-09-16
EMD-72651,2026-09-23
EMD-72656,2026-08-19
EMD-72657,2026-02-25
EMD-72658,2026-05-27
EMD-72659,2026-05-27
EMD-72660,2026-05-27
EMD-72662,2026-09-16
EMD-72665,2026-03-18
EMD-72668,2026-03-18
EMD-72674,2026-03-18
EMD-72675,2026-03-18
EMD-72676,2026-03-18
EMD-72683,2026-03-18
EMD-72686,2026-08-05
EMD-72687,2026-01-21
EMD-72688,2026-03-18
EMD-72689,2026-03-18
EMD-72690,2026-03-18
EMD-72694,2026-07-29
EMD-72696,2026-07-29
EMD-72697,2026-07-29
EMD-72703,2026-03-04
EMD-72707,2026-03-04
EMD-72711,2026-03-04
EMD-72713,2026-05-27
EMD-72714,2026-09-23
EMD-72725,2026-02-18
EMD-72743,2026-05-27
EMD-72747,2026-05-27
EMD-72748,2026-05-27
EMD-72751,2026-08-19
EMD-72752,2026-03-04
EMD-72756,2026-08-19
EMD-72759,2026-09-02
EMD-72760,2026-02-04
EMD-72768,2026-08-19
EMD-72770,2026-06-17
EMD-72772,2026-07-01
EMD-72773,2026-07-01
EMD-72774,2026-07-01
EMD-72790,2026-09-23
EMD-72791,2026-09-23
EMD-72793,2026-07-01
EMD-72815,2026-06-10
EMD-72833,2026-06-10
EMD-72834,2026-06-10
EMD-72839,2026-08-05
EMD-72840,2026-06-10
EMD-72844,2026-08-05
EMD-72845,2026-08-05
EMD-72846,2026-08-05
EMD-72847,2026-06-10
EMD-72849,2026-06-10
EMD-72850,2026-08-05
EMD-72851,2026-08-05
EMD-72853,2026-08-05
EMD-72854,2026-08-05
EMD-72855,2026-08-05
EMD-72857,2026-08-05
EMD-72860,2026-08-05
EMD-72862,2026-08-05
EMD-72863,2026-08-05
EMD-72866,2026-08-05
EMD-72868,2026-08-05
EMD-72876,2026-06-10
EMD-72881,2026-06-10
EMD-72883,2026-06-03
EMD-72891,2026-06-10
EMD-72905,2026-06-10
EMD-72906,2026-03-25
EMD-72909,2026-06-10
EMD-72912,2026-06-10
EMD-72913,2026-06-10
EMD-72922,2026-07-29
EMD-72924,2026-08-05
EMD-72925,2026-07-29
EMD-72927,2026-07-01
EMD-72935,2026-07-01
EMD-72936,2026-07-01
EMD-72937,2026-07-01
EMD-72938,2026-07-01
EMD-72939,2026-07-01
EMD-72941,2026-08-19
EMD-72942,2026-02-25
EMD-72946,2026-05-20
EMD-72947,2026-06-10
EMD-72948,2026-02-25
EMD-72961,2026-06-10
EMD-72963,2026-06-10
EMD-72964,2026-02-04
EMD-72965,2026-02-04
EMD-72969,2026-05-27
EMD-72970,2026-05-27
EMD-72971,2026-05-27
EMD-72976,2026-04-15
EMD-72977,2026-04-01
EMD-72988,2026-05-27
EMD-72989,2026-05-27
EMD-72993,2026-05-27
EMD-72998,2026-03-04
EMD-73001,2026-08-26
EMD-73040,2026-03-18
EMD-73041,2026-03-18
EMD-73054,2026-07-01
EMD-73059,2026-08-12
EMD-73060,2026-08-12
EMD-73067,2026-07-01
EMD-73079,2026-08-12
EMD-73081,2026-08-12
EMD-73088,2026-07-01
EMD-73094,2026-04-29
EMD-73108,2026-07-08
EMD-73109,2026-07-08
EMD-73110,2026-07-08
EMD-73129,2026-07-01
EMD-73168,2026-06-10
EMD-73173,2026-01-28
EMD-73176,2026-01-28
EMD-73210,2026-07-01
EMD-73228,2026-03-18
EMD-73260,2026-03-18
EMD-73268,2026-04-08
EMD-73275,2026-07-29
EMD-73276,2026-07-29
EMD-73277,2026-07-29
EMD-73278,2026-07-29
EMD-73279,2026-07-29
EMD-73285,2026-03-18
EMD-73287,2026-03-18
EMD-73288,2026-04-08
EMD-73292,2026-03-18
EMD-73306,2026-03-18
EMD-73325,2026-06-10
EMD-73327,2026-05-20
EMD-73338,2026-08-12
EMD-73339,2026-06-24
EMD-73342,2026-01-21
EMD-73344,2026-06-10
EMD-73359,2026-06-24
EMD-73362,2026-04-08
EMD-73364,2026-06-24
EMD-73365,2026-03-25
EMD-73367,2026-04-08
EMD-73368,2026-04-08
EMD-73374,2026-06-24
EMD-73392,2026-07-29
EMD-73393,2026-06-17
EMD-73394,2026-06-17
EMD-73395,2026-09-23
EMD-73426,2026-06-17
EMD-73429,2026-06-17
EMD-73441,2026-06-17
EMD-73443,2026-06-17
EMD-73444,2026-06-17
EMD-73447,2026-07-29
EMD-73457,2026-07-29
EMD-73493,2026-06-10
EMD-73509,2026-04-15
EMD-73510,2026-04-15
EMD-73523,2026-08-26
EMD-73524,2026-08-26
EMD-73525,2026-08-26
EMD-73526,2026-07-01
EMD-73527,2026-07-01
EMD-73528,2026-07-01
EMD-73529,2026-07-01
EMD-73530,2026-07-01
EMD-73531,2026-07-01
EMD-73535,2026-06-17
EMD-73536,2026-04-22
EMD-73556,2026-09-02
EMD-73558,2026-07-22
EMD-73597,2026-06-17
EMD-73599,2026-06-17
EMD-73614,2026-02-04
EMD-73619,2026-06-17
EMD-73630,2026-09-02
EMD-73656,2026-05-13
EMD-73657,2026-05-13
EMD-73688,2026-08-19
EMD-73693,2026-04-29
EMD-73694,2026-04-29
EMD-73695,2026-04-29
EMD-73699,2026-01-14
EMD-73720,2026-06-24
EMD-73730,2026-07-08
EMD-73732,2026-07-08
EMD-73749,2026-05-13
EMD-73750,2026-05-13
EMD-73754,2026-06-10
EMD-73755,2026-06-17
EMD-73756,2026-06-17
EMD-73757,2026-06-10
EMD-73758,2026-06-10
EMD-73759,2026-06-10
EMD-73760,2026-06-10
EMD-73761,2026-06-10
EMD-73762,2026-06-10
EMD-73763,2026-06-10
EMD-73764,2026-06-10
EMD-73765,2026-06-10
EMD-73766,2026-01-28
EMD-73767,2026-01-28
EMD-73771,2026-04-29
EMD-73779,2026-04-29
EMD-73782,2026-03-18
EMD-73786,2026-05-13
EMD-73787,2026-05-13
EMD-73795,2026-06-17
EMD-73799,2026-09-16
EMD-73801,2026-09-16
EMD-73803,2026-06-10
EMD-73804,2026-07-15
EMD-73805,2026-07-15
EMD-73810,2026-06-10
EMD-73814,2026-01-21
EMD-73816,2026-08-26
EMD-73819,2026-01-21
EMD-73824,2026-07-01
EMD-73829,2026-07-29
EMD-73830,2026-07-29
EMD-73831,2026-07-29
EMD-73832,2026-07-29
EMD-73833,2026-07-29
EMD-73834,2026-07-29
EMD-73838,2026-06-10
EMD-73843,2026-07-29
EMD-73857,2026-05-20
EMD-73861,2026-02-04
EMD-73862,2026-02-04
EMD-73863,2026-02-04
EMD-73869,2026-06-03
EMD-73870,2026-06-03
EMD-73871,2026-06-03
EMD-73872,2026-06-03
EMD-73873,2026-06-03
EMD-73874,2026-06-03
EMD-73876,2026-01-28
EMD-73878,2026-07-29
EMD-73879,2026-07-29
EMD-73880,2026-07-29
EMD-73881,2026-02-25
EMD-73885,2026-01-28
EMD-73896,2026-01-28
EMD-73900,2026-01-28
EMD-73942,2026-01-28
EMD-73949,2026-04-22
EMD-73957,2026-01-28
EMD-7396,2019-01-30
EMD-73962,2026-01-28
EMD-73963,2026-06-10
EMD-73965,2026-01-28
EMD-73971,2026-05-27
EMD-73975,2026-06-10
EMD-73979,2026-09-09
EMD-73980,2026-09-09
EMD-73981,2026-09-09
EMD-73982,2026-09-09
EMD-73983,2026-09-09
EMD-73989,2026-04-15
EMD-73991,2026-04-15
EMD-73992,2026-04-15
EMD-73999,2026-04-15
EMD-74011,2026-01-21
EMD-74036,2026-03-25
EMD-74037,2026-03-25
EMD-74038,2026-03-25
EMD-74039,2026-03-25
EMD-74040,2026-03-25
EMD-74041,2026-03-25
EMD-74042,2026-03-25
EMD-74043,2026-04-01
EMD-74045,2026-08-05
EMD-74046,2026-02-25
EMD-74047,2026-02-25
EMD-74048,2026-08-05
EMD-74049,2026-02-25
EMD-74050,2026-08-05
EMD-74051,2026-08-05
EMD-74052,2026-03-04
EMD-74057,2026-04-15
EMD-74071,2026-09-16
EMD-74075,2026-01-21
EMD-74076,2026-04-08
EMD-74078,2026-09-16
EMD-74123,2026-04-08
EMD-74124,2026-03-25
EMD-74146,2026-03-18
EMD-74165,2026-05-27
EMD-74167,2026-05-27
EMD-74236,2026-07-29
EMD-74329,2026-07-29
EMD-74339,2026-02-25
EMD-74340,2026-02-25
EMD-74341,2026-06-24
EMD-74342,2026-02-25
EMD-74343,2026-02-25
EMD-74344,2026-02-25
EMD-74347,2026-02-25
EMD-74353,2026-09-16
EMD-74357,2026-09-16
EMD-74359,2026-09-16
EMD-74362,2026-09-16
EMD-74364,2026-09-16
EMD-74365,2026-09-16
EMD-74377,2026-04-29
EMD-74378,2026-04-29
EMD-74379,2026-04-29
EMD-74380,2026-04-29
EMD-74381,2026-04-29
EMD-74382,2026-04-29
EMD-74383,2026-04-29
EMD-74384,2026-04-29
EMD-74385,2026-04-29
EMD-74386,2026-04-29
EMD-74387,2026-04-29
EMD-74394,2026-09-16
EMD-74398,2026-09-16
EMD-74402,2026-09-16
EMD-74403,2026-09-16
EMD-74405,2026-06-10
EMD-74415,2026-07-01
EMD-74419,2026-07-01
EMD-74436,2026-09-16
EMD-74437,2026-09-16
EMD-74438,2026-09-16
EMD-74439,2026-09-16
EMD-74441,2026-09-16
EMD-74445,2026-09-16
EMD-74451,2026-02-04
EMD-74452,2026-02-04
EMD-74490,2026-08-05
EMD-74496,2026-08-05
EMD-74528,2026-08-05
EMD-74529,2026-08-05
EMD-74531,2026-01-14
EMD-74533,2026-01-14
EMD-74534,2026-01-14
EMD-74535,2026-01-14
EMD-74536,2026-01-14
EMD-74537,2026-01-14
EMD-74538,2026-01-14
EMD-74539,2026-01-14
EMD-74540,2026-01-14
EMD-74576,2026-07-29
EMD-74577,2026-07-29
EMD-74581,2026-07-29
EMD-74582,2026-07-29
EMD-74584,2026-09-09
EMD-74594,2026-06-10
EMD-74618,2026-06-17
EMD-74625,2026-01-14
EMD-74626,2026-01-14
EMD-74627,2026-01-14
EMD-74628,2026-05-27
EMD-74629,2026-09-16
EMD-74630,2026-09-16
EMD-74654,2026-06-03
EMD-74655,2026-06-03
EMD-74656,2026-06-03
EMD-74699,2026-08-05
EMD-74737,2026-03-11
EMD-74738,2026-03-11
EMD-74739,2026-03-11
EMD-74740,2026-03-11
EMD-74746,2026-04-22
EMD-74755,2026-08-19
EMD-74756,2026-09-09
EMD-74802,2026-09-09
EMD-74822,2026-09-09
EMD-74842,2026-05-27
EMD-74844,2026-05-27
EMD-74855,2026-06-10
EMD-74865,2026-05-27
EMD-74873,2026-05-27
EMD-74879,2026-05-27
EMD-74880,2026-04-08
EMD-74892,2026-07-01
EMD-74894,2026-09-09
EMD-74904,2026-07-01
EMD-74905,2026-07-01
EMD-74907,2026-02-04
EMD-74910,2026-04-01
EMD-74911,2026-04-01
EMD-74912,2026-04-01
EMD-74913,2026-04-01
EMD-74914,2026-04-01
EMD-74919,2026-07-29
EMD-74920,2026-07-29
EMD-74964,2026-07-15
EMD-75003,2026-06-24
EMD-75010,2026-06-24
EMD-75011,2026-06-17
EMD-75023,2026-08-12
EMD-75024,2026-02-04
EMD-75028,2026-09-16
EMD-75029,2026-08-12
EMD-75037,2026-08-12
EMD-75038,2026-04-22
EMD-75053,2026-05-27
EMD-75081,2026-08-12
EMD-75090,2026-05-27
EMD-75093,2026-08-12
EMD-75094,2026-05-27
EMD-75101,2026-08-12
EMD-75104,2026-08-26
EMD-75106,2026-07-01
EMD-75112,2026-03-25
EMD-75113,2026-05-27
EMD-75114,2026-05-27
EMD-75115,2026-05-27
EMD-75116,2026-05-27
EMD-75117,2026-05-27
EMD-75118,2026-05-27
EMD-75119,2026-05-27
EMD-75123,2026-03-25
EMD-75124,2026-07-15
EMD-75127,2026-03-25
EMD-75131,2026-07-08
EMD-75133,2026-07-01
EMD-75134,2026-03-25
EMD-75135,2026-01-28
EMD-75142,2026-02-25
EMD-75151,2026-02-25
EMD-75163,2026-07-22
EMD-75211,2026-08-26
EMD-75212,2026-08-26
EMD-75232,2026-09-02
EMD-75270,2026-09-02
EMD-75294,2026-07-22
EMD-75295,2026-03-11
EMD-75296,2026-05-20
EMD-75297,2026-05-20
EMD-75298,2026-05-20
EMD-75299,2026-05-20
EMD-75305,2026-09-02
EMD-75306,2026-09-02
EMD-75307,2026-04-08
EMD-75339,2026-03-18
EMD-75340,2026-03-18
EMD-75366,2026-05-06
EMD-75374,2026-07-01
EMD-75375,2026-07-01
EMD-75376,2026-07-01
EMD-75391,2026-03-18
EMD-75392,2026-03-18
EMD-75393,2026-07-22
EMD-75407,2026-06-10
EMD-75408,2026-06-10
EMD-75409,2026-06-10
EMD-75411,2026-08-26
EMD-75424,2026-04-29
EMD-75436,2026-07-22
EMD-75437,2026-05-27
EMD-75462,2026-03-11
EMD-75463,2026-03-11
EMD-75467,2026-03-11
EMD-75468,2026-03-11
EMD-75470,2026-06-03
EMD-75471,2026-09-09
EMD-75498,2026-05-20
EMD-75516,2026-07-15
EMD-75566,2026-07-15
EMD-75567,2026-07-15
EMD-75568,2026-07-15
EMD-75569,2026-07-15
EMD-75585,2026-09-09
EMD-75586,2026-09-09
EMD-75588,2026-09-09
EMD-75590,2026-09-09
EMD-75601,2026-05-13
EMD-75606,2026-09-09
EMD-75608,2026-08-19
EMD-75616,2026-06-03
EMD-75617,2026-06-03
EMD-75618,2026-06-03
EMD-75619,2026-06-03
EMD-75620,2026-06-03
EMD-75622,2026-05-20
EMD-75626,2026-05-20
EMD-75627,2026-09-23
EMD-75628,2026-09-23
EMD-75629,2026-09-23
EMD-75630,2026-09-23
EMD-75631,2026-09-23
EMD-75632,2026-09-23
EMD-75633,2026-09-23
EMD-75638,2026-05-20
EMD-75642,2026-05-20
EMD-75645,2026-08-19
EMD-75646,2026-08-19
EMD-75647,2026-05-20
EMD-75649,2026-08-19
EMD-75656,2026-05-20
EMD-75663,2026-08-19
EMD-75664,2026-05-20
EMD-75669,2026-06-24
EMD-75681,2026-06-24
EMD-75682,2026-07-29
EMD-75688,2026-08-19
EMD-75694,2026-05-13
EMD-75695,2026-05-13
EMD-75696,2026-08-26
EMD-75697,2026-03-18
EMD-75698,2026-08-26
EMD-75705,2026-05-13
EMD-75707,2026-09-02
EMD-75708,2026-09-02
EMD-75709,2026-09-02
EMD-75711,2026-09-02
EMD-75712,2026-09-02
EMD-75725,2026-08-26
EMD-75726,2026-08-26
EMD-75729,2026-08-19
EMD-75730,2026-05-06
EMD-75731,2026-05-20
EMD-75732,2026-05-20
EMD-75733,2026-05-20
EMD-75735,2026-05-20
EMD-75776,2026-07-22
EMD-75811,2026-08-19
EMD-75813,2026-08-19
EMD-75814,2026-08-19
EMD-75815,2026-08-19
EMD-75818,2026-05-27
EMD-75829,2026-08-19
EMD-75834,2026-06-17
EMD-75835,2026-06-17
EMD-75838,2026-06-10
EMD-75840,2026-05-06
EMD-75844,2026-04-08
EMD-75845,2026-04-08
EMD-75846,2026-04-08
EMD-75847,2026-04-08
EMD-75851,2026-04-08
EMD-75852,2026-09-23
EMD-75853,2026-04-08
EMD-75854,2026-04-08
EMD-75855,2026-04-08
EMD-75856,2026-04-08
EMD-75857,2026-04-08
EMD-75858,2026-04-08
EMD-75859,2026-04-08
EMD-75860,2026-04-08
EMD-75861,2026-04-08
EMD-75862,2026-04-08
EMD-75863,2026-04-08
EMD-75864,2026-04-08
EMD-75865,2026-04-08
EMD-75866,2026-04-08
EMD-75867,2026-04-08
EMD-75868,2026-04-08
EMD-75869,2026-04-08
EMD-75870,2026-04-08
EMD-75871,2026-04-08
EMD-75873,2026-04-08
EMD-75874,2026-04-08
EMD-75878,2026-04-08
EMD-75879,2026-04-08
EMD-75885,2026-08-19
EMD-75886,2026-08-19
EMD-75887,2026-04-08
EMD-75889,2026-04-08
EMD-75891,2026-04-08
EMD-75892,2026-04-08
EMD-75893,2026-04-08
EMD-75894,2026-05-27
EMD-75944,2026-05-27
EMD-75979,2026-07-29
EMD-75980,2026-05-27
EMD-76007,2026-08-05
EMD-76016,2026-08-05
EMD-76025,2026-09-23
EMD-76027,2026-04-15
EMD-76028,2026-04-22
EMD-76031,2026-04-01
EMD-76032,2026-04-01
EMD-76035,2026-04-01
EMD-76037,2026-04-01
EMD-76038,2026-04-01
EMD-76055,2026-09-23
EMD-76056,2026-09-23
EMD-76057,2026-09-23
EMD-76058,2026-09-23
EMD-76074,2026-04-22
EMD-76084,2026-09-23
EMD-76085,2026-09-23
EMD-76086,2026-09-23
EMD-76087,2026-09-23
EMD-76088,2026-09-23
EMD-76090,2026-09-23
EMD-76092,2026-09-23
EMD-76093,2026-09-23
EMD-76136,2026-07-22
EMD-76137,2026-07-22
EMD-76138,2026-07-22
EMD-76139,2026-07-22
EMD-76140,2026-08-19
EMD-76175,2026-09-16
EMD-76176,2026-09-16
EMD-76177,2026-09-16
EMD-76178,2026-09-16
EMD-76179,2026-09-09
EMD-76184,2026-04-29
EMD-76206,2026-04-01
EMD-76217,2026-09-23
EMD-76231,2026-04-08
EMD-76232,2026-05-13
EMD-76233,2026-05-13
EMD-76260,2026-07-29
EMD-76261,2026-06-10
EMD-76263,2026-09-23
EMD-76264,2026-07-29
EMD-76279,2026-07-29
EMD-76280,2026-07-29
EMD-76281,2026-07-29
EMD-76282,2026-07-29
EMD-76283,2026-07-01
EMD-76288,2026-09-09
EMD-76291,2026-08-26
EMD-76298,2026-07-08
EMD-76299,2026-07-08
EMD-76300,2026-07-08
EMD-76301,2026-07-08
EMD-76332,2026-05-06
EMD-76334,2026-04-08
EMD-76344,2026-08-26
EMD-76345,2026-08-26
EMD-76347,2026-08-26
EMD-76384,2026-08-12
EMD-76385,2026-08-12
EMD-76453,2026-08-26
EMD-76454,2026-08-26
EMD-76455,2026-08-26
EMD-76461,2026-09-16
EMD-76462,2026-09-23
EMD-76463,2026-07-15
EMD-76464,2026-07-15
EMD-76465,2026-07-15
EMD-76487,2026-06-10
EMD-76493,2026-06-17
EMD-76497,2026-06-10
EMD-76501,2026-06-17
EMD-76655,2026-05-13
EMD-76656,2026-05-13
EMD-76659,2026-05-13
EMD-76684,2026-06-03
EMD-76708,2026-09-09
EMD-76709,2026-09-09
EMD-76713,2026-06-17
EMD-76875,2026-05-06
EMD-76887,2026-09-09
EMD-76915,2026-09-02
EMD-76934,2026-05-13
EMD-76936,2026-06-17
EMD-76938,2026-07-15
EMD-76947,2026-07-15
EMD-76948,2026-07-15
EMD-76963,2026-07-08
EMD-76971,2026-09-16
EMD-76975,2026-09-16
EMD-76990,2026-08-05
EMD-76991,2026-07-08
EMD-76994,2026-07-08
EMD-77024,2026-07-08
EMD-77025,2026-07-08
EMD-77027,2026-07-08
EMD-77071,2026-05-20
EMD-77072,2026-05-20
EMD-77073,2026-05-20
EMD-77079,2026-09-02
EMD-77084,2026-07-08
EMD-77099,2026-07-15
EMD-77112,2026-07-15
EMD-77126,2026-07-15
EMD-77134,2026-07-01
EMD-77135,2026-07-01
EMD-77136,2026-07-08
EMD-77137,2026-07-01
EMD-77138,2026-07-01
EMD-77139,2026-07-01
EMD-77140,2026-07-01
EMD-77142,2026-07-01
EMD-77143,2026-07-01
EMD-77144,2026-07-01
EMD-77145,2026-07-01
EMD-77181,2026-07-22
EMD-77302,2026-08-19
EMD-77307,2026-08-19
EMD-77308,2026-08-19
EMD-77344,2026-07-15
EMD-77348,2026-07-15
EMD-77350,2026-08-19
EMD-77358,2026-08-19
EMD-77359,2026-08-19
EMD-77390,2026-06-17
EMD-77391,2026-07-08
EMD-77586,2026-07-15
EMD-77588,2026-07-15
EMD-77608,2026-09-16
EMD-77609,2026-09-16
EMD-77610,2026-09-16
EMD-77611,2026-09-16
EMD-77749,2026-09-09
EMD-77786,2026-09-09
EMD-77787,2026-09-09
EMD-77788,2026-09-09
EMD-78079,2026-09-23
EMD-78192,2026-08-12
EMD-78199,2026-08-12
EMD-78201,2026-08-12
EMD-78219,2026-09-09
EMD-78594,2026-08-19
EMD-78634,2026-08-26
EMD-78820,2026-09-09
EMD-78858,2026-09-09
EMD-78879,2026-09-09
EMD-78880,2026-09-09
EMD-78882,2026-09-09
EMD-78883,2026-09-09
EMD-78884,2026-09-09
EMD-78897,2026-09-09
EMD-78898,2026-09-09
EMD-78899,2026-09-09
EMD-78900,2026-09-09
EMD-79027,2026-09-23
EMD-80068,2026-09-02
EMD-80076,2026-09-16
EMD-80081,2026-08-26
EMD-80082,2026-08-26
EMD-80088,2026-08-26
EMD-80105,2026-05-27
EMD-80106,2026-07-08
EMD-80113,2026-08-12
EMD-80118,2026-08-12
EMD-80125,2026-08-12
EMD-80132,2026-07-01
EMD-80133,2026-05-20
EMD-80134,2026-05-20
EMD-80135,2026-05-20
EMD-80137,2026-05-20
EMD-80138,2026-05-20
EMD-80158,2026-09-02
EMD-80160,2026-09-02
EMD-80170,2026-09-02
EMD-80182,2026-09-02
EMD-80193,2026-09-02
EMD-80202,2026-09-02
EMD-80203,2026-09-02
EMD-80204,2026-09-02
EMD-80237,2026-06-03
EMD-80238,2026-06-03
EMD-80292,2026-05-27
EMD-80306,2026-07-29
EMD-80320,2026-09-02
EMD-80337,2026-08-26
EMD-80373,2026-09-09
EMD-80374,2026-09-09
EMD-80375,2026-09-09
EMD-80376,2026-09-09
EMD-80380,2026-09-09
EMD-80401,2026-08-12
EMD-80402,2026-08-12
EMD-80403,2026-08-12
EMD-80404,2026-08-12
EMD-80405,2026-09-09
EMD-80447,2026-08-05
EMD-80538,2026-08-12
EMD-80553,2026-08-26
EMD-80558,2026-08-26
EMD-80605,2026-08-26
EMD-80609,2026-08-05
EMD-80619,2026-09-09
EMD-80629,2026-09-09
EMD-80643,2026-08-26
EMD-80645,2026-06-24
EMD-80708,2026-08-19
EMD-80710,2026-08-19
EMD-80738,2026-08-26
EMD-80744,2026-06-03
EMD-80777,2026-07-22
EMD-80806,2026-08-12
EMD-80823,2026-09-02
EMD-80824,2026-09-02
EMD-80825,2026-09-02
EMD-80826,2026-09-02
EMD-80827,2026-09-02
EMD-80829,2026-09-02
EMD-80832,2026-09-02
EMD-80833,2026-09-02
EMD-80903,2026-07-08
EMD-80904,2026-07-08
EMD-80907,2026-07-08
EMD-80928,2026-07-22
EMD-80947,2026-06-17
EMD-80998,2026-08-26
EMD-81097,2026-09-16
EMD-81217,2026-06-17
EMD-81218,2026-06-17
EMD-81298,2026-08-12
EMD-81330,2026-08-26
EMD-81335,2026-08-26
EMD-81336,2026-08-26
EMD-81337,2026-08-26
EMD-81338,2026-08-26
EMD-81411,2026-06-24
EMD-81535,2026-07-01
EMD-81556,2026-08-26
EMD-81572,2026-07-08
EMD-81807,2026-07-15
EMD-81853,2026-09-02
EMD-81988,2026-09-16
EMD-81997,2026-09-16
EMD-82114,2026-08-26
EMD-82402,2026-08-05
EMD-82430,2026-09-02
EMD-82471,2026-08-12
EMD-82472,2026-09-23
EMD-82558,2026-09-16
EMD-82559,2026-09-16
EMD-82741,2026-08-26
EMD-82742,2026-08-26
EMD-83301,2026-09-09
EMD-83302,2026-09-16
EMD-83304,2026-09-09
EMD-83305,2026-09-16
EMD-83306,2026-09-16
EMD-83307,2026-09-16
