pdb_id,reconstruction_method
10AC,SINGLE PARTICLE
10AD,SINGLE PARTICLE
10AL,SINGLE PARTICLE
10AM,SINGLE PARTICLE
10AW,SINGLE PARTICLE
10AY,SINGLE PARTICLE
10BU,SINGLE PARTICLE
10DB,SINGLE PARTICLE
10DK,SINGLE PARTICLE
10DN,SINGLE PARTICLE
10DP,SINGLE PARTICLE
10DW,SINGLE PARTICLE
10ED,SINGLE PARTICLE
10EG,SINGLE PARTICLE
10EN,SINGLE PARTICLE
10EO,SINGLE PARTICLE
10EP,SINGLE PARTICLE
10EQ,SINGLE PARTICLE
10ER,SINGLE PARTICLE
10ES,SINGLE PARTICLE
10ET,SINGLE PARTICLE
10EU,SINGLE PARTICLE
10EZ,SINGLE PARTICLE
10FA,SINGLE PARTICLE
10FD,SINGLE PARTICLE
10FI,SINGLE PARTICLE
10FJ,SINGLE PARTICLE
10FL,SINGLE PARTICLE
10FM,SINGLE PARTICLE
10FT,SINGLE PARTICLE
10GH,SINGLE PARTICLE
10GX,SINGLE PARTICLE
10IJ,HELICAL
10IK,HELICAL
10JA,SINGLE PARTICLE
10JB,SINGLE PARTICLE
10KF,SINGLE PARTICLE
10KR,HELICAL
10LM,SINGLE PARTICLE
10LN,HELICAL
10MR,HELICAL
10MS,HELICAL
10MT,SINGLE PARTICLE
10MU,SINGLE PARTICLE
10MY,SINGLE PARTICLE
10MZ,SINGLE PARTICLE
10NA,SINGLE PARTICLE
10NB,SINGLE PARTICLE
10NK,SINGLE PARTICLE
10NL,SINGLE PARTICLE
10NM,SINGLE PARTICLE
10NO,HELICAL
10NP,HELICAL
10NQ,HELICAL
10NR,HELICAL
10NT,HELICAL
10OP,SINGLE PARTICLE
10OR,SINGLE PARTICLE
10OZ,SINGLE PARTICLE
10PL,SINGLE PARTICLE
10PM,SINGLE PARTICLE
10PP,SINGLE PARTICLE
10QQ,SINGLE PARTICLE
10QR,SINGLE PARTICLE
10QT,SINGLE PARTICLE
10RI,SINGLE PARTICLE
10RJ,SINGLE PARTICLE
10RK,SINGLE PARTICLE
10RN,SINGLE PARTICLE
10RX,SINGLE PARTICLE
10SD,HELICAL
10SE,HELICAL
10SF,HELICAL
10SG,HELICAL
10SH,HELICAL
10SJ,SINGLE PARTICLE
10SM,SINGLE PARTICLE
10SS,HELICAL
10TL,SINGLE PARTICLE
10TM,SINGLE PARTICLE
10TP,SINGLE PARTICLE
10TQ,SINGLE PARTICLE
10TU,SINGLE PARTICLE
10UA,SINGLE PARTICLE
10UJ,SINGLE PARTICLE
10UP,SINGLE PARTICLE
10WC,SINGLE PARTICLE
10XU,HELICAL
10XW,SINGLE PARTICLE
10ZK,SINGLE PARTICLE
10ZL,SINGLE PARTICLE
10ZM,SINGLE PARTICLE
10ZN,SINGLE PARTICLE
11AH,SINGLE PARTICLE
11AI,SINGLE PARTICLE
11AK,SINGLE PARTICLE
11AM,SINGLE PARTICLE
11BC,SINGLE PARTICLE
11BR,SINGLE PARTICLE
11BT,SINGLE PARTICLE
11CJ,SINGLE PARTICLE
11CK,SINGLE PARTICLE
11CL,SINGLE PARTICLE
11CN,SINGLE PARTICLE
11CO,SINGLE PARTICLE
11CQ,SINGLE PARTICLE
11CV,SINGLE PARTICLE
11CZ,SINGLE PARTICLE
11DA,SINGLE PARTICLE
11DB,SINGLE PARTICLE
11DC,SINGLE PARTICLE
11DD,SINGLE PARTICLE
11DE,SINGLE PARTICLE
11DF,SINGLE PARTICLE
11DR,SINGLE PARTICLE
11DV,SINGLE PARTICLE
11EC,SINGLE PARTICLE
11ED,SINGLE PARTICLE
11EE,SINGLE PARTICLE
11EI,SINGLE PARTICLE
11EN,HELICAL
11EO,HELICAL
11EP,HELICAL
11EQ,SINGLE PARTICLE
11EU,SINGLE PARTICLE
11EV,SINGLE PARTICLE
11FG,SINGLE PARTICLE
11FH,SINGLE PARTICLE
11FW,SINGLE PARTICLE
11GP,SINGLE PARTICLE
11GQ,SINGLE PARTICLE
11HF,SINGLE PARTICLE
11HK,SINGLE PARTICLE
11HL,SINGLE PARTICLE
11HM,SINGLE PARTICLE
11HN,SINGLE PARTICLE
11HO,SINGLE PARTICLE
11HW,SINGLE PARTICLE
11ID,SINGLE PARTICLE
11IE,SINGLE PARTICLE
11JB,SINGLE PARTICLE
11JC,SINGLE PARTICLE
11JD,SINGLE PARTICLE
11JF,SINGLE PARTICLE
11KM,SINGLE PARTICLE
11LP,SINGLE PARTICLE
11LR,SINGLE PARTICLE
11LT,SINGLE PARTICLE
11ME,HELICAL
11MF,HELICAL
11MG,SINGLE PARTICLE
11MH,SINGLE PARTICLE
11MR,SINGLE PARTICLE
11MY,SINGLE PARTICLE
11ND,SINGLE PARTICLE
11NH,SINGLE PARTICLE
11NI,SINGLE PARTICLE
11NJ,SINGLE PARTICLE
11NK,SINGLE PARTICLE
11NL,SINGLE PARTICLE
11NM,SINGLE PARTICLE
11NN,SINGLE PARTICLE
11NO,SINGLE PARTICLE
11NP,SINGLE PARTICLE
11NR,SINGLE PARTICLE
11NT,SINGLE PARTICLE
11NU,SINGLE PARTICLE
11NW,SINGLE PARTICLE
11NX,SINGLE PARTICLE
11OB,SINGLE PARTICLE
11OC,SINGLE PARTICLE
11OH,SINGLE PARTICLE
11OI,SINGLE PARTICLE
11OL,SINGLE PARTICLE
11OO,SINGLE PARTICLE
11OQ,SINGLE PARTICLE
11OR,SINGLE PARTICLE
11OK,HELICAL
11NF,SINGLE PARTICLE
11NE,SINGLE PARTICLE
11NC,SINGLE PARTICLE
11NB,SINGLE PARTICLE
11NA,SINGLE PARTICLE
11MZ,SINGLE PARTICLE
11MX,SINGLE PARTICLE
11MV,SINGLE PARTICLE
11MU,SINGLE PARTICLE
11MT,SINGLE PARTICLE
11MS,SINGLE PARTICLE
11MN,SINGLE PARTICLE
11LX,SINGLE PARTICLE
11LS,SINGLE PARTICLE
11LQ,SINGLE PARTICLE
11IY,SINGLE PARTICLE
11IW,SINGLE PARTICLE
11IT,SINGLE PARTICLE
11IS,SINGLE PARTICLE
11IB,SINGLE PARTICLE
11IA,SINGLE PARTICLE
11HZ,SINGLE PARTICLE
11OU,SINGLE PARTICLE
11OV,SINGLE PARTICLE
11TD,SINGLE PARTICLE
11TF,SINGLE PARTICLE
11TH,SINGLE PARTICLE
11TL,SINGLE PARTICLE
11UH,SINGLE PARTICLE
11UI,SINGLE PARTICLE
11VV,SINGLE PARTICLE
11WD,SINGLE PARTICLE
11YB,SINGLE PARTICLE
11ZW,SINGLE PARTICLE
12AG,SINGLE PARTICLE
12AH,SINGLE PARTICLE
12BM,SINGLE PARTICLE
12BP,SINGLE PARTICLE
12DK,SINGLE PARTICLE
12DL,SINGLE PARTICLE
12DU,SINGLE PARTICLE
12ER,SINGLE PARTICLE
12ES,SINGLE PARTICLE
12ID,SINGLE PARTICLE
12IF,SINGLE PARTICLE
12IV,SINGLE PARTICLE
12IY,SINGLE PARTICLE
12IZ,SINGLE PARTICLE
12JA,SINGLE PARTICLE
12JP,SINGLE PARTICLE
12JV,SINGLE PARTICLE
12OY,SINGLE PARTICLE
12OZ,SINGLE PARTICLE
12PB,SINGLE PARTICLE
12RI,SINGLE PARTICLE
12RJ,SINGLE PARTICLE
12RT,HELICAL
12RU,HELICAL
12RV,HELICAL
13BS,SINGLE PARTICLE
13CM,SINGLE PARTICLE
13DE,SINGLE PARTICLE
13ER,SINGLE PARTICLE
13IB,SINGLE PARTICLE
13JV,SINGLE PARTICLE
13LO,SINGLE PARTICLE
13LR,SINGLE PARTICLE
13LU,SINGLE PARTICLE
20YC,SINGLE PARTICLE
20YR,SINGLE PARTICLE
20YS,SINGLE PARTICLE
20ZG,SINGLE PARTICLE
20ZH,SINGLE PARTICLE
20ZK,SINGLE PARTICLE
21DU,SINGLE PARTICLE
21EN,SINGLE PARTICLE
21EO,SINGLE PARTICLE
21FB,HELICAL
21FY,SINGLE PARTICLE
21GQ,SINGLE PARTICLE
21GR,SINGLE PARTICLE
21KS,SINGLE PARTICLE
21KT,SINGLE PARTICLE
21NY,SINGLE PARTICLE
21TP,SINGLE PARTICLE
21RT,SINGLE PARTICLE
21RS,SINGLE PARTICLE
21RN,SINGLE PARTICLE
21RK,SINGLE PARTICLE
21RJ,SINGLE PARTICLE
21RH,SINGLE PARTICLE
21OR,SINGLE PARTICLE
21NZ,SINGLE PARTICLE
21NX,SINGLE PARTICLE
21NW,SINGLE PARTICLE
21NT,HELICAL
21NS,HELICAL
21NR,HELICAL
21NQ,SINGLE PARTICLE
21NP,SINGLE PARTICLE
21LT,SINGLE PARTICLE
21KR,SINGLE PARTICLE
21JV,SINGLE PARTICLE
21JU,SINGLE PARTICLE
21GT,SINGLE PARTICLE
21GM,SINGLE PARTICLE
21GL,SINGLE PARTICLE
21GF,SINGLE PARTICLE
21FK,SINGLE PARTICLE
21FJ,SINGLE PARTICLE
21FI,SINGLE PARTICLE
21FH,SINGLE PARTICLE
21FG,SINGLE PARTICLE
21FF,SINGLE PARTICLE
21DX,SINGLE PARTICLE
21DI,SINGLE PARTICLE
21CO,SINGLE PARTICLE
21BQ,HELICAL
21AV,SINGLE PARTICLE
21AU,SINGLE PARTICLE
21AQ,SINGLE PARTICLE
21AO,SINGLE PARTICLE
21AM,SINGLE PARTICLE
21AL,SINGLE PARTICLE
21AK,SINGLE PARTICLE
21AH,SINGLE PARTICLE
21AG,SINGLE PARTICLE
20ZX,SINGLE PARTICLE
20ZN,SINGLE PARTICLE
20ZL,SINGLE PARTICLE
20ZJ,SINGLE PARTICLE
20ZI,SINGLE PARTICLE
20ZD,SINGLE PARTICLE
20ZC,SINGLE PARTICLE
20YY,SINGLE PARTICLE
20YW,SINGLE PARTICLE
20YV,SINGLE PARTICLE
20YJ,HELICAL
13MF,HELICAL
13LT,SINGLE PARTICLE
13LS,SINGLE PARTICLE
13LP,SINGLE PARTICLE
13LN,SINGLE PARTICLE
13LM,SINGLE PARTICLE
13LL,SINGLE PARTICLE
13LK,SINGLE PARTICLE
13LJ,SINGLE PARTICLE
13KW,SINGLE PARTICLE
13KK,SINGLE PARTICLE
13IO,SINGLE PARTICLE
13HS,SINGLE PARTICLE
13HR,SINGLE PARTICLE
13HQ,SINGLE PARTICLE
13GM,HELICAL
13GJ,HELICAL
13GH,HELICAL
13FM,HELICAL
13EU,SINGLE PARTICLE
13ES,SINGLE PARTICLE
13DM,SINGLE PARTICLE
13DJ,SINGLE PARTICLE
13CP,SINGLE PARTICLE
13CO,SINGLE PARTICLE
13BV,SINGLE PARTICLE
13BR,SINGLE PARTICLE
13BF,SINGLE PARTICLE
13BD,SINGLE PARTICLE
13AJ,SINGLE PARTICLE
12ZN,SINGLE PARTICLE
12ZE,SINGLE PARTICLE
12RP,SINGLE PARTICLE
12QJ,SINGLE PARTICLE
12JZ,SINGLE PARTICLE
12JT,SINGLE PARTICLE
12IU,SINGLE PARTICLE
12IE,SINGLE PARTICLE
12DS,SINGLE PARTICLE
12DR,SINGLE PARTICLE
12BZ,SINGLE PARTICLE
12BY,SINGLE PARTICLE
12BX,SINGLE PARTICLE
12BW,SINGLE PARTICLE
12BN,SINGLE PARTICLE
12BL,SINGLE PARTICLE
12BK,SINGLE PARTICLE
12BJ,SINGLE PARTICLE
12BI,SINGLE PARTICLE
12AI,SINGLE PARTICLE
12AD,SINGLE PARTICLE
11ZV,SINGLE PARTICLE
11ZS,SINGLE PARTICLE
11ZK,SINGLE PARTICLE
11YZ,SINGLE PARTICLE
11YE,SINGLE PARTICLE
11YA,SINGLE PARTICLE
11XZ,SINGLE PARTICLE
11XY,SINGLE PARTICLE
11XX,SINGLE PARTICLE
11XB,HELICAL
11WR,SINGLE PARTICLE
11WQ,SINGLE PARTICLE
11WP,SINGLE PARTICLE
11WO,SINGLE PARTICLE
11WN,SINGLE PARTICLE
11WE,SINGLE PARTICLE
11WB,SINGLE PARTICLE
11VZ,SINGLE PARTICLE
11VY,SINGLE PARTICLE
11VX,SINGLE PARTICLE
11VW,SINGLE PARTICLE
11VE,SINGLE PARTICLE
11UG,SINGLE PARTICLE
11UF,SINGLE PARTICLE
11TK,SINGLE PARTICLE
11TA,SINGLE PARTICLE
11SZ,SINGLE PARTICLE
11SX,SINGLE PARTICLE
11SQ,SINGLE PARTICLE
11SM,SINGLE PARTICLE
11RN,SINGLE PARTICLE
11RM,SINGLE PARTICLE
11QC,SINGLE PARTICLE
21TQ,SINGLE PARTICLE
21TY,SINGLE PARTICLE
21VQ,SINGLE PARTICLE
22EC,SINGLE PARTICLE
22EM,SINGLE PARTICLE
22JZ,SINGLE PARTICLE
22MM,SINGLE PARTICLE
22RJ,SINGLE PARTICLE
22TE,SINGLE PARTICLE
22TH,SINGLE PARTICLE
22VL,SINGLE PARTICLE
22VT,SINGLE PARTICLE
22XC,SINGLE PARTICLE
23AY,SINGLE PARTICLE
23BG,SINGLE PARTICLE
23BX,SINGLE PARTICLE
23CP,SINGLE PARTICLE
23EX,SINGLE PARTICLE
23FD,SINGLE PARTICLE
23IT,SINGLE PARTICLE
23IU,SINGLE PARTICLE
23IV,SINGLE PARTICLE
23PS,SINGLE PARTICLE
23SG,SINGLE PARTICLE
23SH,SINGLE PARTICLE
23SR,SINGLE PARTICLE
24MC,SINGLE PARTICLE
24RC,SINGLE PARTICLE
24TB,SINGLE PARTICLE
24TI,SINGLE PARTICLE
24VO,SINGLE PARTICLE
24VY,SINGLE PARTICLE
24XY,SINGLE PARTICLE
25IH,SINGLE PARTICLE
25II,SINGLE PARTICLE
25IL,SINGLE PARTICLE
25QP,SINGLE PARTICLE
25PV,SINGLE PARTICLE
25NX,SINGLE PARTICLE
25NV,SINGLE PARTICLE
25MK,SINGLE PARTICLE
25MJ,SINGLE PARTICLE
25MI,SINGLE PARTICLE
25LV,SINGLE PARTICLE
25LE,SINGLE PARTICLE
25JX,SINGLE PARTICLE
25JP,SINGLE PARTICLE
25JN,SINGLE PARTICLE
25IK,SINGLE PARTICLE
25IJ,SINGLE PARTICLE
25IF,SINGLE PARTICLE
25HW,SINGLE PARTICLE
25HS,SINGLE PARTICLE
25HR,SINGLE PARTICLE
25HO,SINGLE PARTICLE
25HN,SINGLE PARTICLE
25GN,SINGLE PARTICLE
25GF,SINGLE PARTICLE
25GE,SINGLE PARTICLE
25FQ,SINGLE PARTICLE
25EX,SINGLE PARTICLE
24YE,SINGLE PARTICLE
24XZ,SINGLE PARTICLE
24XB,SINGLE PARTICLE
24WA,SINGLE PARTICLE
24VZ,SINGLE PARTICLE
24VW,SINGLE PARTICLE
24VV,SINGLE PARTICLE
24VU,SINGLE PARTICLE
24VT,SINGLE PARTICLE
24VS,SINGLE PARTICLE
24VR,SINGLE PARTICLE
24VQ,SINGLE PARTICLE
24VP,SINGLE PARTICLE
24VN,SINGLE PARTICLE
24VM,SINGLE PARTICLE
24VK,SINGLE PARTICLE
24VJ,SINGLE PARTICLE
24VI,SINGLE PARTICLE
24VE,SINGLE PARTICLE
24VD,SINGLE PARTICLE
24VC,SINGLE PARTICLE
24UM,HELICAL
24SW,HELICAL
24SV,HELICAL
24RT,SINGLE PARTICLE
24QH,SINGLE PARTICLE
24NC,SINGLE PARTICLE
24NB,SINGLE PARTICLE
24NA,SINGLE PARTICLE
24KR,SINGLE PARTICLE
24IP,SINGLE PARTICLE
24ID,SINGLE PARTICLE
24GL,SINGLE PARTICLE
23XO,SINGLE PARTICLE
23XM,SINGLE PARTICLE
23XK,SINGLE PARTICLE
23XI,SINGLE PARTICLE
23WO,SINGLE PARTICLE
23WN,SINGLE PARTICLE
23WM,SINGLE PARTICLE
23WJ,SUBTOMOGRAM AVERAGING
23SQ,SINGLE PARTICLE
23SP,SINGLE PARTICLE
23SO,SINGLE PARTICLE
23SF,SINGLE PARTICLE
23PZ,SINGLE PARTICLE
23PY,SINGLE PARTICLE
23PX,SINGLE PARTICLE
23PI,SINGLE PARTICLE
23PH,SINGLE PARTICLE
23PG,SINGLE PARTICLE
23OI,SINGLE PARTICLE
23NX,SINGLE PARTICLE
23IW,SINGLE PARTICLE
23IG,SINGLE PARTICLE
23IF,SINGLE PARTICLE
23IC,SINGLE PARTICLE
23GX,SINGLE PARTICLE
23GF,SINGLE PARTICLE
23FJ,SINGLE PARTICLE
23FE,SINGLE PARTICLE
23FC,SINGLE PARTICLE
23FB,SINGLE PARTICLE
23FA,SINGLE PARTICLE
23EY,SINGLE PARTICLE
23EW,SINGLE PARTICLE
23DJ,SINGLE PARTICLE
23BT,SINGLE PARTICLE
23BD,SINGLE PARTICLE
23BB,SINGLE PARTICLE
22ZO,SINGLE PARTICLE
22XO,SINGLE PARTICLE
22XM,SINGLE PARTICLE
22XK,SINGLE PARTICLE
22WT,SINGLE PARTICLE
22WR,SINGLE PARTICLE
22WP,SINGLE PARTICLE
22SK,SINGLE PARTICLE
22RQ,SINGLE PARTICLE
22RD,SINGLE PARTICLE
22QW,SINGLE PARTICLE
22QV,SINGLE PARTICLE
22QU,SINGLE PARTICLE
22QT,SINGLE PARTICLE
22QS,SINGLE PARTICLE
22PS,SINGLE PARTICLE
22PL,SINGLE PARTICLE
22PD,SINGLE PARTICLE
22OV,SINGLE PARTICLE
22OF,SINGLE PARTICLE
22LL,SINGLE PARTICLE
22KK,SINGLE PARTICLE
22KG,SINGLE PARTICLE
22JY,SINGLE PARTICLE
22JX,SINGLE PARTICLE
22JW,SINGLE PARTICLE
22IX,SUBTOMOGRAM AVERAGING
22IB,SINGLE PARTICLE
22HP,SINGLE PARTICLE
22HG,SINGLE PARTICLE
22GM,SINGLE PARTICLE
22GL,SINGLE PARTICLE
22GK,SINGLE PARTICLE
22FY,SINGLE PARTICLE
22ES,SINGLE PARTICLE
22EB,SINGLE PARTICLE
22EA,SINGLE PARTICLE
22DZ,SINGLE PARTICLE
22DY,SINGLE PARTICLE
22DX,SINGLE PARTICLE
22CR,SINGLE PARTICLE
22BV,SINGLE PARTICLE
22BU,SINGLE PARTICLE
22BK,SINGLE PARTICLE
22BJ,SINGLE PARTICLE
22BI,SINGLE PARTICLE
22BH,SINGLE PARTICLE
22BG,SINGLE PARTICLE
22BF,SINGLE PARTICLE
22BE,SINGLE PARTICLE
22BD,SINGLE PARTICLE
22BC,SINGLE PARTICLE
22BA,SINGLE PARTICLE
22AZ,SINGLE PARTICLE
22AY,SINGLE PARTICLE
22AK,SINGLE PARTICLE
22AJ,SINGLE PARTICLE
21ZT,HELICAL
21XO,SINGLE PARTICLE
21XM,HELICAL
21XL,HELICAL
21XK,HELICAL
21XJ,HELICAL
21WY,SINGLE PARTICLE
21WL,SINGLE PARTICLE
21VM,SINGLE PARTICLE
21VL,SINGLE PARTICLE
21UY,SINGLE PARTICLE
21TW,SINGLE PARTICLE
25VJ,SINGLE PARTICLE
26LA,SINGLE PARTICLE
26QT,SINGLE PARTICLE
26XH,SINGLE PARTICLE
27EM,SINGLE PARTICLE
27TM,SINGLE PARTICLE
27WM,HELICAL
27WR,HELICAL
27XK,SINGLE PARTICLE
28JC,SINGLE PARTICLE
28JQ,SINGLE PARTICLE
28LW,SINGLE PARTICLE
28MJ,SINGLE PARTICLE
28MK,SINGLE PARTICLE
28MO,SINGLE PARTICLE
28MP,SINGLE PARTICLE
28MQ,SINGLE PARTICLE
28QL,SINGLE PARTICLE
28SD,SINGLE PARTICLE
28TO,SINGLE PARTICLE
28YM,HELICAL
28YR,SINGLE PARTICLE
29EX,SINGLE PARTICLE
29GV,SINGLE PARTICLE
29HP,HELICAL
29HQ,HELICAL
29JR,SINGLE PARTICLE
29OS,HELICAL
29TE,SINGLE PARTICLE
29TI,SINGLE PARTICLE
29TX,SINGLE PARTICLE
29YD,SINGLE PARTICLE
30FM,SINGLE PARTICLE
30HD,SINGLE PARTICLE
30JZ,SINGLE PARTICLE
30KH,SINGLE PARTICLE
30OE,SINGLE PARTICLE
30SJ,SINGLE PARTICLE
31BG,SINGLE PARTICLE
31ES,HELICAL
31IC,SINGLE PARTICLE
31VX,SINGLE PARTICLE
31ZN,SINGLE PARTICLE
33CG,SINGLE PARTICLE
33CH,SINGLE PARTICLE
33HM,SINGLE PARTICLE
36AZ,SINGLE PARTICLE
36BB,SINGLE PARTICLE
36JK,SINGLE PARTICLE
36JB,SINGLE PARTICLE
36JA,SINGLE PARTICLE
36HW,SINGLE PARTICLE
36HU,SINGLE PARTICLE
36CR,SINGLE PARTICLE
36CQ,SINGLE PARTICLE
36CG,SINGLE PARTICLE
36BM,SINGLE PARTICLE
36BL,SINGLE PARTICLE
36BD,SINGLE PARTICLE
35ZW,SINGLE PARTICLE
35ZV,SINGLE PARTICLE
35ZR,SINGLE PARTICLE
35TL,SINGLE PARTICLE
34AD,HELICAL
33CI,SINGLE PARTICLE
33BF,SINGLE PARTICLE
32ZB,SINGLE PARTICLE
32YY,SINGLE PARTICLE
32QB,SINGLE PARTICLE
32QA,SINGLE PARTICLE
32PZ,SINGLE PARTICLE
32GE,SINGLE PARTICLE
32GD,SINGLE PARTICLE
32FI,SINGLE PARTICLE
32FE,SINGLE PARTICLE
31OX,SINGLE PARTICLE
31MR,SINGLE PARTICLE
31IB,SINGLE PARTICLE
31EZ,SINGLE PARTICLE
31EY,SINGLE PARTICLE
31EW,SINGLE PARTICLE
31EV,HELICAL
31EP,SINGLE PARTICLE
31CK,SINGLE PARTICLE
31CJ,SINGLE PARTICLE
30ZA,SINGLE PARTICLE
30YZ,SINGLE PARTICLE
30YY,SINGLE PARTICLE
30YX,SINGLE PARTICLE
30YW,SINGLE PARTICLE
30YV,SINGLE PARTICLE
30YU,SINGLE PARTICLE
30YT,SINGLE PARTICLE
30YS,SINGLE PARTICLE
30XT,SINGLE PARTICLE
30WC,SINGLE PARTICLE
30UV,SINGLE PARTICLE
30UU,SINGLE PARTICLE
30UT,SINGLE PARTICLE
30US,SINGLE PARTICLE
30UC,SINGLE PARTICLE
30QN,SINGLE PARTICLE
30OD,SINGLE PARTICLE
30LD,SINGLE PARTICLE
30LA,SINGLE PARTICLE
30KZ,SINGLE PARTICLE
30KW,SINGLE PARTICLE
30JE,SINGLE PARTICLE
30IE,SINGLE PARTICLE
30HU,SINGLE PARTICLE
30GH,SINGLE PARTICLE
30GD,SINGLE PARTICLE
29YE,SINGLE PARTICLE
29YC,SINGLE PARTICLE
29YB,SINGLE PARTICLE
29YA,SINGLE PARTICLE
29XZ,SINGLE PARTICLE
29TC,SINGLE PARTICLE
29OU,HELICAL
29KM,SINGLE PARTICLE
29JF,SINGLE PARTICLE
29IN,SINGLE PARTICLE
29HG,SINGLE PARTICLE
29HB,SINGLE PARTICLE
29CP,SINGLE PARTICLE
28YQ,SINGLE PARTICLE
28YP,SINGLE PARTICLE
28YO,SINGLE PARTICLE
28YN,SINGLE PARTICLE
28YC,SINGLE PARTICLE
28WZ,SINGLE PARTICLE
28WY,SINGLE PARTICLE
28VJ,SINGLE PARTICLE
28RO,SINGLE PARTICLE
28QN,SINGLE PARTICLE
28QM,SINGLE PARTICLE
28PR,SINGLE PARTICLE
28PQ,SINGLE PARTICLE
28PP,SINGLE PARTICLE
28PN,SINGLE PARTICLE
28LQ,HELICAL
28LP,HELICAL
28LO,HELICAL
28LJ,HELICAL
28JM,SINGLE PARTICLE
28JL,SINGLE PARTICLE
28IZ,SINGLE PARTICLE
28IK,SINGLE PARTICLE
28EP,HELICAL
27ZV,SINGLE PARTICLE
27ZD,SINGLE PARTICLE
27QB,SINGLE PARTICLE
27QA,SINGLE PARTICLE
27PZ,SINGLE PARTICLE
27PY,SINGLE PARTICLE
27PT,SINGLE PARTICLE
27OA,SINGLE PARTICLE
27KF,SINGLE PARTICLE
27KE,SINGLE PARTICLE
26ZN,SINGLE PARTICLE
26WC,SINGLE PARTICLE
26VE,SINGLE PARTICLE
26VB,SINGLE PARTICLE
26VA,SINGLE PARTICLE
26QS,SINGLE PARTICLE
26QM,SINGLE PARTICLE
26QJ,SINGLE PARTICLE
26QI,SINGLE PARTICLE
26QH,SINGLE PARTICLE
26QG,SINGLE PARTICLE
26QF,SINGLE PARTICLE
26PF,SINGLE PARTICLE
26PC,HELICAL
26NL,SINGLE PARTICLE
26LK,SINGLE PARTICLE
26KD,SINGLE PARTICLE
26KB,SINGLE PARTICLE
26GS,SINGLE PARTICLE
26GP,SINGLE PARTICLE
26GA,SINGLE PARTICLE
26FV,SINGLE PARTICLE
26FE,SINGLE PARTICLE
26FB,SINGLE PARTICLE
26DK,SINGLE PARTICLE
26DE,SINGLE PARTICLE
26CI,SINGLE PARTICLE
25XL,SINGLE PARTICLE
25VK,SINGLE PARTICLE
25VF,SINGLE PARTICLE
25VE,SINGLE PARTICLE
25VD,SINGLE PARTICLE
25UJ,SINGLE PARTICLE
25TY,SINGLE PARTICLE
25TX,SINGLE PARTICLE
25TW,SINGLE PARTICLE
25TV,SINGLE PARTICLE
25SU,SINGLE PARTICLE
25ST,SINGLE PARTICLE
25SB,SINGLE PARTICLE
25RG,SINGLE PARTICLE
38JL,SINGLE PARTICLE
38KL,SINGLE PARTICLE
38KM,SINGLE PARTICLE
38KN,HELICAL
38KO,SINGLE PARTICLE
38KP,SINGLE PARTICLE
38KQ,SINGLE PARTICLE
44AB,SINGLE PARTICLE
9E9E,SINGLE PARTICLE
9HXL,SINGLE PARTICLE
9HXJ,SINGLE PARTICLE
9HXD,SINGLE PARTICLE
9HXB,SINGLE PARTICLE
9HWL,SINGLE PARTICLE
9HWK,SINGLE PARTICLE
9HWJ,SINGLE PARTICLE
9HVY,SINGLE PARTICLE
9HV6,SINGLE PARTICLE
9HV5,SINGLE PARTICLE
9HV4,SINGLE PARTICLE
9HV0,SINGLE PARTICLE
9HUZ,SINGLE PARTICLE
9HUY,SINGLE PARTICLE
9HUX,SINGLE PARTICLE
9HUM,SINGLE PARTICLE
9HUG,SINGLE PARTICLE
9HUF,SINGLE PARTICLE
9HUE,SINGLE PARTICLE
9HU6,SINGLE PARTICLE
9HU5,SINGLE PARTICLE
9HU4,SINGLE PARTICLE
9HN2,SINGLE PARTICLE
9HN1,SINGLE PARTICLE
9HKT,SINGLE PARTICLE
9HJX,SINGLE PARTICLE
9HJQ,SINGLE PARTICLE
9HFK,SINGLE PARTICLE
9H8N,SINGLE PARTICLE
9H7U,HELICAL
9H5I,SINGLE PARTICLE
9H50,SINGLE PARTICLE
9H2Q,SINGLE PARTICLE
9GJM,SINGLE PARTICLE
9GJL,SINGLE PARTICLE
9GJK,SINGLE PARTICLE
9GJJ,SINGLE PARTICLE
9GJI,SINGLE PARTICLE
9GJH,SINGLE PARTICLE
9GJG,SINGLE PARTICLE
9GJF,SINGLE PARTICLE
9GJE,SINGLE PARTICLE
9GJD,SINGLE PARTICLE
9GJC,SINGLE PARTICLE
9GJB,SINGLE PARTICLE
9GJA,SINGLE PARTICLE
9GAE,SINGLE PARTICLE
9G42,SINGLE PARTICLE
9G41,SINGLE PARTICLE
9G2H,SINGLE PARTICLE
9G2F,SINGLE PARTICLE
9FTE,SINGLE PARTICLE
9ELS,HELICAL
9EKA,SINGLE PARTICLE
9EGG,SINGLE PARTICLE
9EFT,SINGLE PARTICLE
9EFS,SINGLE PARTICLE
9EFH,SINGLE PARTICLE
9EEU,SINGLE PARTICLE
9EES,SINGLE PARTICLE
9EER,SINGLE PARTICLE
9EEQ,SINGLE PARTICLE
9EEP,SINGLE PARTICLE
9EEO,SINGLE PARTICLE
9EEN,SINGLE PARTICLE
9EEM,SINGLE PARTICLE
9EEL,SINGLE PARTICLE
9EEK,SINGLE PARTICLE
9EEB,SINGLE PARTICLE
9EDT,SINGLE PARTICLE
9EDS,SINGLE PARTICLE
9EDR,SINGLE PARTICLE
9EC7,SINGLE PARTICLE
9EC0,SINGLE PARTICLE
9EBC,SINGLE PARTICLE
9EBA,SINGLE PARTICLE
9EB9,SINGLE PARTICLE
9E9D,SINGLE PARTICLE
9E94,SINGLE PARTICLE
9E7I,SINGLE PARTICLE
9E6J,SINGLE PARTICLE
9E5X,SINGLE PARTICLE
9E5V,SINGLE PARTICLE
9E5U,SINGLE PARTICLE
9E5N,SINGLE PARTICLE
9E4K,SINGLE PARTICLE
9E4J,SINGLE PARTICLE
9E4I,SINGLE PARTICLE
9E4H,SINGLE PARTICLE
9E4G,SINGLE PARTICLE
9E4F,SINGLE PARTICLE
9E4E,SINGLE PARTICLE
9E4D,SINGLE PARTICLE
9E4C,SINGLE PARTICLE
9E4B,SINGLE PARTICLE
9E4A,SINGLE PARTICLE
9E3I,SINGLE PARTICLE
9E0L,SINGLE PARTICLE
9E0G,SINGLE PARTICLE
9E0F,SINGLE PARTICLE
9DZK,SINGLE PARTICLE
9DZJ,SINGLE PARTICLE
9DZH,SINGLE PARTICLE
9DZG,SINGLE PARTICLE
9DZF,SINGLE PARTICLE
9DZ4,SINGLE PARTICLE
9DX5,SINGLE PARTICLE
9DX4,SINGLE PARTICLE
9DX3,SINGLE PARTICLE
9DX2,SINGLE PARTICLE
9DX1,SINGLE PARTICLE
9DX0,SINGLE PARTICLE
9DWT,SINGLE PARTICLE
9DSL,SINGLE PARTICLE
9DPI,SINGLE PARTICLE
9DPD,SINGLE PARTICLE
9DC4,SINGLE PARTICLE
9D74,SINGLE PARTICLE
9D73,SINGLE PARTICLE
9D72,SINGLE PARTICLE
9CZC,SINGLE PARTICLE
9CZB,SINGLE PARTICLE
9CWR,SINGLE PARTICLE
9CWQ,SINGLE PARTICLE
9CWP,SINGLE PARTICLE
9CTY,SINGLE PARTICLE
9CON,SINGLE PARTICLE
9COH,SINGLE PARTICLE
9COG,SINGLE PARTICLE
9COF,SINGLE PARTICLE
9COE,SINGLE PARTICLE
9COC,SINGLE PARTICLE
9CO4,HELICAL
9CMM,SINGLE PARTICLE
9CMG,SINGLE PARTICLE
9CLV,SINGLE PARTICLE
9CLT,SINGLE PARTICLE
9CLA,SINGLE PARTICLE
9CKI,HELICAL
9CK6,HELICAL
9CK4,SINGLE PARTICLE
9CIN,SINGLE PARTICLE
9CDQ,SINGLE PARTICLE
9BJJ,SINGLE PARTICLE
9BJI,SINGLE PARTICLE
9BJ8,SINGLE PARTICLE
9BIE,SINGLE PARTICLE
9BID,SINGLE PARTICLE
8YRQ,SINGLE PARTICLE
8Y71,SINGLE PARTICLE
8V9T,SINGLE PARTICLE
45IR,SINGLE PARTICLE
45IQ,SINGLE PARTICLE
45IP,SINGLE PARTICLE
45IO,SINGLE PARTICLE
45IM,SINGLE PARTICLE
45IL,SINGLE PARTICLE
44NY,SINGLE PARTICLE
44NX,SINGLE PARTICLE
44FI,SINGLE PARTICLE
44FH,SINGLE PARTICLE
44BW,SINGLE PARTICLE
44BV,SINGLE PARTICLE
43YY,SINGLE PARTICLE
43SN,SINGLE PARTICLE
43MU,SINGLE PARTICLE
43MI,SINGLE PARTICLE
43JH,SINGLE PARTICLE
43JG,SINGLE PARTICLE
43JF,SINGLE PARTICLE
43FX,SINGLE PARTICLE
43DY,SINGLE PARTICLE
38PA,SINGLE PARTICLE
38LB,SINGLE PARTICLE
38LA,SINGLE PARTICLE
38KZ,SINGLE PARTICLE
38KY,SINGLE PARTICLE
38HM,SINGLE PARTICLE
37YA,SINGLE PARTICLE
37XD,SINGLE PARTICLE
37IX,SINGLE PARTICLE
37ID,SINGLE PARTICLE
37IB,SINGLE PARTICLE
37HT,SINGLE PARTICLE
37CY,SINGLE PARTICLE
36QW,SINGLE PARTICLE
36QV,SINGLE PARTICLE
36QU,SINGLE PARTICLE
36QD,HELICAL
36PY,SINGLE PARTICLE
36JL,SINGLE PARTICLE
9HYF,SINGLE PARTICLE
9HYI,SINGLE PARTICLE
9HYU,SINGLE PARTICLE
9I3V,SINGLE PARTICLE
9I4T,SINGLE PARTICLE
9I9Y,SINGLE PARTICLE
9IAN,SINGLE PARTICLE
9IAO,SINGLE PARTICLE
9IB1,SINGLE PARTICLE
9IB3,SINGLE PARTICLE
9IFM,SINGLE PARTICLE
9IFO,SINGLE PARTICLE
9IHH,HELICAL
9IHN,SINGLE PARTICLE
9IPN,SINGLE PARTICLE
9IPO,SINGLE PARTICLE
9IRS,SINGLE PARTICLE
9IRU,SINGLE PARTICLE
9J4C,SINGLE PARTICLE
9J87,SINGLE PARTICLE
9JN1,SINGLE PARTICLE
9JY3,SINGLE PARTICLE
9JY4,SINGLE PARTICLE
9JZI,SINGLE PARTICLE
9JZJ,SINGLE PARTICLE
9JZK,SINGLE PARTICLE
9JZN,SINGLE PARTICLE
9JZR,SINGLE PARTICLE
9K1E,SINGLE PARTICLE
9K3S,SINGLE PARTICLE
9K3X,SINGLE PARTICLE
9K3Y,SINGLE PARTICLE
9K4A,SINGLE PARTICLE
9K4B,SINGLE PARTICLE
9K4J,SINGLE PARTICLE
9K4K,SINGLE PARTICLE
9K4M,SINGLE PARTICLE
9K4R,SINGLE PARTICLE
9K4U,SINGLE PARTICLE
9K4V,SINGLE PARTICLE
9K4W,SINGLE PARTICLE
9K4X,SINGLE PARTICLE
9K4Y,SINGLE PARTICLE
9K4Z,SINGLE PARTICLE
9K50,SINGLE PARTICLE
9K51,SINGLE PARTICLE
9K53,SINGLE PARTICLE
9K54,SINGLE PARTICLE
9K56,SINGLE PARTICLE
9K5B,SINGLE PARTICLE
9K5C,SINGLE PARTICLE
9K5D,SINGLE PARTICLE
9K5E,SINGLE PARTICLE
9K6X,SINGLE PARTICLE
9K7G,SINGLE PARTICLE
9K7S,SINGLE PARTICLE
9K7V,SINGLE PARTICLE
9K88,SINGLE PARTICLE
9K8Y,SINGLE PARTICLE
9K90,SINGLE PARTICLE
9K91,SINGLE PARTICLE
9KAF,SINGLE PARTICLE
9KAG,SINGLE PARTICLE
9KC4,SINGLE PARTICLE
9KCF,SINGLE PARTICLE
9KH6,SINGLE PARTICLE
9KKN,SINGLE PARTICLE
9KKO,SINGLE PARTICLE
9KOF,SINGLE PARTICLE
9KOG,SINGLE PARTICLE
9KOH,SINGLE PARTICLE
9KPZ,SINGLE PARTICLE
9KQ0,SINGLE PARTICLE
9KQ5,SINGLE PARTICLE
9KQM,SINGLE PARTICLE
9KSL,SINGLE PARTICLE
9KU1,HELICAL
9KVS,SINGLE PARTICLE
9KWY,SINGLE PARTICLE
9KZG,SINGLE PARTICLE
9KZH,SINGLE PARTICLE
9L0A,SINGLE PARTICLE
9L19,SINGLE PARTICLE
9L1A,SINGLE PARTICLE
9L1B,SINGLE PARTICLE
9L1C,SINGLE PARTICLE
9L1D,SINGLE PARTICLE
9L1E,SINGLE PARTICLE
9L1L,SINGLE PARTICLE
9L2O,SINGLE PARTICLE
9L2T,SINGLE PARTICLE
9L36,SINGLE PARTICLE
9L38,SINGLE PARTICLE
9L3I,SINGLE PARTICLE
9L3Q,SINGLE PARTICLE
9L58,SINGLE PARTICLE
9L5D,SINGLE PARTICLE
9L5I,SINGLE PARTICLE
9L6I,SINGLE PARTICLE
9L6O,SINGLE PARTICLE
9L6P,SINGLE PARTICLE
9L76,SINGLE PARTICLE
9L8N,SINGLE PARTICLE
9L8W,SINGLE PARTICLE
9L9H,SINGLE PARTICLE
9L9O,SINGLE PARTICLE
9LAA,HELICAL
9LAB,HELICAL
9LAH,HELICAL
9LBW,SINGLE PARTICLE
9LCO,SINGLE PARTICLE
9LCP,SINGLE PARTICLE
9LCQ,SINGLE PARTICLE
9LD2,SINGLE PARTICLE
9LDV,SINGLE PARTICLE
9LDW,SINGLE PARTICLE
9LDX,SINGLE PARTICLE
9LDZ,SINGLE PARTICLE
9LE0,SINGLE PARTICLE
9LE1,SINGLE PARTICLE
9LE2,SINGLE PARTICLE
9LEG,SINGLE PARTICLE
9LET,SINGLE PARTICLE
9LEU,SINGLE PARTICLE
9LEV,SINGLE PARTICLE
9LEX,SINGLE PARTICLE
9LEY,SINGLE PARTICLE
9LEZ,SINGLE PARTICLE
9LFA,SINGLE PARTICLE
9LFC,SINGLE PARTICLE
9LFD,SINGLE PARTICLE
9LGT,SINGLE PARTICLE
9LHZ,SINGLE PARTICLE
9LIH,SINGLE PARTICLE
9JRH,SINGLE PARTICLE
9JRG,SINGLE PARTICLE
9JRD,SINGLE PARTICLE
9JQO,HELICAL
9JN2,SINGLE PARTICLE
9JLP,SINGLE PARTICLE
9JKR,SINGLE PARTICLE
9JKM,SINGLE PARTICLE
9JKK,SINGLE PARTICLE
9JKJ,SINGLE PARTICLE
9JKI,SINGLE PARTICLE
9JKH,SINGLE PARTICLE
9JCS,SINGLE PARTICLE
9JC0,SINGLE PARTICLE
9JBU,SINGLE PARTICLE
9JBT,SINGLE PARTICLE
9JBS,SINGLE PARTICLE
9JB7,SINGLE PARTICLE
9J94,SINGLE PARTICLE
9J93,SINGLE PARTICLE
9J6V,SINGLE PARTICLE
9J6U,SINGLE PARTICLE
9J6T,SINGLE PARTICLE
9J6S,SINGLE PARTICLE
9J6R,SINGLE PARTICLE
9J5L,SINGLE PARTICLE
9J5K,SINGLE PARTICLE
9J5I,SINGLE PARTICLE
9IYC,SINGLE PARTICLE
9IVJ,SINGLE PARTICLE
9IRD,SINGLE PARTICLE
9IPM,SINGLE PARTICLE
9IP5,SINGLE PARTICLE
9INZ,SINGLE PARTICLE
9IGS,SINGLE PARTICLE
9IBW,SINGLE PARTICLE
9IBS,HELICAL
9IBD,SINGLE PARTICLE
9IB2,SINGLE PARTICLE
9IB0,SINGLE PARTICLE
9IAZ,SINGLE PARTICLE
9IAS,SINGLE PARTICLE
9IAR,SINGLE PARTICLE
9I8U,SINGLE PARTICLE
9I8C,SINGLE PARTICLE
9I83,SINGLE PARTICLE
9I82,SINGLE PARTICLE
9I7X,SINGLE PARTICLE
9I7V,SINGLE PARTICLE
9I7M,SINGLE PARTICLE
9I6D,SINGLE PARTICLE
9I66,SINGLE PARTICLE
9I61,SINGLE PARTICLE
9I60,SINGLE PARTICLE
9I5Z,SINGLE PARTICLE
9I5N,SINGLE PARTICLE
9I3T,SINGLE PARTICLE
9I3R,SINGLE PARTICLE
9I3P,SINGLE PARTICLE
9I28,SINGLE PARTICLE
9I1Z,SINGLE PARTICLE
9I07,SINGLE PARTICLE
9I06,SINGLE PARTICLE
9HYW,SINGLE PARTICLE
9HXN,SINGLE PARTICLE
9HXM,SINGLE PARTICLE
9LIV,HELICAL
9LIW,HELICAL
9LIX,HELICAL
9LIY,HELICAL
9LJ0,HELICAL
9LJA,HELICAL
9LJB,HELICAL
9LJC,HELICAL
9LLG,SINGLE PARTICLE
9LLH,SINGLE PARTICLE
9LLI,SINGLE PARTICLE
9LN4,SINGLE PARTICLE
9LN7,SINGLE PARTICLE
9LN9,SINGLE PARTICLE
9LNA,SINGLE PARTICLE
9LNM,SINGLE PARTICLE
9LNN,SINGLE PARTICLE
9LNO,SINGLE PARTICLE
9LO8,SINGLE PARTICLE
9LOE,SINGLE PARTICLE
9LOF,SINGLE PARTICLE
9LOG,SINGLE PARTICLE
9LOY,SINGLE PARTICLE
9LOZ,SINGLE PARTICLE
9LP0,SINGLE PARTICLE
9LP1,SINGLE PARTICLE
9LPK,SINGLE PARTICLE
9LQT,SINGLE PARTICLE
9LQU,SINGLE PARTICLE
9LQW,SINGLE PARTICLE
9LQX,SINGLE PARTICLE
9LQY,SINGLE PARTICLE
9LQZ,SINGLE PARTICLE
9LR1,SINGLE PARTICLE
9LR2,SINGLE PARTICLE
9LR3,SINGLE PARTICLE
9LRS,SINGLE PARTICLE
9LS3,SINGLE PARTICLE
9LTR,SINGLE PARTICLE
9LU5,SINGLE PARTICLE
9LU6,SINGLE PARTICLE
9LV4,SINGLE PARTICLE
9LW1,SINGLE PARTICLE
9LWC,SINGLE PARTICLE
9LWI,SINGLE PARTICLE
9LXD,SINGLE PARTICLE
9LXE,SINGLE PARTICLE
9LXF,SINGLE PARTICLE
9LY6,SINGLE PARTICLE
9LZY,SINGLE PARTICLE
9M1R,SINGLE PARTICLE
9M1S,SINGLE PARTICLE
9M2S,SINGLE PARTICLE
9M5C,SINGLE PARTICLE
9M7G,SINGLE PARTICLE
9M7H,SINGLE PARTICLE
9MAN,SINGLE PARTICLE
9MB8,SINGLE PARTICLE
9MBP,SINGLE PARTICLE
9MC7,SINGLE PARTICLE
9MCG,SINGLE PARTICLE
9MKF,SINGLE PARTICLE
9MM5,SINGLE PARTICLE
9MMY,SINGLE PARTICLE
9MMZ,SINGLE PARTICLE
9MN0,SINGLE PARTICLE
9MN1,SINGLE PARTICLE
9MN3,SINGLE PARTICLE
9MNB,SINGLE PARTICLE
9MNM,SINGLE PARTICLE
9MOF,SINGLE PARTICLE
9MOG,SINGLE PARTICLE
9MPZ,SINGLE PARTICLE
9MQ0,SINGLE PARTICLE
9MOY,SINGLE PARTICLE
9MOH,SINGLE PARTICLE
9MKG,SINGLE PARTICLE
9MK6,SINGLE PARTICLE
9MJO,SINGLE PARTICLE
9MIX,SINGLE PARTICLE
9MCV,SINGLE PARTICLE
9MCU,SINGLE PARTICLE
9MCT,SINGLE PARTICLE
9MCS,SINGLE PARTICLE
9MCR,SINGLE PARTICLE
9MCB,SINGLE PARTICLE
9MC9,SINGLE PARTICLE
9MC6,SINGLE PARTICLE
9MC5,SINGLE PARTICLE
9MC4,SINGLE PARTICLE
9MC2,HELICAL
9MBZ,SINGLE PARTICLE
9MBQ,SINGLE PARTICLE
9MBO,SINGLE PARTICLE
9MB5,SINGLE PARTICLE
9MAV,SINGLE PARTICLE
9MAO,SINGLE PARTICLE
9MAK,SINGLE PARTICLE
9MAI,SINGLE PARTICLE
9MAG,SINGLE PARTICLE
9MAE,SINGLE PARTICLE
9MA8,SINGLE PARTICLE
9MA7,SINGLE PARTICLE
9MA5,SINGLE PARTICLE
9MA0,SINGLE PARTICLE
9M9X,SINGLE PARTICLE
9M9W,SINGLE PARTICLE
9M9Q,SINGLE PARTICLE
9M9P,SINGLE PARTICLE
9M9M,SINGLE PARTICLE
9M9F,SINGLE PARTICLE
9M8U,SINGLE PARTICLE
9M8F,SINGLE PARTICLE
9M8E,SINGLE PARTICLE
9M8D,SINGLE PARTICLE
9M80,SINGLE PARTICLE
9M7S,SINGLE PARTICLE
9M7R,SINGLE PARTICLE
9M7Q,SINGLE PARTICLE
9M7K,SINGLE PARTICLE
9M7B,SINGLE PARTICLE
9M72,SINGLE PARTICLE
9M6W,SINGLE PARTICLE
9M5Z,SINGLE PARTICLE
9M5T,SINGLE PARTICLE
9M5L,HELICAL
9M5K,HELICAL
9M5A,SINGLE PARTICLE
9M4E,SINGLE PARTICLE
9M4D,SINGLE PARTICLE
9M4C,SINGLE PARTICLE
9M42,SINGLE PARTICLE
9M40,SINGLE PARTICLE
9M3S,SINGLE PARTICLE
9M3Q,SINGLE PARTICLE
9M2X,SINGLE PARTICLE
9M2O,SINGLE PARTICLE
9M1U,SINGLE PARTICLE
9M1P,SINGLE PARTICLE
9M0Z,SINGLE PARTICLE
9M0X,SINGLE PARTICLE
9M0N,SINGLE PARTICLE
9M0J,SINGLE PARTICLE
9LZZ,SINGLE PARTICLE
9LZH,SINGLE PARTICLE
9LZ2,SINGLE PARTICLE
9LZ1,SINGLE PARTICLE
9LZ0,SINGLE PARTICLE
9LYI,SINGLE PARTICLE
9LY5,SINGLE PARTICLE
9LY3,SINGLE PARTICLE
9LY2,SINGLE PARTICLE
9LXP,SINGLE PARTICLE
9LWN,SINGLE PARTICLE
9LW5,SINGLE PARTICLE
9LW3,SINGLE PARTICLE
9LVS,SINGLE PARTICLE
9LVI,SINGLE PARTICLE
9LV9,SINGLE PARTICLE
9LUU,SINGLE PARTICLE
9LUT,SINGLE PARTICLE
9LUJ,SINGLE PARTICLE
9LU8,SINGLE PARTICLE
9LU7,SINGLE PARTICLE
9LU4,SINGLE PARTICLE
9LU1,SINGLE PARTICLE
9LTZ,SINGLE PARTICLE
9LTW,SINGLE PARTICLE
9LTO,SINGLE PARTICLE
9LTL,SINGLE PARTICLE
9LTJ,SINGLE PARTICLE
9LT3,SINGLE PARTICLE
9LSZ,SINGLE PARTICLE
9LSY,SINGLE PARTICLE
9LRM,SINGLE PARTICLE
9LRK,SINGLE PARTICLE
9LQJ,SINGLE PARTICLE
9LPZ,SINGLE PARTICLE
9LPW,SINGLE PARTICLE
9LN6,SINGLE PARTICLE
9LM6,SINGLE PARTICLE
9LM5,SINGLE PARTICLE
9LM0,SINGLE PARTICLE
9LLZ,SINGLE PARTICLE
9LLY,SINGLE PARTICLE
9LLJ,SINGLE PARTICLE
9LLF,SINGLE PARTICLE
9LLE,SINGLE PARTICLE
9LLC,SINGLE PARTICLE
9LLB,SINGLE PARTICLE
9LLA,SINGLE PARTICLE
9LL9,SINGLE PARTICLE
9LL8,SINGLE PARTICLE
9LL7,SINGLE PARTICLE
9LKZ,SINGLE PARTICLE
9LKD,SINGLE PARTICLE
9LKB,SINGLE PARTICLE
9LK6,SINGLE PARTICLE
9LK2,SINGLE PARTICLE
9LJI,HELICAL
9MT7,SINGLE PARTICLE
9MUN,SINGLE PARTICLE
9MUR,SINGLE PARTICLE
9MVE,SINGLE PARTICLE
9MVF,SINGLE PARTICLE
9MXU,SINGLE PARTICLE
9MZE,SINGLE PARTICLE
9MZF,SINGLE PARTICLE
9MZG,SINGLE PARTICLE
9MZI,SINGLE PARTICLE
9MZJ,SINGLE PARTICLE
9MZK,SINGLE PARTICLE
9MZM,SINGLE PARTICLE
9MZO,SINGLE PARTICLE
9MZP,SINGLE PARTICLE
9N04,SINGLE PARTICLE
9N05,SINGLE PARTICLE
9N09,SINGLE PARTICLE
9N0E,SINGLE PARTICLE
9N1P,SINGLE PARTICLE
9N1Q,SINGLE PARTICLE
9N29,SINGLE PARTICLE
9N2I,SINGLE PARTICLE
9N37,SINGLE PARTICLE
9N38,SINGLE PARTICLE
9N3V,SINGLE PARTICLE
9N7F,SINGLE PARTICLE
9N84,SINGLE PARTICLE
9N8F,SINGLE PARTICLE
9N8Y,SINGLE PARTICLE
9NAH,SINGLE PARTICLE
9NAU,SINGLE PARTICLE
9NBT,SINGLE PARTICLE
9NBY,SINGLE PARTICLE
9NC0,SINGLE PARTICLE
9NC3,SINGLE PARTICLE
9NC6,SINGLE PARTICLE
9NC8,SINGLE PARTICLE
9NC9,HELICAL
9NI3,SINGLE PARTICLE
9NI4,SINGLE PARTICLE
9NI7,SINGLE PARTICLE
9NN1,SINGLE PARTICLE
9NNN,HELICAL
9NO9,HELICAL
9NOC,SINGLE PARTICLE
9NOQ,SINGLE PARTICLE
9NQ1,SINGLE PARTICLE
9NR1,SINGLE PARTICLE
9NRE,SINGLE PARTICLE
9NRF,SINGLE PARTICLE
9NVW,SINGLE PARTICLE
9O0L,SINGLE PARTICLE
9O1N,SINGLE PARTICLE
9O49,SINGLE PARTICLE
9O7C,HELICAL
9O7D,SINGLE PARTICLE
9O7E,SINGLE PARTICLE
9O7F,SINGLE PARTICLE
9O8M,SINGLE PARTICLE
9O8H,HELICAL
9O8E,HELICAL
9O8D,SINGLE PARTICLE
9O7M,SINGLE PARTICLE
9O7I,SINGLE PARTICLE
9O7G,SINGLE PARTICLE
9O7B,HELICAL
9O79,HELICAL
9O76,HELICAL
9O6Z,HELICAL
9O6Y,HELICAL
9O6X,HELICAL
9O6W,HELICAL
9O6V,HELICAL
9O6G,SINGLE PARTICLE
9O6A,SINGLE PARTICLE
9O65,SINGLE PARTICLE
9O5Q,SINGLE PARTICLE
9O5D,SINGLE PARTICLE
9O5A,SINGLE PARTICLE
9O59,SINGLE PARTICLE
9O4R,SINGLE PARTICLE
9O4G,SINGLE PARTICLE
9O4E,SINGLE PARTICLE
9O4C,SINGLE PARTICLE
9O3Z,SINGLE PARTICLE
9O3G,SINGLE PARTICLE
9O36,SINGLE PARTICLE
9O1P,SINGLE PARTICLE
9O1O,SINGLE PARTICLE
9O1M,SINGLE PARTICLE
9O1L,SINGLE PARTICLE
9O1I,SINGLE PARTICLE
9O04,SINGLE PARTICLE
9NZU,SINGLE PARTICLE
9NZ0,SINGLE PARTICLE
9NYX,SINGLE PARTICLE
9NYR,SINGLE PARTICLE
9NYP,SINGLE PARTICLE
9NY0,HELICAL
9NXZ,HELICAL
9NX2,SINGLE PARTICLE
9NX1,SINGLE PARTICLE
9NX0,SINGLE PARTICLE
9NWV,HELICAL
9NWT,SINGLE PARTICLE
9NWS,SINGLE PARTICLE
9NWR,HELICAL
9NW1,SINGLE PARTICLE
9NW0,SINGLE PARTICLE
9NVZ,SINGLE PARTICLE
9NVY,SINGLE PARTICLE
9NVX,SINGLE PARTICLE
9NVV,SINGLE PARTICLE
9NVS,SINGLE PARTICLE
9NVR,SINGLE PARTICLE
9NVQ,SINGLE PARTICLE
9NVP,SINGLE PARTICLE
9NVO,SINGLE PARTICLE
9NVN,SINGLE PARTICLE
9NVG,SINGLE PARTICLE
9NU8,SINGLE PARTICLE
9NU5,SINGLE PARTICLE
9NU4,SINGLE PARTICLE
9NRH,SINGLE PARTICLE
9NRG,SINGLE PARTICLE
9NRD,SINGLE PARTICLE
9NR4,SINGLE PARTICLE
9NQL,SINGLE PARTICLE
9NQ6,SINGLE PARTICLE
9NPW,SINGLE PARTICLE
9NPM,SINGLE PARTICLE
9NP0,SINGLE PARTICLE
9NOZ,SINGLE PARTICLE
9NOP,SINGLE PARTICLE
9NOO,SINGLE PARTICLE
9NON,HELICAL
9NO8,HELICAL
9NNZ,SINGLE PARTICLE
9NNL,HELICAL
9NNC,SINGLE PARTICLE
9NMT,SINGLE PARTICLE
9NMS,SINGLE PARTICLE
9NJS,SINGLE PARTICLE
9NJA,SINGLE PARTICLE
9NJ9,SINGLE PARTICLE
9NJ6,SINGLE PARTICLE
9NJ3,SINGLE PARTICLE
9NJ2,SINGLE PARTICLE
9NI8,SINGLE PARTICLE
9NI6,SINGLE PARTICLE
9NI5,SINGLE PARTICLE
9NHZ,SINGLE PARTICLE
9NGZ,SINGLE PARTICLE
9NGO,SINGLE PARTICLE
9NGK,HELICAL
9NFT,SINGLE PARTICLE
9NFN,HELICAL
9NF7,SINGLE PARTICLE
9NEY,SINGLE PARTICLE
9NET,HELICAL
9NEQ,HELICAL
9NEN,SINGLE PARTICLE
9NEJ,SINGLE PARTICLE
9NEF,HELICAL
9NCO,SINGLE PARTICLE
9NCN,SINGLE PARTICLE
9NCK,HELICAL
9NCJ,HELICAL
9NB3,SINGLE PARTICLE
9NAV,SINGLE PARTICLE
9NAL,SINGLE PARTICLE
9N9W,SINGLE PARTICLE
9N9I,SINGLE PARTICLE
9N9H,SINGLE PARTICLE
9N9G,SINGLE PARTICLE
9N9F,SINGLE PARTICLE
9N9E,SINGLE PARTICLE
9N8Z,SINGLE PARTICLE
9N8J,SINGLE PARTICLE
9N7V,SINGLE PARTICLE
9N7T,SINGLE PARTICLE
9N7S,SINGLE PARTICLE
9N7Q,SINGLE PARTICLE
9N6D,SINGLE PARTICLE
9N5N,SINGLE PARTICLE
9N5J,SINGLE PARTICLE
9N3B,SINGLE PARTICLE
9N0L,SINGLE PARTICLE
9N01,SINGLE PARTICLE
9N00,SINGLE PARTICLE
9MZS,SINGLE PARTICLE
9MZR,SINGLE PARTICLE
9MZN,SINGLE PARTICLE
9MX7,SINGLE PARTICLE
9MX6,SINGLE PARTICLE
9MX4,SINGLE PARTICLE
9MVC,SINGLE PARTICLE
9MUH,SINGLE PARTICLE
9MQM,SINGLE PARTICLE
9O8R,SINGLE PARTICLE
9O8T,SINGLE PARTICLE
9OAJ,SINGLE PARTICLE
9OBS,SINGLE PARTICLE
9OBT,SINGLE PARTICLE
9OBU,SINGLE PARTICLE
9OBV,SINGLE PARTICLE
9OBW,SINGLE PARTICLE
9OBX,SINGLE PARTICLE
9OBY,SINGLE PARTICLE
9OBZ,SINGLE PARTICLE
9OC0,SINGLE PARTICLE
9OC1,SINGLE PARTICLE
9OC2,SINGLE PARTICLE
9ODF,SINGLE PARTICLE
9ODM,SINGLE PARTICLE
9ODO,SINGLE PARTICLE
9OE7,SINGLE PARTICLE
9OFN,HELICAL
9OIR,SINGLE PARTICLE
9OJ2,SINGLE PARTICLE
9OKL,SINGLE PARTICLE
9OM7,SINGLE PARTICLE
9OMY,SINGLE PARTICLE
9OMZ,SINGLE PARTICLE
9ON2,SINGLE PARTICLE
9ON5,SINGLE PARTICLE
9ONC,HELICAL
9OS2,SINGLE PARTICLE
9OVY,SINGLE PARTICLE
9OW3,SINGLE PARTICLE
9OXA,SINGLE PARTICLE
9P0J,SINGLE PARTICLE
9P0K,SINGLE PARTICLE
9P0L,SINGLE PARTICLE
9P0M,SINGLE PARTICLE
9P0N,SINGLE PARTICLE
9P0O,SINGLE PARTICLE
9P1V,SINGLE PARTICLE
9P3N,SINGLE PARTICLE
9P3O,SINGLE PARTICLE
9P3P,SINGLE PARTICLE
9P3Q,SINGLE PARTICLE
9P3R,SINGLE PARTICLE
9P3S,SINGLE PARTICLE
9P3T,SINGLE PARTICLE
9P3U,SINGLE PARTICLE
9P3V,SINGLE PARTICLE
9P3W,SINGLE PARTICLE
9P4F,SINGLE PARTICLE
9P4L,SINGLE PARTICLE
9P4M,SINGLE PARTICLE
9P4N,SINGLE PARTICLE
9P4O,SINGLE PARTICLE
9P4P,SINGLE PARTICLE
9P4Q,SINGLE PARTICLE
9P4R,SINGLE PARTICLE
9P53,SINGLE PARTICLE
9P54,SINGLE PARTICLE
9P6E,SINGLE PARTICLE
9P35,SINGLE PARTICLE
9P24,SINGLE PARTICLE
9P1X,SINGLE PARTICLE
9OZI,SINGLE PARTICLE
9OZC,SINGLE PARTICLE
9OZ6,SINGLE PARTICLE
9OZ1,SINGLE PARTICLE
9OYZ,SINGLE PARTICLE
9OYG,SINGLE PARTICLE
9OYA,SINGLE PARTICLE
9OXM,SINGLE PARTICLE
9OXL,SINGLE PARTICLE
9OXI,SINGLE PARTICLE
9OXH,SINGLE PARTICLE
9OXB,SINGLE PARTICLE
9OX7,HELICAL
9OW6,SINGLE PARTICLE
9OW5,SINGLE PARTICLE
9OW4,SINGLE PARTICLE
9OVV,SINGLE PARTICLE
9OVU,SINGLE PARTICLE
9OVT,SINGLE PARTICLE
9OVP,SINGLE PARTICLE
9OVO,SINGLE PARTICLE
9OVN,SINGLE PARTICLE
9OVM,SINGLE PARTICLE
9OVL,SINGLE PARTICLE
9OVK,SINGLE PARTICLE
9OVD,SINGLE PARTICLE
9OV9,SINGLE PARTICLE
9OV5,SINGLE PARTICLE
9OV4,SINGLE PARTICLE
9OV1,SINGLE PARTICLE
9OV0,SINGLE PARTICLE
9OUZ,SINGLE PARTICLE
9OUS,SINGLE PARTICLE
9OUR,SINGLE PARTICLE
9OUQ,SINGLE PARTICLE
9OUP,SINGLE PARTICLE
9OUO,SINGLE PARTICLE
9OUN,SINGLE PARTICLE
9OUM,SINGLE PARTICLE
9OTK,SINGLE PARTICLE
9OTH,SINGLE PARTICLE
9OTA,SINGLE PARTICLE
9OSU,SINGLE PARTICLE
9OST,SINGLE PARTICLE
9OSS,SINGLE PARTICLE
9OSI,SINGLE PARTICLE
9OSG,SINGLE PARTICLE
9OSF,SINGLE PARTICLE
9OSB,SINGLE PARTICLE
9OS7,SINGLE PARTICLE
9ORP,SINGLE PARTICLE
9OQD,SINGLE PARTICLE
9OQ7,SINGLE PARTICLE
9OPU,SINGLE PARTICLE
9OPR,SINGLE PARTICLE
9OPQ,SINGLE PARTICLE
9OPJ,SINGLE PARTICLE
9OOX,SINGLE PARTICLE
9ONK,SINGLE PARTICLE
9ONJ,SINGLE PARTICLE
9ON6,SINGLE PARTICLE
9ON3,SINGLE PARTICLE
9OMR,SINGLE PARTICLE
9OME,SINGLE PARTICLE
9OM5,SINGLE PARTICLE
9OM2,SINGLE PARTICLE
9OM0,SINGLE PARTICLE
9OLX,SINGLE PARTICLE
9OLM,SINGLE PARTICLE
9OLL,SINGLE PARTICLE
9OLK,SINGLE PARTICLE
9OL4,SINGLE PARTICLE
9OKQ,SINGLE PARTICLE
9OKP,SINGLE PARTICLE
9OKO,SINGLE PARTICLE
9OKK,SINGLE PARTICLE
9OKE,SINGLE PARTICLE
9OK8,SINGLE PARTICLE
9OK7,SINGLE PARTICLE
9OJK,SINGLE PARTICLE
9OIP,HELICAL
9OII,HELICAL
9OIF,HELICAL
9OID,HELICAL
9OI9,HELICAL
9OI3,SINGLE PARTICLE
9OI2,SINGLE PARTICLE
9OHN,SINGLE PARTICLE
9OHM,SINGLE PARTICLE
9OHK,SINGLE PARTICLE
9OHF,SINGLE PARTICLE
9OHE,SINGLE PARTICLE
9OHD,SINGLE PARTICLE
9OHC,SINGLE PARTICLE
9OGH,SINGLE PARTICLE
9OFW,HELICAL
9OFI,SINGLE PARTICLE
9OFA,SINGLE PARTICLE
9OEN,SINGLE PARTICLE
9OEM,SINGLE PARTICLE
9OEK,HELICAL
9OEH,SINGLE PARTICLE
9OEG,SINGLE PARTICLE
9OEF,SINGLE PARTICLE
9OED,SINGLE PARTICLE
9OE8,SINGLE PARTICLE
9OE6,SINGLE PARTICLE
9OE5,SINGLE PARTICLE
9OE4,SINGLE PARTICLE
9OE3,SINGLE PARTICLE
9OE2,SINGLE PARTICLE
9OE1,SINGLE PARTICLE
9OE0,SINGLE PARTICLE
9ODZ,SINGLE PARTICLE
9ODY,SINGLE PARTICLE
9ODU,SINGLE PARTICLE
9ODT,SINGLE PARTICLE
9ODN,SINGLE PARTICLE
9ODL,SINGLE PARTICLE
9ODK,SINGLE PARTICLE
9ODJ,SINGLE PARTICLE
9ODI,SINGLE PARTICLE
9ODH,SINGLE PARTICLE
9ODE,SINGLE PARTICLE
9OBK,HELICAL
9OAB,SINGLE PARTICLE
9OAA,SINGLE PARTICLE
9OA9,SINGLE PARTICLE
9OA3,SINGLE PARTICLE
9O9K,HELICAL
9O9J,HELICAL
9O98,SINGLE PARTICLE
9O97,SINGLE PARTICLE
9O96,SINGLE PARTICLE
9O95,SINGLE PARTICLE
9O8S,SINGLE PARTICLE
9O8Q,SINGLE PARTICLE
9PM6,SINGLE PARTICLE
9PMO,SINGLE PARTICLE
9PMQ,SINGLE PARTICLE
9PMS,SINGLE PARTICLE
9PPW,SINGLE PARTICLE
9PPX,SINGLE PARTICLE
9PPY,SINGLE PARTICLE
9PPZ,SINGLE PARTICLE
9PQ0,SINGLE PARTICLE
9PRT,SINGLE PARTICLE
9PT4,SINGLE PARTICLE
9PU5,SINGLE PARTICLE
9PUD,SINGLE PARTICLE
9PWB,SINGLE PARTICLE
9PWC,SINGLE PARTICLE
9PXG,SINGLE PARTICLE
9PXI,SINGLE PARTICLE
9PZB,SINGLE PARTICLE
9PZC,SINGLE PARTICLE
9Q09,SINGLE PARTICLE
9Q0E,SINGLE PARTICLE
9Q0G,SINGLE PARTICLE
9Q0U,SINGLE PARTICLE
9Q0V,SINGLE PARTICLE
9Q1E,SINGLE PARTICLE
9Q1X,SINGLE PARTICLE
9Q24,SINGLE PARTICLE
9Q3E,SINGLE PARTICLE
9Q3A,SINGLE PARTICLE
9Q37,SINGLE PARTICLE
9Q33,SINGLE PARTICLE
9Q2H,SINGLE PARTICLE
9Q26,SINGLE PARTICLE
9Q20,SINGLE PARTICLE
9Q1Z,SINGLE PARTICLE
9Q15,SINGLE PARTICLE
9Q0Y,SINGLE PARTICLE
9Q0X,SINGLE PARTICLE
9Q0R,SINGLE PARTICLE
9Q0O,SINGLE PARTICLE
9Q0N,SINGLE PARTICLE
9Q0M,SINGLE PARTICLE
9Q0F,SINGLE PARTICLE
9Q06,SINGLE PARTICLE
9Q05,SINGLE PARTICLE
9PZO,SINGLE PARTICLE
9PZN,SINGLE PARTICLE
9PZD,SINGLE PARTICLE
9PYK,SINGLE PARTICLE
9PYH,SINGLE PARTICLE
9PYD,SINGLE PARTICLE
9PYC,SINGLE PARTICLE
9PY5,SINGLE PARTICLE
9PXT,SINGLE PARTICLE
9PXN,SINGLE PARTICLE
9PXM,HELICAL
9PXL,SINGLE PARTICLE
9PXK,SINGLE PARTICLE
9PXJ,SINGLE PARTICLE
9PXF,SINGLE PARTICLE
9PX9,HELICAL
9PX8,SINGLE PARTICLE
9PX7,HELICAL
9PX6,HELICAL
9PWP,SINGLE PARTICLE
9PWA,SINGLE PARTICLE
9PW5,SINGLE PARTICLE
9PW3,HELICAL
9PVZ,HELICAL
9PVY,HELICAL
9PVO,SINGLE PARTICLE
9PVM,SINGLE PARTICLE
9PVC,SINGLE PARTICLE
9PVB,SINGLE PARTICLE
9PVA,HELICAL
9PV0,SINGLE PARTICLE
9PUW,SINGLE PARTICLE
9PUV,SINGLE PARTICLE
9PUR,SINGLE PARTICLE
9PUP,SINGLE PARTICLE
9PUM,SINGLE PARTICLE
9PTU,SINGLE PARTICLE
9PTS,SINGLE PARTICLE
9PTR,SINGLE PARTICLE
9PTC,HELICAL
9PTB,HELICAL
9PTA,HELICAL
9PT9,HELICAL
9PT8,HELICAL
9PT5,SINGLE PARTICLE
9PS5,SINGLE PARTICLE
9PRZ,SINGLE PARTICLE
9PRY,SINGLE PARTICLE
9PR7,SINGLE PARTICLE
9PR6,SINGLE PARTICLE
9PR5,SINGLE PARTICLE
9PR3,SINGLE PARTICLE
9PQT,SINGLE PARTICLE
9PQR,SINGLE PARTICLE
9PQQ,SINGLE PARTICLE
9PQO,SINGLE PARTICLE
9PQM,SINGLE PARTICLE
9PQJ,SINGLE PARTICLE
9PPQ,SINGLE PARTICLE
9PNS,SINGLE PARTICLE
9PNB,SINGLE PARTICLE
9PNA,SINGLE PARTICLE
9PN9,SINGLE PARTICLE
9PN8,SINGLE PARTICLE
9PLR,SINGLE PARTICLE
9PLQ,SINGLE PARTICLE
9PKZ,SINGLE PARTICLE
9PKY,SINGLE PARTICLE
9PKX,SINGLE PARTICLE
9PKW,SINGLE PARTICLE
9PKP,SINGLE PARTICLE
9PKO,SINGLE PARTICLE
9PJC,HELICAL
9PJA,SINGLE PARTICLE
9PJ6,SINGLE PARTICLE
9PJ5,SINGLE PARTICLE
9PIV,SINGLE PARTICLE
9PIT,SINGLE PARTICLE
9PIN,HELICAL
9PIM,HELICAL
9PIL,HELICAL
9PIK,SINGLE PARTICLE
9PIG,SINGLE PARTICLE
9PIF,SINGLE PARTICLE
9PIE,SINGLE PARTICLE
9PI8,SINGLE PARTICLE
9PI7,SINGLE PARTICLE
9PHF,SINGLE PARTICLE
9PGG,SINGLE PARTICLE
9PGD,SINGLE PARTICLE
9PFK,SINGLE PARTICLE
9PFJ,SINGLE PARTICLE
9PEX,SINGLE PARTICLE
9PEW,SINGLE PARTICLE
9PEL,SINGLE PARTICLE
9PEI,HELICAL
9PEH,HELICAL
9PEG,HELICAL
9PEF,HELICAL
9PEA,SINGLE PARTICLE
9PE5,SINGLE PARTICLE
9PE4,SINGLE PARTICLE
9PE3,SINGLE PARTICLE
9PE2,SINGLE PARTICLE
9PE1,SINGLE PARTICLE
9PE0,SINGLE PARTICLE
9PDW,HELICAL
9PDV,HELICAL
9PDT,HELICAL
9PDS,HELICAL
9PDP,SINGLE PARTICLE
9PD7,HELICAL
9PB6,SINGLE PARTICLE
9PB5,SINGLE PARTICLE
9PAW,SINGLE PARTICLE
9PAR,SINGLE PARTICLE
9PA8,SINGLE PARTICLE
9PA6,SINGLE PARTICLE
9PA5,SINGLE PARTICLE
9PA4,SINGLE PARTICLE
9PA3,SINGLE PARTICLE
9PA2,SINGLE PARTICLE
9PA1,SINGLE PARTICLE
9P9W,SINGLE PARTICLE
9P9T,SINGLE PARTICLE
9P9S,SINGLE PARTICLE
9P9R,SINGLE PARTICLE
9P9Q,SINGLE PARTICLE
9P9M,SINGLE PARTICLE
9P9L,SINGLE PARTICLE
9P9F,SINGLE PARTICLE
9P9E,SINGLE PARTICLE
9P9D,SINGLE PARTICLE
9P9B,SINGLE PARTICLE
9P91,SINGLE PARTICLE
9P90,SINGLE PARTICLE
9P8Y,SINGLE PARTICLE
9P8A,SINGLE PARTICLE
9P89,SINGLE PARTICLE
9P88,SINGLE PARTICLE
9P87,SINGLE PARTICLE
9P86,SINGLE PARTICLE
9P85,SINGLE PARTICLE
9P84,SINGLE PARTICLE
9P83,SINGLE PARTICLE
9P82,SINGLE PARTICLE
9P81,SINGLE PARTICLE
9P80,SINGLE PARTICLE
9P7Z,SINGLE PARTICLE
9P7S,SINGLE PARTICLE
9P6X,SINGLE PARTICLE
9P6V,SINGLE PARTICLE
9P6U,SINGLE PARTICLE
9P6S,SINGLE PARTICLE
9P6G,SINGLE PARTICLE
9Q3U,SINGLE PARTICLE
9Q3V,SINGLE PARTICLE
9Q5V,SINGLE PARTICLE
9Q6F,SINGLE PARTICLE
9Q7M,SINGLE PARTICLE
9Q7O,SINGLE PARTICLE
9Q7Y,SINGLE PARTICLE
9QC6,SINGLE PARTICLE
9QDL,SINGLE PARTICLE
9QDM,SINGLE PARTICLE
9QEF,SINGLE PARTICLE
9QGK,HELICAL
9QGY,SINGLE PARTICLE
9QH6,SINGLE PARTICLE
9QJN,SINGLE PARTICLE
9QJR,SINGLE PARTICLE
9QJS,SINGLE PARTICLE
9QK1,SINGLE PARTICLE
9QO0,SINGLE PARTICLE
9QO1,SINGLE PARTICLE
9QO2,SINGLE PARTICLE
9QO4,SINGLE PARTICLE
9QO5,SINGLE PARTICLE
9QO6,SINGLE PARTICLE
9QON,SINGLE PARTICLE
9QOO,SINGLE PARTICLE
9QQE,SINGLE PARTICLE
9QQF,SINGLE PARTICLE
9QR6,SINGLE PARTICLE
9QS6,SINGLE PARTICLE
9QSX,SINGLE PARTICLE
9QSY,SINGLE PARTICLE
9QSZ,SINGLE PARTICLE
9QVX,SINGLE PARTICLE
9QW9,SINGLE PARTICLE
9R01,SINGLE PARTICLE
9R03,SINGLE PARTICLE
9R1H,SINGLE PARTICLE
9R1Q,SINGLE PARTICLE
9R1R,SINGLE PARTICLE
9R2G,SINGLE PARTICLE
9R2I,SINGLE PARTICLE
9R4I,SINGLE PARTICLE
9R60,SINGLE PARTICLE
9R61,SINGLE PARTICLE
9R62,SINGLE PARTICLE
9R63,SINGLE PARTICLE
9R64,SINGLE PARTICLE
9R65,SINGLE PARTICLE
9R66,SINGLE PARTICLE
9R67,SINGLE PARTICLE
9R7L,SINGLE PARTICLE
9R7N,SINGLE PARTICLE
9R7U,HELICAL
9R7X,HELICAL
9R7Y,HELICAL
9R7Z,HELICAL
9R80,HELICAL
9R85,SINGLE PARTICLE
9R8A,HELICAL
9R8D,HELICAL
9R8G,SINGLE PARTICLE
9R8K,SINGLE PARTICLE
9R9A,SINGLE PARTICLE
9R9W,HELICAL
9RB7,HELICAL
9RB8,HELICAL
9RBQ,SINGLE PARTICLE
9RCH,SINGLE PARTICLE
9RDK,SINGLE PARTICLE
9RF3,SINGLE PARTICLE
9RGE,SINGLE PARTICLE
9RH3,SINGLE PARTICLE
9RH2,SINGLE PARTICLE
9RH1,SINGLE PARTICLE
9RGP,SINGLE PARTICLE
9RGO,SINGLE PARTICLE
9RGN,SINGLE PARTICLE
9RGD,SINGLE PARTICLE
9RFV,HELICAL
9RD9,SINGLE PARTICLE
9RD8,SINGLE PARTICLE
9RD7,HELICAL
9RD0,SINGLE PARTICLE
9RCE,SINGLE PARTICLE
9RCD,SINGLE PARTICLE
9RCB,SINGLE PARTICLE
9RBR,SINGLE PARTICLE
9RBO,SINGLE PARTICLE
9RBB,HELICAL
9RBA,HELICAL
9RB9,HELICAL
9RB6,HELICAL
9RB3,HELICAL
9RA2,HELICAL
9R9N,SINGLE PARTICLE
9R9I,HELICAL
9R9H,HELICAL
9R91,SINGLE PARTICLE
9R90,SINGLE PARTICLE
9R8W,SINGLE PARTICLE
9R8P,SINGLE PARTICLE
9R8N,SINGLE PARTICLE
9R8M,SINGLE PARTICLE
9R8L,SINGLE PARTICLE
9R8J,SINGLE PARTICLE
9R89,HELICAL
9R88,HELICAL
9R7M,SINGLE PARTICLE
9R6T,SINGLE PARTICLE
9R6S,SINGLE PARTICLE
9R4Y,HELICAL
9R4X,HELICAL
9R42,SINGLE PARTICLE
9R41,SINGLE PARTICLE
9R3S,SINGLE PARTICLE
9R2N,SINGLE PARTICLE
9R1V,SINGLE PARTICLE
9R1U,SINGLE PARTICLE
9R1T,SINGLE PARTICLE
9R0O,SINGLE PARTICLE
9R0N,SINGLE PARTICLE
9R0M,SINGLE PARTICLE
9R0I,SINGLE PARTICLE
9R0A,SINGLE PARTICLE
9R07,SINGLE PARTICLE
9QZO,SINGLE PARTICLE
9QXL,SINGLE PARTICLE
9QWW,SINGLE PARTICLE
9QU9,SINGLE PARTICLE
9QTY,SINGLE PARTICLE
9QTO,SINGLE PARTICLE
9QTN,SINGLE PARTICLE
9QT4,SINGLE PARTICLE
9QSH,SINGLE PARTICLE
9QRU,SINGLE PARTICLE
9QQS,SINGLE PARTICLE
9QPP,SINGLE PARTICLE
9QPO,SINGLE PARTICLE
9QPE,SINGLE PARTICLE
9QP4,SINGLE PARTICLE
9QOP,SINGLE PARTICLE
9QO9,SINGLE PARTICLE
9QO8,SINGLE PARTICLE
9QLV,SINGLE PARTICLE
9QL1,SINGLE PARTICLE
9QKZ,SINGLE PARTICLE
9QKT,SINGLE PARTICLE
9QK0,SINGLE PARTICLE
9QJY,SINGLE PARTICLE
9QJX,SINGLE PARTICLE
9QJV,SINGLE PARTICLE
9QJQ,SINGLE PARTICLE
9QJP,SINGLE PARTICLE
9QJJ,SINGLE PARTICLE
9QIN,SINGLE PARTICLE
9QID,SINGLE PARTICLE
9QHX,SINGLE PARTICLE
9QHW,SINGLE PARTICLE
9QHQ,SINGLE PARTICLE
9QHP,SINGLE PARTICLE
9QHO,SINGLE PARTICLE
9QHN,SINGLE PARTICLE
9QHM,SINGLE PARTICLE
9QHK,SINGLE PARTICLE
9QHJ,SINGLE PARTICLE
9QHG,SINGLE PARTICLE
9QHF,SINGLE PARTICLE
9QHE,SINGLE PARTICLE
9QHD,SINGLE PARTICLE
9QH9,SINGLE PARTICLE
9QH8,SINGLE PARTICLE
9QH7,SINGLE PARTICLE
9QH4,SINGLE PARTICLE
9QH1,SINGLE PARTICLE
9QGU,SINGLE PARTICLE
9QFX,SINGLE PARTICLE
9QFM,HELICAL
9QAW,SINGLE PARTICLE
9Q8V,SINGLE PARTICLE
9Q7N,SINGLE PARTICLE
9Q7L,SINGLE PARTICLE
9Q7K,SINGLE PARTICLE
9Q7J,SINGLE PARTICLE
9Q7B,SINGLE PARTICLE
9Q71,SINGLE PARTICLE
9Q6Z,SINGLE PARTICLE
9Q6Y,SINGLE PARTICLE
9Q6O,SINGLE PARTICLE
9Q6N,SINGLE PARTICLE
9Q6H,SINGLE PARTICLE
9Q6B,SINGLE PARTICLE
9Q69,SINGLE PARTICLE
9Q5M,SINGLE PARTICLE
9Q5L,SINGLE PARTICLE
9Q5A,SINGLE PARTICLE
9Q59,SINGLE PARTICLE
9Q3X,SINGLE PARTICLE
9Q3S,SINGLE PARTICLE
9Q3L,SINGLE PARTICLE
9RH4,SINGLE PARTICLE
9RH5,SINGLE PARTICLE
9RH6,SINGLE PARTICLE
9RH7,SINGLE PARTICLE
9RH8,SINGLE PARTICLE
9RH9,SINGLE PARTICLE
9RHA,SINGLE PARTICLE
9RHB,SINGLE PARTICLE
9RHC,SINGLE PARTICLE
9RHD,SINGLE PARTICLE
9RHE,SINGLE PARTICLE
9RHF,SINGLE PARTICLE
9RIH,SINGLE PARTICLE
9RIJ,SINGLE PARTICLE
9RIL,SINGLE PARTICLE
9RIM,SINGLE PARTICLE
9RIO,SINGLE PARTICLE
9RIQ,SINGLE PARTICLE
9RL3,SINGLE PARTICLE
9RL5,SINGLE PARTICLE
9RLC,SINGLE PARTICLE
9RLD,SINGLE PARTICLE
9RLE,SINGLE PARTICLE
9RLF,SINGLE PARTICLE
9RLH,SINGLE PARTICLE
9RLJ,SINGLE PARTICLE
9RLK,SINGLE PARTICLE
9RLT,SINGLE PARTICLE
9RLZ,SINGLE PARTICLE
9RM0,SINGLE PARTICLE
9RM9,SINGLE PARTICLE
9RMA,SINGLE PARTICLE
9RNJ,SINGLE PARTICLE
9ROD,SINGLE PARTICLE
9ROE,SINGLE PARTICLE
9ROG,SINGLE PARTICLE
9ROJ,SINGLE PARTICLE
9RON,SINGLE PARTICLE
9ROO,SINGLE PARTICLE
9ROP,SINGLE PARTICLE
9ROQ,SINGLE PARTICLE
9ROW,SINGLE PARTICLE
9ROX,SINGLE PARTICLE
9RPB,SINGLE PARTICLE
9RQN,SINGLE PARTICLE
9RRM,SINGLE PARTICLE
9RRQ,SINGLE PARTICLE
9RSD,SINGLE PARTICLE
9RSM,SINGLE PARTICLE
9RSS,SINGLE PARTICLE
9RX4,SINGLE PARTICLE
9RX5,SINGLE PARTICLE
9RX6,SINGLE PARTICLE
9RX7,SINGLE PARTICLE
9RX9,SINGLE PARTICLE
9RXA,SINGLE PARTICLE
9RY4,SINGLE PARTICLE
9RYJ,SINGLE PARTICLE
9RYK,SINGLE PARTICLE
9RYM,SINGLE PARTICLE
9RYQ,SINGLE PARTICLE
9RYV,SINGLE PARTICLE
9RYX,SINGLE PARTICLE
9S1L,SINGLE PARTICLE
9S1M,SINGLE PARTICLE
9S3Q,SINGLE PARTICLE
9S3R,SINGLE PARTICLE
9S4N,SINGLE PARTICLE
9S5U,SINGLE PARTICLE
9S6P,SINGLE PARTICLE
9S6Q,SINGLE PARTICLE
9S6S,SINGLE PARTICLE
9S6T,SINGLE PARTICLE
9S6U,SINGLE PARTICLE
9S7O,HELICAL
9S7S,SINGLE PARTICLE
9SDB,SINGLE PARTICLE
9SDG,SINGLE PARTICLE
9SDO,SINGLE PARTICLE
9SDT,SINGLE PARTICLE
9SE6,SINGLE PARTICLE
9SE7,SINGLE PARTICLE
9SEC,SINGLE PARTICLE
9SED,SINGLE PARTICLE
9SEF,SINGLE PARTICLE
9SEH,SINGLE PARTICLE
9SF4,SINGLE PARTICLE
9SEJ,SINGLE PARTICLE
9SE4,SINGLE PARTICLE
9SDL,SINGLE PARTICLE
9SDH,SINGLE PARTICLE
9SAU,SINGLE PARTICLE
9SAS,SINGLE PARTICLE
9S9B,SINGLE PARTICLE
9S99,HELICAL
9S98,HELICAL
9S97,HELICAL
9S8L,SINGLE PARTICLE
9S8K,SINGLE PARTICLE
9S8G,SINGLE PARTICLE
9S8E,SINGLE PARTICLE
9S8D,SINGLE PARTICLE
9S8C,SINGLE PARTICLE
9S8B,SINGLE PARTICLE
9S86,SINGLE PARTICLE
9S7V,SINGLE PARTICLE
9S7Q,HELICAL
9S7P,HELICAL
9S7J,SINGLE PARTICLE
9S7G,SINGLE PARTICLE
9S72,SINGLE PARTICLE
9S6Y,SINGLE PARTICLE
9S6R,SINGLE PARTICLE
9S6F,HELICAL
9S6E,HELICAL
9S5J,SINGLE PARTICLE
9S5F,SUBTOMOGRAM AVERAGING
9S55,SINGLE PARTICLE
9S54,SINGLE PARTICLE
9S4U,SINGLE PARTICLE
9S4T,SINGLE PARTICLE
9S4S,SINGLE PARTICLE
9S3V,SINGLE PARTICLE
9S3T,SINGLE PARTICLE
9S3M,SINGLE PARTICLE
9S3F,SINGLE PARTICLE
9S3E,SINGLE PARTICLE
9S34,SINGLE PARTICLE
9S2S,SINGLE PARTICLE
9S2H,SINGLE PARTICLE
9S2C,SINGLE PARTICLE
9S1H,SINGLE PARTICLE
9S16,SINGLE PARTICLE
9S11,SINGLE PARTICLE
9S0Y,SINGLE PARTICLE
9S0S,SINGLE PARTICLE
9S0R,SINGLE PARTICLE
9S05,SINGLE PARTICLE
9RZV,SINGLE PARTICLE
9RZU,SINGLE PARTICLE
9RZM,SINGLE PARTICLE
9RYW,SINGLE PARTICLE
9RYU,SINGLE PARTICLE
9RYP,SINGLE PARTICLE
9RYO,SINGLE PARTICLE
9RYN,SINGLE PARTICLE
9RYI,SINGLE PARTICLE
9RYF,SINGLE PARTICLE
9RYE,SINGLE PARTICLE
9RY7,SINGLE PARTICLE
9RX8,SINGLE PARTICLE
9RWT,SINGLE PARTICLE
9RWS,SINGLE PARTICLE
9RWG,SINGLE PARTICLE
9RVV,SINGLE PARTICLE
9RVN,SINGLE PARTICLE
9RVM,SINGLE PARTICLE
9RUX,SINGLE PARTICLE
9RUH,SINGLE PARTICLE
9RUG,SINGLE PARTICLE
9RUF,SINGLE PARTICLE
9RT4,SINGLE PARTICLE
9RT2,SINGLE PARTICLE
9RSU,SINGLE PARTICLE
9RST,SINGLE PARTICLE
9RSQ,SINGLE PARTICLE
9RSH,SINGLE PARTICLE
9RSG,SINGLE PARTICLE
9RSC,SINGLE PARTICLE
9RRU,SINGLE PARTICLE
9RRS,SINGLE PARTICLE
9RRO,SINGLE PARTICLE
9RRN,SINGLE PARTICLE
9RRF,SINGLE PARTICLE
9RQM,SINGLE PARTICLE
9RQL,SINGLE PARTICLE
9RQJ,SINGLE PARTICLE
9ROZ,SINGLE PARTICLE
9ROM,SINGLE PARTICLE
9ROL,SINGLE PARTICLE
9ROK,SINGLE PARTICLE
9ROI,SINGLE PARTICLE
9ROH,SINGLE PARTICLE
9ROF,SINGLE PARTICLE
9ROA,SINGLE PARTICLE
9RO9,SINGLE PARTICLE
9RMK,SINGLE PARTICLE
9RMI,SINGLE PARTICLE
9RLI,SINGLE PARTICLE
9RLG,SINGLE PARTICLE
9RLA,SINGLE PARTICLE
9RKZ,SINGLE PARTICLE
9RJB,SINGLE PARTICLE
9RIW,HELICAL
9RIV,HELICAL
9RIR,SINGLE PARTICLE
9RIP,SINGLE PARTICLE
9RIK,SINGLE PARTICLE
9RII,SINGLE PARTICLE
9RIG,SINGLE PARTICLE
9SFI,SINGLE PARTICLE
9SFN,SINGLE PARTICLE
9SGY,SINGLE PARTICLE
9SI8,HELICAL
9SIO,SINGLE PARTICLE
9SJR,SINGLE PARTICLE
9SK3,SINGLE PARTICLE
9SKJ,SINGLE PARTICLE
9SKR,SINGLE PARTICLE
9SKS,SINGLE PARTICLE
9SKT,SINGLE PARTICLE
9SKU,SINGLE PARTICLE
9SKV,SINGLE PARTICLE
9SKW,SINGLE PARTICLE
9SKX,SINGLE PARTICLE
9SKY,SINGLE PARTICLE
9SKZ,SINGLE PARTICLE
9SLL,SINGLE PARTICLE
9SLN,SINGLE PARTICLE
9SLP,SINGLE PARTICLE
9SMF,SINGLE PARTICLE
9SMG,SINGLE PARTICLE
9SMH,SINGLE PARTICLE
9SMI,SINGLE PARTICLE
9SMK,SINGLE PARTICLE
9SMX,SINGLE PARTICLE
9SNK,SINGLE PARTICLE
9SQV,SINGLE PARTICLE
9SRX,SINGLE PARTICLE
9SW2,SINGLE PARTICLE
9SW3,SINGLE PARTICLE
9SW4,SINGLE PARTICLE
9SW5,SINGLE PARTICLE
9SW6,SINGLE PARTICLE
9SWK,SINGLE PARTICLE
9SY5,SINGLE PARTICLE
9SYJ,SINGLE PARTICLE
9SZC,SINGLE PARTICLE
9SZW,SINGLE PARTICLE
9T33,SINGLE PARTICLE
9T34,SINGLE PARTICLE
9T3S,SINGLE PARTICLE
9T5P,SINGLE PARTICLE
9T5T,SINGLE PARTICLE
9T5U,SINGLE PARTICLE
9T5V,SINGLE PARTICLE
9T5Z,SINGLE PARTICLE
9T7P,SINGLE PARTICLE
9T7V,SINGLE PARTICLE
9T8C,SINGLE PARTICLE
9T8D,SINGLE PARTICLE
9T8H,SINGLE PARTICLE
9T8I,SINGLE PARTICLE
9T93,SINGLE PARTICLE
9T94,SINGLE PARTICLE
9T9M,SINGLE PARTICLE
9TAJ,SINGLE PARTICLE
9TAK,SINGLE PARTICLE
9TAM,SINGLE PARTICLE
9TAN,SINGLE PARTICLE
9TAO,SINGLE PARTICLE
9TCM,SINGLE PARTICLE
9TG3,SINGLE PARTICLE
9TGM,SINGLE PARTICLE
9THI,SINGLE PARTICLE
9TGA,SINGLE PARTICLE
9TG9,SINGLE PARTICLE
9TG8,SINGLE PARTICLE
9TG6,SINGLE PARTICLE
9TG4,SINGLE PARTICLE
9TFV,SINGLE PARTICLE
9TF2,SINGLE PARTICLE
9TF1,SINGLE PARTICLE
9TF0,SINGLE PARTICLE
9TDT,SINGLE PARTICLE
9TDS,SINGLE PARTICLE
9TDM,SINGLE PARTICLE
9TD2,SINGLE PARTICLE
9TCN,SINGLE PARTICLE
9TCC,SINGLE PARTICLE
9TBY,SINGLE PARTICLE
9TBJ,SINGLE PARTICLE
9TBI,SINGLE PARTICLE
9TBH,SINGLE PARTICLE
9TAL,SINGLE PARTICLE
9TA3,SINGLE PARTICLE
9T9V,SINGLE PARTICLE
9T9U,SINGLE PARTICLE
9T9R,SINGLE PARTICLE
9T9P,SINGLE PARTICLE
9T97,SINGLE PARTICLE
9T92,SINGLE PARTICLE
9T88,SINGLE PARTICLE
9T7Q,SINGLE PARTICLE
9T7J,SINGLE PARTICLE
9T6N,SINGLE PARTICLE
9T6L,SINGLE PARTICLE
9T5W,SINGLE PARTICLE
9T5O,SINGLE PARTICLE
9T5N,SINGLE PARTICLE
9T5M,SINGLE PARTICLE
9T5K,SINGLE PARTICLE
9T5J,SINGLE PARTICLE
9T5H,SINGLE PARTICLE
9T4X,SINGLE PARTICLE
9T4W,SINGLE PARTICLE
9T4U,SINGLE PARTICLE
9T3Y,SINGLE PARTICLE
9T3X,SINGLE PARTICLE
9T3R,SINGLE PARTICLE
9T35,SINGLE PARTICLE
9T1S,SINGLE PARTICLE
9T1D,SINGLE PARTICLE
9T17,SINGLE PARTICLE
9T0F,SINGLE PARTICLE
9SZE,SINGLE PARTICLE
9SZD,HELICAL
9SZB,SINGLE PARTICLE
9SZA,SINGLE PARTICLE
9SZ9,SINGLE PARTICLE
9SYV,SINGLE PARTICLE
9SYT,SINGLE PARTICLE
9SWS,SINGLE PARTICLE
9SWR,SINGLE PARTICLE
9SWQ,SINGLE PARTICLE
9SWM,SINGLE PARTICLE
9SWA,SINGLE PARTICLE
9STA,SINGLE PARTICLE
9ST9,SINGLE PARTICLE
9SRW,SINGLE PARTICLE
9SRT,SINGLE PARTICLE
9SR9,SINGLE PARTICLE
9SQY,SINGLE PARTICLE
9SQW,SINGLE PARTICLE
9SQR,SINGLE PARTICLE
9SQQ,HELICAL
9SQP,SINGLE PARTICLE
9SQO,SINGLE PARTICLE
9SQN,SINGLE PARTICLE
9SQM,SINGLE PARTICLE
9SQ6,SINGLE PARTICLE
9SQ5,SINGLE PARTICLE
9SQ4,SINGLE PARTICLE
9SQ0,SINGLE PARTICLE
9SO9,SINGLE PARTICLE
9SNA,SINGLE PARTICLE
9SMS,SINGLE PARTICLE
9SMR,SINGLE PARTICLE
9SMP,SINGLE PARTICLE
9SMN,SINGLE PARTICLE
9SML,HELICAL
9SMJ,SINGLE PARTICLE
9SM8,SINGLE PARTICLE
9SM4,SINGLE PARTICLE
9SM2,SINGLE PARTICLE
9SLM,SINGLE PARTICLE
9SLD,SINGLE PARTICLE
9SL1,SINGLE PARTICLE
9SKL,SINGLE PARTICLE
9SKK,SINGLE PARTICLE
9SKI,SINGLE PARTICLE
9SJV,SINGLE PARTICLE
9SJU,SINGLE PARTICLE
9SJT,SINGLE PARTICLE
9SJS,SINGLE PARTICLE
9SJE,SINGLE PARTICLE
9SJB,HELICAL
9SJ9,SINGLE PARTICLE
9SJ7,SINGLE PARTICLE
9SJ2,HELICAL
9SIQ,SINGLE PARTICLE
9SII,SINGLE PARTICLE
9SIE,HELICAL
9SHW,SINGLE PARTICLE
9SHV,SINGLE PARTICLE
9SHO,SINGLE PARTICLE
9SHN,SINGLE PARTICLE
9SHM,SINGLE PARTICLE
9SHE,SINGLE PARTICLE
9SH6,SINGLE PARTICLE
9SH2,SINGLE PARTICLE
9SH1,SINGLE PARTICLE
9SGT,SINGLE PARTICLE
9SGS,SINGLE PARTICLE
9SGR,SINGLE PARTICLE
9SGQ,SINGLE PARTICLE
9SGP,SINGLE PARTICLE
9SGO,SINGLE PARTICLE
9SGN,SINGLE PARTICLE
9SGM,SINGLE PARTICLE
9SGL,SINGLE PARTICLE
9SGK,HELICAL
9SFV,SINGLE PARTICLE
9SFJ,SINGLE PARTICLE
9SFH,SINGLE PARTICLE
9SFF,SINGLE PARTICLE
9SFD,SINGLE PARTICLE
9SF9,SINGLE PARTICLE
9SF8,SINGLE PARTICLE
9SF5,SINGLE PARTICLE
9TI4,SINGLE PARTICLE
9TXL,SINGLE PARTICLE
9UGL,SINGLE PARTICLE
9UNQ,SINGLE PARTICLE
9UNP,SINGLE PARTICLE
9UNO,SINGLE PARTICLE
9UNN,SINGLE PARTICLE
9UNK,SINGLE PARTICLE
9UNJ,SINGLE PARTICLE
9UN3,SINGLE PARTICLE
9UMT,SINGLE PARTICLE
9UMG,SINGLE PARTICLE
9ULZ,HELICAL
9ULO,SINGLE PARTICLE
9UKL,SINGLE PARTICLE
9UKJ,SINGLE PARTICLE
9UKI,SINGLE PARTICLE
9UKH,SINGLE PARTICLE
9UKG,SINGLE PARTICLE
9UKF,SINGLE PARTICLE
9UKE,SINGLE PARTICLE
9UKD,SINGLE PARTICLE
9UK9,SINGLE PARTICLE
9UK2,SINGLE PARTICLE
9UJV,SINGLE PARTICLE
9UJQ,HELICAL
9UJM,SINGLE PARTICLE
9UJF,SINGLE PARTICLE
9UJE,SINGLE PARTICLE
9UJ4,SINGLE PARTICLE
9UIT,SINGLE PARTICLE
9UIQ,SINGLE PARTICLE
9UIN,SINGLE PARTICLE
9UIF,SINGLE PARTICLE
9UI6,SINGLE PARTICLE
9UI1,SINGLE PARTICLE
9UHG,SINGLE PARTICLE
9UH4,SINGLE PARTICLE
9UH3,SINGLE PARTICLE
9UGY,SINGLE PARTICLE
9UGX,SINGLE PARTICLE
9UGU,SINGLE PARTICLE
9UGO,SINGLE PARTICLE
9UGJ,SINGLE PARTICLE
9UGG,SINGLE PARTICLE
9UG2,SINGLE PARTICLE
9UG1,HELICAL
9UG0,HELICAL
9UFZ,SINGLE PARTICLE
9UFY,HELICAL
9UFX,HELICAL
9UFW,SINGLE PARTICLE
9UFV,SINGLE PARTICLE
9UFT,SINGLE PARTICLE
9UFS,HELICAL
9UFN,SINGLE PARTICLE
9UFL,HELICAL
9UFF,HELICAL
9UFE,SINGLE PARTICLE
9UFD,HELICAL
9UFB,SINGLE PARTICLE
9UF6,HELICAL
9UEP,SINGLE PARTICLE
9UEK,SINGLE PARTICLE
9UEJ,SINGLE PARTICLE
9UED,SINGLE PARTICLE
9UE3,SINGLE PARTICLE
9UDK,SINGLE PARTICLE
9UDC,SINGLE PARTICLE
9UCO,SINGLE PARTICLE
9UCL,SINGLE PARTICLE
9UBR,SINGLE PARTICLE
9UBC,SINGLE PARTICLE
9UB7,SINGLE PARTICLE
9UB1,SINGLE PARTICLE
9UAX,SINGLE PARTICLE
9UAT,SINGLE PARTICLE
9UAS,SINGLE PARTICLE
9UAR,SINGLE PARTICLE
9UAQ,SINGLE PARTICLE
9UAN,SINGLE PARTICLE
9UAM,SINGLE PARTICLE
9UA5,SINGLE PARTICLE
9UA3,SINGLE PARTICLE
9UA1,SINGLE PARTICLE
9UA0,SINGLE PARTICLE
9U9Z,SINGLE PARTICLE
9U9I,SINGLE PARTICLE
9U9H,HELICAL
9U8K,SINGLE PARTICLE
9U8B,SINGLE PARTICLE
9U7Y,SINGLE PARTICLE
9U7T,SINGLE PARTICLE
9U7R,SINGLE PARTICLE
9U7L,SINGLE PARTICLE
9U7J,SINGLE PARTICLE
9U7I,SINGLE PARTICLE
9U7H,SINGLE PARTICLE
9U6R,SINGLE PARTICLE
9U69,SINGLE PARTICLE
9U68,SINGLE PARTICLE
9U67,SINGLE PARTICLE
9U66,SINGLE PARTICLE
9U65,SINGLE PARTICLE
9U62,SINGLE PARTICLE
9U61,SINGLE PARTICLE
9U60,SINGLE PARTICLE
9U5Z,SINGLE PARTICLE
9U58,SINGLE PARTICLE
9U57,SINGLE PARTICLE
9U56,SINGLE PARTICLE
9U4Z,SINGLE PARTICLE
9U4R,SINGLE PARTICLE
9U4O,SINGLE PARTICLE
9U4J,SINGLE PARTICLE
9U4D,SINGLE PARTICLE
9U4C,SINGLE PARTICLE
9U4B,SINGLE PARTICLE
9U4A,SINGLE PARTICLE
9U43,SINGLE PARTICLE
9U40,SINGLE PARTICLE
9U3L,SINGLE PARTICLE
9U3K,SINGLE PARTICLE
9U3A,SINGLE PARTICLE
9U32,SINGLE PARTICLE
9U02,HELICAL
9TZY,SINGLE PARTICLE
9TZX,HELICAL
9TZW,SINGLE PARTICLE
9TZ3,SINGLE PARTICLE
9TYI,SINGLE PARTICLE
9TYH,SINGLE PARTICLE
9TYG,SINGLE PARTICLE
9TXK,SINGLE PARTICLE
9TXJ,SINGLE PARTICLE
9TXI,SINGLE PARTICLE
9TW3,SINGLE PARTICLE
9TW2,SINGLE PARTICLE
9TV0,SINGLE PARTICLE
9TUZ,SINGLE PARTICLE
9TUD,SINGLE PARTICLE
9TRA,SINGLE PARTICLE
9TQK,HELICAL
9TQJ,SINGLE PARTICLE
9TQG,SINGLE PARTICLE
9TQD,SINGLE PARTICLE
9TQC,SINGLE PARTICLE
9TQ8,SINGLE PARTICLE
9TQ7,SINGLE PARTICLE
9TPT,HELICAL
9TPS,SINGLE PARTICLE
9TPQ,SINGLE PARTICLE
9TPL,SINGLE PARTICLE
9TPK,SINGLE PARTICLE
9TPJ,SINGLE PARTICLE
9TPA,SINGLE PARTICLE
9TOZ,SINGLE PARTICLE
9TOI,SINGLE PARTICLE
9TO0,HELICAL
9TNZ,HELICAL
9TNS,SINGLE PARTICLE
9TNB,SINGLE PARTICLE
9TMS,SINGLE PARTICLE
9TMN,SINGLE PARTICLE
9TLK,HELICAL
9TLH,HELICAL
9TLG,SINGLE PARTICLE
9TLE,SINGLE PARTICLE
9TLC,HELICAL
9TLB,HELICAL
9TLA,HELICAL
9TL9,HELICAL
9TL8,HELICAL
9TL7,HELICAL
9TL6,HELICAL
9TL2,HELICAL
9TKZ,HELICAL
9TKM,SINGLE PARTICLE
9TKL,HELICAL
9TKK,HELICAL
9TKJ,HELICAL
9TKI,HELICAL
9TKH,HELICAL
9TKG,HELICAL
9TKF,HELICAL
9TKE,HELICAL
9TKA,SINGLE PARTICLE
9TK9,SINGLE PARTICLE
9TIV,SINGLE PARTICLE
9TIU,SINGLE PARTICLE
9TIO,SINGLE PARTICLE
9TIN,SINGLE PARTICLE
9TIH,SINGLE PARTICLE
9TIG,SINGLE PARTICLE
9TIE,SINGLE PARTICLE
9TID,SINGLE PARTICLE
9THP,HELICAL
9THN,HELICAL
9THM,HELICAL
9THK,SINGLE PARTICLE
9UNR,SINGLE PARTICLE
9UNU,SINGLE PARTICLE
9UNW,SINGLE PARTICLE
9UOE,SINGLE PARTICLE
9UOF,SINGLE PARTICLE
9UOV,SINGLE PARTICLE
9UP2,SINGLE PARTICLE
9UPB,SINGLE PARTICLE
9UPC,SINGLE PARTICLE
9UPE,SINGLE PARTICLE
9UPM,SINGLE PARTICLE
9UPN,SINGLE PARTICLE
9UPO,SINGLE PARTICLE
9UPR,SINGLE PARTICLE
9UPU,SINGLE PARTICLE
9UPV,SINGLE PARTICLE
9UPY,SINGLE PARTICLE
9UQ0,SINGLE PARTICLE
9URI,SINGLE PARTICLE
9URJ,SINGLE PARTICLE
9URZ,SINGLE PARTICLE
9US8,SINGLE PARTICLE
9USU,SINGLE PARTICLE
9USV,SINGLE PARTICLE
9USW,SINGLE PARTICLE
9USX,SINGLE PARTICLE
9USY,SINGLE PARTICLE
9USZ,SINGLE PARTICLE
9UT0,SINGLE PARTICLE
9UT4,SINGLE PARTICLE
9UT7,SINGLE PARTICLE
9UTG,SINGLE PARTICLE
9UUH,SINGLE PARTICLE
9UUM,SINGLE PARTICLE
9UUQ,SINGLE PARTICLE
9UUR,SINGLE PARTICLE
9UUX,SINGLE PARTICLE
9UUY,SINGLE PARTICLE
9UV2,SINGLE PARTICLE
9UV3,SINGLE PARTICLE
9UV4,SINGLE PARTICLE
9UV7,SINGLE PARTICLE
9UV9,SINGLE PARTICLE
9UVA,SINGLE PARTICLE
9UVB,SINGLE PARTICLE
9UVC,SINGLE PARTICLE
9UVT,SINGLE PARTICLE
9UVU,SINGLE PARTICLE
9UVV,SINGLE PARTICLE
9UVW,SINGLE PARTICLE
9UVX,SINGLE PARTICLE
9UVY,SINGLE PARTICLE
9UVZ,SINGLE PARTICLE
9UW3,SINGLE PARTICLE
9UW4,SINGLE PARTICLE
9UWG,SINGLE PARTICLE
9UWI,SINGLE PARTICLE
9UWJ,SINGLE PARTICLE
9UWL,SINGLE PARTICLE
9UWM,SINGLE PARTICLE
9UWQ,SINGLE PARTICLE
9UWV,SINGLE PARTICLE
9UWW,SINGLE PARTICLE
9UWX,SINGLE PARTICLE
9UWY,SINGLE PARTICLE
9UX1,SINGLE PARTICLE
9UX2,SINGLE PARTICLE
9UX3,SINGLE PARTICLE
9UX4,SINGLE PARTICLE
9UX8,SINGLE PARTICLE
9UXB,SINGLE PARTICLE
9UXC,SINGLE PARTICLE
9UXI,SINGLE PARTICLE
9UXK,SINGLE PARTICLE
9UXN,SINGLE PARTICLE
9UXO,SINGLE PARTICLE
9UXP,SINGLE PARTICLE
9UXQ,SINGLE PARTICLE
9UXS,SINGLE PARTICLE
9UXT,SINGLE PARTICLE
9UXU,SINGLE PARTICLE
9UXX,SINGLE PARTICLE
9UY9,SINGLE PARTICLE
9UYD,SINGLE PARTICLE
9UYO,SINGLE PARTICLE
9UYP,SINGLE PARTICLE
9UYQ,SINGLE PARTICLE
9V09,SINGLE PARTICLE
9V0A,SINGLE PARTICLE
9V0B,SINGLE PARTICLE
9V0C,SINGLE PARTICLE
9V0E,SINGLE PARTICLE
9V0F,SINGLE PARTICLE
9V0X,SINGLE PARTICLE
9V10,SINGLE PARTICLE
9V1H,SINGLE PARTICLE
9V2S,SINGLE PARTICLE
9V2U,SINGLE PARTICLE
9V35,SINGLE PARTICLE
9V38,SINGLE PARTICLE
9V3C,SINGLE PARTICLE
9V3E,SINGLE PARTICLE
9V3F,SINGLE PARTICLE
9V3S,SINGLE PARTICLE
9V3T,SINGLE PARTICLE
9V3V,SINGLE PARTICLE
9V3X,SINGLE PARTICLE
9V3Y,SINGLE PARTICLE
9V3Z,SINGLE PARTICLE
9V4D,SINGLE PARTICLE
9V65,SINGLE PARTICLE
9V6L,SINGLE PARTICLE
9V6T,SINGLE PARTICLE
9V6U,HELICAL
9V75,SINGLE PARTICLE
9V7C,HELICAL
9V7T,SINGLE PARTICLE
9V7U,SINGLE PARTICLE
9V81,SINGLE PARTICLE
9V82,SINGLE PARTICLE
9V8W,SINGLE PARTICLE
9V8X,SINGLE PARTICLE
9V8Y,SINGLE PARTICLE
9V95,SINGLE PARTICLE
9V96,SINGLE PARTICLE
9V9C,HELICAL
9V9E,HELICAL
9VA1,SINGLE PARTICLE
9VA2,SINGLE PARTICLE
9VAM,HELICAL
9VAP,SINGLE PARTICLE
9VAT,SINGLE PARTICLE
9VAU,SINGLE PARTICLE
9VAV,SINGLE PARTICLE
9VAW,SINGLE PARTICLE
9VAX,SINGLE PARTICLE
9VAY,SINGLE PARTICLE
9VAZ,SINGLE PARTICLE
9VB0,SINGLE PARTICLE
9VB1,SINGLE PARTICLE
9VB2,SINGLE PARTICLE
9VB3,SINGLE PARTICLE
9VB4,SINGLE PARTICLE
9VB5,SINGLE PARTICLE
9VB6,SINGLE PARTICLE
9VB7,SINGLE PARTICLE
9VBA,SINGLE PARTICLE
9VBD,SINGLE PARTICLE
9VBL,SINGLE PARTICLE
9VBM,SINGLE PARTICLE
9VBN,SINGLE PARTICLE
9VBO,SINGLE PARTICLE
9VBV,SINGLE PARTICLE
9VBX,SINGLE PARTICLE
9VC0,SINGLE PARTICLE
9VC9,SINGLE PARTICLE
9VCP,SINGLE PARTICLE
9VCT,SINGLE PARTICLE
9VF5,SINGLE PARTICLE
9VFV,SINGLE PARTICLE
9VH2,SINGLE PARTICLE
9VH3,SINGLE PARTICLE
9VIN,SINGLE PARTICLE
9VJR,SINGLE PARTICLE
9VJQ,SINGLE PARTICLE
9VJP,SINGLE PARTICLE
9VJO,SINGLE PARTICLE
9VJN,SINGLE PARTICLE
9VJD,HELICAL
9VJ8,SINGLE PARTICLE
9VJ4,SINGLE PARTICLE
9VJ3,SINGLE PARTICLE
9VI4,SINGLE PARTICLE
9VI1,SINGLE PARTICLE
9VHD,SINGLE PARTICLE
9VH9,SINGLE PARTICLE
9VH5,SINGLE PARTICLE
9VH4,SINGLE PARTICLE
9VGU,SINGLE PARTICLE
9VGF,SINGLE PARTICLE
9VGD,HELICAL
9VFX,SINGLE PARTICLE
9VFI,SINGLE PARTICLE
9VF4,HELICAL
9VEK,SINGLE PARTICLE
9VEJ,SINGLE PARTICLE
9VEG,SINGLE PARTICLE
9VEF,SINGLE PARTICLE
9VEE,SINGLE PARTICLE
9VED,SINGLE PARTICLE
9VE9,HELICAL
9VE1,SINGLE PARTICLE
9VCU,SINGLE PARTICLE
9VCS,SINGLE PARTICLE
9VCC,SINGLE PARTICLE
9VC6,SINGLE PARTICLE
9VBZ,SINGLE PARTICLE
9VBY,SINGLE PARTICLE
9VBT,SINGLE PARTICLE
9VBP,SINGLE PARTICLE
9VT4,SINGLE PARTICLE
9W39,SINGLE PARTICLE
9W3L,SINGLE PARTICLE
9W8Q,SINGLE PARTICLE
9W8J,SINGLE PARTICLE
9W8A,SINGLE PARTICLE
9W89,SINGLE PARTICLE
9W81,SINGLE PARTICLE
9W7Y,SINGLE PARTICLE
9W7X,SINGLE PARTICLE
9W7K,SINGLE PARTICLE
9W7J,SINGLE PARTICLE
9W7D,SINGLE PARTICLE
9W6U,SINGLE PARTICLE
9W66,SINGLE PARTICLE
9W65,SINGLE PARTICLE
9W64,SINGLE PARTICLE
9W63,SINGLE PARTICLE
9W62,SINGLE PARTICLE
9W5B,SINGLE PARTICLE
9W51,SINGLE PARTICLE
9W50,SINGLE PARTICLE
9W4Y,SINGLE PARTICLE
9W4Q,SINGLE PARTICLE
9W4O,SINGLE PARTICLE
9W4L,SINGLE PARTICLE
9W4K,SINGLE PARTICLE
9W4J,SINGLE PARTICLE
9W4I,SINGLE PARTICLE
9W4E,SINGLE PARTICLE
9W4D,SINGLE PARTICLE
9W4C,SINGLE PARTICLE
9W45,SINGLE PARTICLE
9W43,SINGLE PARTICLE
9W41,SINGLE PARTICLE
9W40,SINGLE PARTICLE
9W3Z,SINGLE PARTICLE
9W3U,SINGLE PARTICLE
9W3T,HELICAL
9W3P,SINGLE PARTICLE
9W3K,SINGLE PARTICLE
9W3G,SINGLE PARTICLE
9W3F,SINGLE PARTICLE
9W3E,SINGLE PARTICLE
9W3D,SINGLE PARTICLE
9W37,SINGLE PARTICLE
9W36,SINGLE PARTICLE
9W35,SINGLE PARTICLE
9W34,SINGLE PARTICLE
9W33,SINGLE PARTICLE
9W32,SINGLE PARTICLE
9W2Z,SINGLE PARTICLE
9W2Y,SINGLE PARTICLE
9W2X,SINGLE PARTICLE
9W2W,SINGLE PARTICLE
9W2V,SINGLE PARTICLE
9W2U,SINGLE PARTICLE
9W2S,SINGLE PARTICLE
9W2R,SINGLE PARTICLE
9W2J,SINGLE PARTICLE
9W2I,SINGLE PARTICLE
9W2H,SINGLE PARTICLE
9W2G,SINGLE PARTICLE
9W2F,SINGLE PARTICLE
9W24,SINGLE PARTICLE
9W23,SINGLE PARTICLE
9W22,SINGLE PARTICLE
9W20,SINGLE PARTICLE
9W1Z,SINGLE PARTICLE
9W1T,HELICAL
9W1J,SINGLE PARTICLE
9W1B,SINGLE PARTICLE
9W14,SINGLE PARTICLE
9W0Z,HELICAL
9W0X,SINGLE PARTICLE
9W0W,SINGLE PARTICLE
9W0U,SINGLE PARTICLE
9W0T,SINGLE PARTICLE
9W0S,SINGLE PARTICLE
9W0R,SINGLE PARTICLE
9W0Q,SINGLE PARTICLE
9W0P,SINGLE PARTICLE
9W0O,SINGLE PARTICLE
9W0M,SINGLE PARTICLE
9W0K,SINGLE PARTICLE
9W0J,SINGLE PARTICLE
9W0I,SINGLE PARTICLE
9W0G,SINGLE PARTICLE
9W0E,SINGLE PARTICLE
9W0D,SINGLE PARTICLE
9W0B,SINGLE PARTICLE
9W09,HELICAL
9W08,HELICAL
9W07,HELICAL
9W06,HELICAL
9W01,SINGLE PARTICLE
9VZP,SINGLE PARTICLE
9VZ8,SINGLE PARTICLE
9VZ3,SINGLE PARTICLE
9VZ2,SINGLE PARTICLE
9VY1,SINGLE PARTICLE
9VY0,SINGLE PARTICLE
9VXZ,SINGLE PARTICLE
9VXY,SINGLE PARTICLE
9VXX,SINGLE PARTICLE
9VXV,SINGLE PARTICLE
9VXU,SINGLE PARTICLE
9VXT,SINGLE PARTICLE
9VXP,SINGLE PARTICLE
9VXE,HELICAL
9VWZ,SINGLE PARTICLE
9VWS,SINGLE PARTICLE
9VWR,SINGLE PARTICLE
9VWM,SINGLE PARTICLE
9VWJ,SINGLE PARTICLE
9VWI,SINGLE PARTICLE
9VWG,SINGLE PARTICLE
9VWF,SINGLE PARTICLE
9VWE,SINGLE PARTICLE
9VWC,SINGLE PARTICLE
9VWA,SINGLE PARTICLE
9VVO,SINGLE PARTICLE
9VVM,SINGLE PARTICLE
9VVK,SINGLE PARTICLE
9VVJ,SINGLE PARTICLE
9VVG,SINGLE PARTICLE
9VV6,SINGLE PARTICLE
9VV0,SINGLE PARTICLE
9VUS,SINGLE PARTICLE
9VUQ,SINGLE PARTICLE
9VUM,SINGLE PARTICLE
9VUL,SINGLE PARTICLE
9VUK,SINGLE PARTICLE
9VUJ,SINGLE PARTICLE
9VUI,SINGLE PARTICLE
9VUH,SINGLE PARTICLE
9VUF,SINGLE PARTICLE
9VUE,SINGLE PARTICLE
9VUC,SINGLE PARTICLE
9VUB,SINGLE PARTICLE
9VUA,SINGLE PARTICLE
9VU9,SINGLE PARTICLE
9VU1,SINGLE PARTICLE
9VU0,SINGLE PARTICLE
9VTZ,SINGLE PARTICLE
9VTY,HELICAL
9VTX,HELICAL
9VTW,HELICAL
9VTS,SINGLE PARTICLE
9VS4,SINGLE PARTICLE
9VS3,SINGLE PARTICLE
9VRE,SINGLE PARTICLE
9VRD,SINGLE PARTICLE
9VRC,SINGLE PARTICLE
9VRB,SINGLE PARTICLE
9VQY,SINGLE PARTICLE
9VQX,SINGLE PARTICLE
9VQW,SINGLE PARTICLE
9VQV,SINGLE PARTICLE
9VQU,SINGLE PARTICLE
9VQT,SINGLE PARTICLE
9VQS,SINGLE PARTICLE
9VQR,SINGLE PARTICLE
9VQQ,SINGLE PARTICLE
9VQP,SINGLE PARTICLE
9VQO,SINGLE PARTICLE
9VPN,SINGLE PARTICLE
9VPM,SINGLE PARTICLE
9VPG,SINGLE PARTICLE
9VPD,SINGLE PARTICLE
9VO2,SINGLE PARTICLE
9VO1,SINGLE PARTICLE
9VO0,SINGLE PARTICLE
9VNZ,SINGLE PARTICLE
9VNY,SINGLE PARTICLE
9VNE,SINGLE PARTICLE
9VND,SINGLE PARTICLE
9VNC,SINGLE PARTICLE
9VNB,SINGLE PARTICLE
9VNA,SINGLE PARTICLE
9VN9,SINGLE PARTICLE
9VMP,SINGLE PARTICLE
9VMO,SINGLE PARTICLE
9VMN,SINGLE PARTICLE
9VMH,SINGLE PARTICLE
9VMG,SINGLE PARTICLE
9VM2,SINGLE PARTICLE
9VLZ,SINGLE PARTICLE
9VLN,SINGLE PARTICLE
9VLG,SINGLE PARTICLE
9VL5,SINGLE PARTICLE
9VL3,SINGLE PARTICLE
9VKZ,SINGLE PARTICLE
9VKY,SINGLE PARTICLE
9VKR,SINGLE PARTICLE
9VKQ,SINGLE PARTICLE
9VKP,SINGLE PARTICLE
9VKO,SINGLE PARTICLE
9VJT,SINGLE PARTICLE
9VJS,SINGLE PARTICLE
9W9W,HELICAL
9WAG,SINGLE PARTICLE
9WAH,SINGLE PARTICLE
9WAI,SINGLE PARTICLE
9WAJ,SINGLE PARTICLE
9WBJ,HELICAL
9WC6,SINGLE PARTICLE
9WCA,SINGLE PARTICLE
9WCB,SINGLE PARTICLE
9WD0,SINGLE PARTICLE
9WD5,SINGLE PARTICLE
9WDP,SINGLE PARTICLE
9WE7,SINGLE PARTICLE
9WEU,SINGLE PARTICLE
9WEY,SINGLE PARTICLE
9WF0,SINGLE PARTICLE
9WF2,SINGLE PARTICLE
9WFZ,SINGLE PARTICLE
9WG0,SINGLE PARTICLE
9WG4,SINGLE PARTICLE
9WG6,SINGLE PARTICLE
9WIE,SINGLE PARTICLE
9WIF,SINGLE PARTICLE
9WIT,HELICAL
9WKR,SINGLE PARTICLE
9WLS,SINGLE PARTICLE
9WME,SINGLE PARTICLE
9WMI,SINGLE PARTICLE
9WMO,SINGLE PARTICLE
9WMP,SINGLE PARTICLE
9WMR,SINGLE PARTICLE
9WNS,SINGLE PARTICLE
9WNU,SINGLE PARTICLE
9WPH,SINGLE PARTICLE
9WPM,SINGLE PARTICLE
9WPY,SINGLE PARTICLE
9WQ6,SINGLE PARTICLE
9WQL,SINGLE PARTICLE
9WQM,SINGLE PARTICLE
9WQV,SINGLE PARTICLE
9WRK,SINGLE PARTICLE
9WRL,SINGLE PARTICLE
9WSD,SINGLE PARTICLE
9WSZ,SINGLE PARTICLE
9WT1,SINGLE PARTICLE
9WTO,SINGLE PARTICLE
9WTX,SINGLE PARTICLE
9WTY,SINGLE PARTICLE
9WTZ,SINGLE PARTICLE
9WUE,SINGLE PARTICLE
9WUG,SINGLE PARTICLE
9WUM,SINGLE PARTICLE
9WUT,SINGLE PARTICLE
9WUU,SINGLE PARTICLE
9WUV,SINGLE PARTICLE
9WUW,SINGLE PARTICLE
9WUY,SINGLE PARTICLE
9WV1,SINGLE PARTICLE
9WV3,SINGLE PARTICLE
9WV5,SINGLE PARTICLE
9WV9,SINGLE PARTICLE
9WVC,SINGLE PARTICLE
9WX9,SINGLE PARTICLE
9WX7,SINGLE PARTICLE
9WWA,SINGLE PARTICLE
9WW9,SINGLE PARTICLE
9WV7,SINGLE PARTICLE
9WV6,SINGLE PARTICLE
9WV2,SINGLE PARTICLE
9WUP,SINGLE PARTICLE
9WUK,SINGLE PARTICLE
9WUF,SINGLE PARTICLE
9WUD,SINGLE PARTICLE
9WUC,SINGLE PARTICLE
9WTW,HELICAL
9WTD,HELICAL
9WT2,SINGLE PARTICLE
9WT0,SINGLE PARTICLE
9WSR,SINGLE PARTICLE
9WSQ,SINGLE PARTICLE
9WSO,SINGLE PARTICLE
9WSN,SINGLE PARTICLE
9WS8,SINGLE PARTICLE
9WS4,SINGLE PARTICLE
9WRE,SINGLE PARTICLE
9WQR,SINGLE PARTICLE
9WQQ,HELICAL
9WQO,SINGLE PARTICLE
9WQN,SINGLE PARTICLE
9WQK,SINGLE PARTICLE
9WQB,SINGLE PARTICLE
9WQA,SINGLE PARTICLE
9WQ5,SINGLE PARTICLE
9WQ3,SINGLE PARTICLE
9WQ2,SINGLE PARTICLE
9WQ0,SINGLE PARTICLE
9WPZ,SINGLE PARTICLE
9WPX,SINGLE PARTICLE
9WPQ,SINGLE PARTICLE
9WPL,SINGLE PARTICLE
9WPG,SINGLE PARTICLE
9WPF,SINGLE PARTICLE
9WPE,SINGLE PARTICLE
9WP6,SINGLE PARTICLE
9WNG,SINGLE PARTICLE
9WNF,SINGLE PARTICLE
9WND,SINGLE PARTICLE
9WNB,SINGLE PARTICLE
9WMQ,SINGLE PARTICLE
9WMN,SINGLE PARTICLE
9WMM,SINGLE PARTICLE
9WML,SINGLE PARTICLE
9WMJ,SINGLE PARTICLE
9WMD,SINGLE PARTICLE
9WLR,SINGLE PARTICLE
9WLB,SINGLE PARTICLE
9WLA,SINGLE PARTICLE
9WL9,HELICAL
9WL8,HELICAL
9WL7,HELICAL
9WL6,HELICAL
9WL5,HELICAL
9WKZ,SINGLE PARTICLE
9WK1,SINGLE PARTICLE
9WJS,SINGLE PARTICLE
9WJ0,SINGLE PARTICLE
9WIX,SINGLE PARTICLE
9WIK,SINGLE PARTICLE
9WIJ,SINGLE PARTICLE
9WIG,SINGLE PARTICLE
9WID,SINGLE PARTICLE
9WGB,SINGLE PARTICLE
9WG8,SINGLE PARTICLE
9WG7,SINGLE PARTICLE
9WG2,SINGLE PARTICLE
9WFU,SINGLE PARTICLE
9WFR,SINGLE PARTICLE
9WFO,SINGLE PARTICLE
9WFN,SINGLE PARTICLE
9WFL,SINGLE PARTICLE
9WFG,SINGLE PARTICLE
9WFF,SINGLE PARTICLE
9WFC,SINGLE PARTICLE
9WFA,SINGLE PARTICLE
9WF9,SINGLE PARTICLE
9WF3,SINGLE PARTICLE
9WEZ,SINGLE PARTICLE
9WET,SINGLE PARTICLE
9WDX,SINGLE PARTICLE
9WDT,SINGLE PARTICLE
9WDR,SINGLE PARTICLE
9WDQ,SINGLE PARTICLE
9WDO,SINGLE PARTICLE
9WDI,SINGLE PARTICLE
9WDC,SINGLE PARTICLE
9WDB,SINGLE PARTICLE
9WDA,SINGLE PARTICLE
9WD9,SINGLE PARTICLE
9WD7,SINGLE PARTICLE
9WD4,SINGLE PARTICLE
9WD1,SINGLE PARTICLE
9WCY,SINGLE PARTICLE
9WCX,SINGLE PARTICLE
9WCW,SINGLE PARTICLE
9WC1,SINGLE PARTICLE
9WBW,SINGLE PARTICLE
9WBV,SINGLE PARTICLE
9WBR,SINGLE PARTICLE
9WBL,HELICAL
9WBK,HELICAL
9WAP,HELICAL
9WAO,HELICAL
9WAK,SINGLE PARTICLE
9WAE,SINGLE PARTICLE
9WA2,HELICAL
9WA1,HELICAL
9WA0,HELICAL
9W9Z,HELICAL
9W9Y,HELICAL
9W9X,HELICAL
9W9V,HELICAL
9W9U,HELICAL
9W9T,HELICAL
9W9S,HELICAL
9W9R,HELICAL
9W9Q,HELICAL
9W9P,HELICAL
9W9O,HELICAL
9W9N,HELICAL
9W9L,HELICAL
9W9K,HELICAL
9W9J,HELICAL
9W9E,SINGLE PARTICLE
9W9C,SINGLE PARTICLE
9W9B,SINGLE PARTICLE
9W9A,SINGLE PARTICLE
9W99,SINGLE PARTICLE
9W98,SINGLE PARTICLE
9W97,SINGLE PARTICLE
9W90,SINGLE PARTICLE
9WY8,SINGLE PARTICLE
9X0B,SINGLE PARTICLE
9X0C,SINGLE PARTICLE
9X1V,SINGLE PARTICLE
9X2M,SINGLE PARTICLE
9X2N,SINGLE PARTICLE
9X35,SINGLE PARTICLE
9X3J,SINGLE PARTICLE
9X3R,SINGLE PARTICLE
9X46,SINGLE PARTICLE
9X4G,SINGLE PARTICLE
9X5F,SINGLE PARTICLE
9X5X,SINGLE PARTICLE
9X60,SINGLE PARTICLE
9X9T,SINGLE PARTICLE
9XC6,SINGLE PARTICLE
9XCM,SINGLE PARTICLE
9XDA,SINGLE PARTICLE
9XDE,SINGLE PARTICLE
9XFG,SINGLE PARTICLE
9XFI,SINGLE PARTICLE
9XFO,SINGLE PARTICLE
9XGV,SINGLE PARTICLE
9XGX,SINGLE PARTICLE
9XH2,SINGLE PARTICLE
9XIP,SINGLE PARTICLE
9XIX,SINGLE PARTICLE
9XIY,SINGLE PARTICLE
9XJ1,SINGLE PARTICLE
9XJ5,SINGLE PARTICLE
9XJ7,SINGLE PARTICLE
9XJ9,SINGLE PARTICLE
9XJP,SINGLE PARTICLE
9XKO,SINGLE PARTICLE
9XNC,HELICAL
9XNP,SINGLE PARTICLE
9XNZ,SINGLE PARTICLE
9XO3,SINGLE PARTICLE
9XPE,SINGLE PARTICLE
9XPF,SINGLE PARTICLE
9XPS,SINGLE PARTICLE
9XQB,SINGLE PARTICLE
9XQC,SINGLE PARTICLE
9XQN,SINGLE PARTICLE
9XQS,SINGLE PARTICLE
9XTI,SINGLE PARTICLE
9XUK,SINGLE PARTICLE
9XUL,SINGLE PARTICLE
9XUM,SINGLE PARTICLE
9XUO,SINGLE PARTICLE
9XUR,SINGLE PARTICLE
9XUS,SINGLE PARTICLE
9XWM,SINGLE PARTICLE
9XWG,SINGLE PARTICLE
9XWA,SINGLE PARTICLE
9XW8,SINGLE PARTICLE
9XW7,SINGLE PARTICLE
9XW5,SINGLE PARTICLE
9XVV,SINGLE PARTICLE
9XVR,SINGLE PARTICLE
9XVP,SINGLE PARTICLE
9XVI,SINGLE PARTICLE
9XVG,SINGLE PARTICLE
9XVE,SINGLE PARTICLE
9XVC,HELICAL
9XTU,SINGLE PARTICLE
9XTJ,SINGLE PARTICLE
9XTB,HELICAL
9XSM,SINGLE PARTICLE
9XSG,SINGLE PARTICLE
9XRO,SINGLE PARTICLE
9XRL,SINGLE PARTICLE
9XOU,SINGLE PARTICLE
9XO5,SINGLE PARTICLE
9XO4,SINGLE PARTICLE
9XO2,SINGLE PARTICLE
9XO1,SINGLE PARTICLE
9XO0,SINGLE PARTICLE
9XNY,SINGLE PARTICLE
9XNX,SINGLE PARTICLE
9XNO,SINGLE PARTICLE
9XNH,HELICAL
9XMM,SINGLE PARTICLE
9XMI,HELICAL
9XMG,HELICAL
9XKL,SINGLE PARTICLE
9XKA,SINGLE PARTICLE
9XJW,SINGLE PARTICLE
9XJM,SINGLE PARTICLE
9XJL,SINGLE PARTICLE
9XJK,SINGLE PARTICLE
9XIR,SINGLE PARTICLE
9XIQ,SINGLE PARTICLE
9XI9,SINGLE PARTICLE
9XI8,SINGLE PARTICLE
9XI7,SINGLE PARTICLE
9XI6,SINGLE PARTICLE
9XI5,SINGLE PARTICLE
9XI4,SINGLE PARTICLE
9XI2,SINGLE PARTICLE
9XI1,SINGLE PARTICLE
9XI0,SINGLE PARTICLE
9XHY,SINGLE PARTICLE
9XHI,SINGLE PARTICLE
9XHH,SINGLE PARTICLE
9XGW,SINGLE PARTICLE
9XGC,SINGLE PARTICLE
9XGB,SINGLE PARTICLE
9XFV,HELICAL
9XFJ,SINGLE PARTICLE
9XFH,SINGLE PARTICLE
9XF4,SINGLE PARTICLE
9XED,SINGLE PARTICLE
9XDR,SINGLE PARTICLE
9XDQ,SINGLE PARTICLE
9XDD,SINGLE PARTICLE
9XDC,SINGLE PARTICLE
9XDB,SINGLE PARTICLE
9XD4,SINGLE PARTICLE
9XD0,SINGLE PARTICLE
9XCH,SINGLE PARTICLE
9XCB,SINGLE PARTICLE
9XCA,SINGLE PARTICLE
9XBY,SINGLE PARTICLE
9XBS,SINGLE PARTICLE
9XB9,SINGLE PARTICLE
9XB1,SINGLE PARTICLE
9XA3,SINGLE PARTICLE
9X9K,SINGLE PARTICLE
9X97,SINGLE PARTICLE
9X95,SINGLE PARTICLE
9X8X,SINGLE PARTICLE
9X74,SINGLE PARTICLE
9X6Z,SUBTOMOGRAM AVERAGING
9X6S,SUBTOMOGRAM AVERAGING
9X6D,SINGLE PARTICLE
9X69,SINGLE PARTICLE
9X67,HELICAL
9X65,SINGLE PARTICLE
9X61,SINGLE PARTICLE
9X5Z,SINGLE PARTICLE
9X5Y,SINGLE PARTICLE
9X5W,SINGLE PARTICLE
9X5R,SINGLE PARTICLE
9X5J,SINGLE PARTICLE
9X5G,SINGLE PARTICLE
9X58,SINGLE PARTICLE
9X57,SINGLE PARTICLE
9X4C,SINGLE PARTICLE
9X4B,SINGLE PARTICLE
9X4A,SINGLE PARTICLE
9X49,SINGLE PARTICLE
9X48,SINGLE PARTICLE
9X47,SINGLE PARTICLE
9X41,SINGLE PARTICLE
9X40,SINGLE PARTICLE
9X3Z,SINGLE PARTICLE
9X3Y,SINGLE PARTICLE
9X3S,SINGLE PARTICLE
9X3Q,SINGLE PARTICLE
9X3P,SINGLE PARTICLE
9X3O,SINGLE PARTICLE
9X3K,SINGLE PARTICLE
9X2F,SINGLE PARTICLE
9X2C,SINGLE PARTICLE
9X2B,SINGLE PARTICLE
9X2A,SINGLE PARTICLE
9X29,SINGLE PARTICLE
9X28,SINGLE PARTICLE
9X22,SINGLE PARTICLE
9X20,SINGLE PARTICLE
9X1L,SINGLE PARTICLE
9X0Y,SINGLE PARTICLE
9X0X,SINGLE PARTICLE
9X0W,SINGLE PARTICLE
9X0R,SINGLE PARTICLE
9X0Q,SINGLE PARTICLE
9X0L,SINGLE PARTICLE
9X0K,SINGLE PARTICLE
9X0J,SINGLE PARTICLE
9X0F,SINGLE PARTICLE
9X05,SINGLE PARTICLE
9X04,SINGLE PARTICLE
9WZX,SINGLE PARTICLE
9WZV,SINGLE PARTICLE
9WZU,SINGLE PARTICLE
9WZT,SINGLE PARTICLE
9WZS,SINGLE PARTICLE
9WZ3,SINGLE PARTICLE
9WYX,SINGLE PARTICLE
9WYV,SINGLE PARTICLE
9WYT,SINGLE PARTICLE
9WYP,SINGLE PARTICLE
9WYM,SINGLE PARTICLE
9WYL,SINGLE PARTICLE
9WYK,SINGLE PARTICLE
9WY1,SINGLE PARTICLE
9WXP,SINGLE PARTICLE
9WXF,SINGLE PARTICLE
9WXB,SINGLE PARTICLE
9Y4A,SINGLE PARTICLE
9Y61,SINGLE PARTICLE
9YAZ,SINGLE PARTICLE
9YBY,SINGLE PARTICLE
9YCH,SINGLE PARTICLE
9YCI,SINGLE PARTICLE
9YCJ,SINGLE PARTICLE
9YCX,SINGLE PARTICLE
9YCY,SINGLE PARTICLE
9YD0,SINGLE PARTICLE
9YDO,SINGLE PARTICLE
9YDT,SINGLE PARTICLE
9YEC,SINGLE PARTICLE
9YEU,SINGLE PARTICLE
9YF4,SINGLE PARTICLE
9YF9,SINGLE PARTICLE
9YFG,SINGLE PARTICLE
9YFT,SINGLE PARTICLE
9YGV,SINGLE PARTICLE
9YGZ,SINGLE PARTICLE
9YH0,SINGLE PARTICLE
9YH6,SINGLE PARTICLE
9YH7,SINGLE PARTICLE
9YMJ,SINGLE PARTICLE
9YMK,SINGLE PARTICLE
9YML,SINGLE PARTICLE
9YQ8,SINGLE PARTICLE
9YQO,SINGLE PARTICLE
9YQL,SINGLE PARTICLE
9YQK,SINGLE PARTICLE
9YQ6,SINGLE PARTICLE
9YPR,SINGLE PARTICLE
9YPB,SINGLE PARTICLE
9YP9,SINGLE PARTICLE
9YP8,SINGLE PARTICLE
9YP6,SINGLE PARTICLE
9YOV,SINGLE PARTICLE
9YOU,SINGLE PARTICLE
9YOT,SINGLE PARTICLE
9YOS,SINGLE PARTICLE
9YOR,SINGLE PARTICLE
9YOP,SINGLE PARTICLE
9YOK,SINGLE PARTICLE
9YNR,SINGLE PARTICLE
9YNK,SINGLE PARTICLE
9YNF,SINGLE PARTICLE
9YNC,SINGLE PARTICLE
9YNB,SINGLE PARTICLE
9YMZ,SINGLE PARTICLE
9YLV,SINGLE PARTICLE
9YLI,SINGLE PARTICLE
9YLF,SINGLE PARTICLE
9YLB,SINGLE PARTICLE
9YKY,SINGLE PARTICLE
9YKW,SINGLE PARTICLE
9YKV,SINGLE PARTICLE
9YKK,SINGLE PARTICLE
9YK0,SINGLE PARTICLE
9YJZ,SINGLE PARTICLE
9YIX,SINGLE PARTICLE
9YIM,SINGLE PARTICLE
9YIK,SINGLE PARTICLE
9YIG,SINGLE PARTICLE
9YIF,SINGLE PARTICLE
9YI4,SINGLE PARTICLE
9YI2,SINGLE PARTICLE
9YHR,SINGLE PARTICLE
9YHQ,SINGLE PARTICLE
9YHO,SINGLE PARTICLE
9YHB,SINGLE PARTICLE
9YHA,SINGLE PARTICLE
9YH1,SINGLE PARTICLE
9YGU,SINGLE PARTICLE
9YGT,SINGLE PARTICLE
9YGR,SINGLE PARTICLE
9YGQ,SINGLE PARTICLE
9YGP,SINGLE PARTICLE
9YGO,SINGLE PARTICLE
9YGN,SINGLE PARTICLE
9YGJ,SINGLE PARTICLE
9YGI,SINGLE PARTICLE
9YGH,SINGLE PARTICLE
9YGF,SINGLE PARTICLE
9YG5,SINGLE PARTICLE
9YG4,SINGLE PARTICLE
9YFW,SINGLE PARTICLE
9YFU,SINGLE PARTICLE
9YFD,SINGLE PARTICLE
9YF0,SINGLE PARTICLE
9YEX,SINGLE PARTICLE
9YET,SINGLE PARTICLE
9YER,SINGLE PARTICLE
9YEO,SINGLE PARTICLE
9YEM,SINGLE PARTICLE
9YEL,SINGLE PARTICLE
9YEK,SINGLE PARTICLE
9YEI,SINGLE PARTICLE
9YEH,SINGLE PARTICLE
9YEE,SINGLE PARTICLE
9YE8,SINGLE PARTICLE
9YE7,SINGLE PARTICLE
9YE6,SINGLE PARTICLE
9YDX,SINGLE PARTICLE
9YDW,SINGLE PARTICLE
9YDS,SINGLE PARTICLE
9YCD,SINGLE PARTICLE
9YC5,SINGLE PARTICLE
9YBP,SINGLE PARTICLE
9YBM,SINGLE PARTICLE
9YBL,SINGLE PARTICLE
9YB4,SINGLE PARTICLE
9YB3,SINGLE PARTICLE
9YAI,HELICAL
9YAB,HELICAL
9YA9,SINGLE PARTICLE
9YA7,HELICAL
9YA5,HELICAL
9Y9X,SINGLE PARTICLE
9Y9V,SINGLE PARTICLE
9Y9P,HELICAL
9Y9M,SINGLE PARTICLE
9Y9L,SINGLE PARTICLE
9Y9J,SINGLE PARTICLE
9Y9G,SINGLE PARTICLE
9Y9F,SINGLE PARTICLE
9Y9D,SINGLE PARTICLE
9Y96,SINGLE PARTICLE
9Y95,SINGLE PARTICLE
9Y94,SINGLE PARTICLE
9Y93,SINGLE PARTICLE
9Y90,SINGLE PARTICLE
9Y8Z,SINGLE PARTICLE
9Y80,SINGLE PARTICLE
9Y7Z,SINGLE PARTICLE
9Y7X,SINGLE PARTICLE
9Y7W,SINGLE PARTICLE
9Y7P,SINGLE PARTICLE
9Y7O,SINGLE PARTICLE
9Y7N,SINGLE PARTICLE
9Y7M,SINGLE PARTICLE
9Y7L,SINGLE PARTICLE
9Y7J,SINGLE PARTICLE
9Y7I,SINGLE PARTICLE
9Y7C,SINGLE PARTICLE
9Y75,SINGLE PARTICLE
9Y73,SINGLE PARTICLE
9Y72,SINGLE PARTICLE
9Y71,SINGLE PARTICLE
9Y70,SINGLE PARTICLE
9Y6T,SINGLE PARTICLE
9Y6P,SINGLE PARTICLE
9Y6O,HELICAL
9Y6N,SINGLE PARTICLE
9Y6G,SINGLE PARTICLE
9Y6F,SINGLE PARTICLE
9Y68,SINGLE PARTICLE
9Y67,SINGLE PARTICLE
9Y63,SINGLE PARTICLE
9Y5U,SINGLE PARTICLE
9Y5T,SINGLE PARTICLE
9Y5S,SINGLE PARTICLE
9Y5R,SINGLE PARTICLE
9Y5O,SINGLE PARTICLE
9Y5N,SINGLE PARTICLE
9Y5M,SINGLE PARTICLE
9Y5L,SINGLE PARTICLE
9Y5J,SINGLE PARTICLE
9Y5I,SINGLE PARTICLE
9Y52,SINGLE PARTICLE
9Y4W,SINGLE PARTICLE
9Y4T,SINGLE PARTICLE
9Y4B,SINGLE PARTICLE
9Y3V,SINGLE PARTICLE
9Y3U,SINGLE PARTICLE
9Y3T,SINGLE PARTICLE
9Y3Q,SINGLE PARTICLE
9Y3P,SINGLE PARTICLE
9Y2C,SINGLE PARTICLE
9Y2B,SINGLE PARTICLE
9Y2A,SINGLE PARTICLE
9Y1V,SINGLE PARTICLE
9Y1Q,SINGLE PARTICLE
9Y0C,SINGLE PARTICLE
9Y0B,SINGLE PARTICLE
9Y09,SINGLE PARTICLE
9Y08,SINGLE PARTICLE
9Y07,SINGLE PARTICLE
9Y06,SINGLE PARTICLE
9Y05,SINGLE PARTICLE
9Y04,SINGLE PARTICLE
9Y03,SINGLE PARTICLE
9XZY,SINGLE PARTICLE
9XZX,SINGLE PARTICLE
9XZN,SINGLE PARTICLE
9XZK,SINGLE PARTICLE
9XZG,SINGLE PARTICLE
9XYE,SINGLE PARTICLE
9XY4,SINGLE PARTICLE
9XXT,SINGLE PARTICLE
9XWN,SINGLE PARTICLE
9YSR,SINGLE PARTICLE
9YVH,SINGLE PARTICLE
9Z1Y,SINGLE PARTICLE
9Z4W,SINGLE PARTICLE
9Z5N,SINGLE PARTICLE
9ZA3,SINGLE PARTICLE
9ZCU,SINGLE PARTICLE
9ZD1,SINGLE PARTICLE
9ZJS,SINGLE PARTICLE
9ZK8,SINGLE PARTICLE
9ZK9,SINGLE PARTICLE
9ZKA,SINGLE PARTICLE
9ZKC,SINGLE PARTICLE
9ZKD,SINGLE PARTICLE
9ZKE,SINGLE PARTICLE
9ZL7,SINGLE PARTICLE
9ZLC,SINGLE PARTICLE
9ZLF,SINGLE PARTICLE
9ZLH,SINGLE PARTICLE
9ZN6,SINGLE PARTICLE
9ZN7,SINGLE PARTICLE
9ZM2,SINGLE PARTICLE
9ZLY,SINGLE PARTICLE
9ZLK,SINGLE PARTICLE
9ZLD,HELICAL
9ZKW,SINGLE PARTICLE
9ZKV,SINGLE PARTICLE
9ZKU,SINGLE PARTICLE
9ZKT,SINGLE PARTICLE
9ZKS,SINGLE PARTICLE
9ZKR,SINGLE PARTICLE
9ZKQ,SINGLE PARTICLE
9ZKP,SINGLE PARTICLE
9ZKO,SINGLE PARTICLE
9ZKN,SINGLE PARTICLE
9ZKM,SINGLE PARTICLE
9ZJZ,SINGLE PARTICLE
9ZJW,SINGLE PARTICLE
9ZJV,SINGLE PARTICLE
9ZJU,SINGLE PARTICLE
9ZJT,SINGLE PARTICLE
9ZJR,SINGLE PARTICLE
9ZJN,SINGLE PARTICLE
9ZHH,SINGLE PARTICLE
9ZFZ,SINGLE PARTICLE
9ZFY,SINGLE PARTICLE
9ZFO,SINGLE PARTICLE
9ZF0,SINGLE PARTICLE
9ZEZ,SINGLE PARTICLE
9ZDY,SINGLE PARTICLE
9ZDX,SINGLE PARTICLE
9ZDW,SINGLE PARTICLE
9ZDQ,SINGLE PARTICLE
9ZD8,SINGLE PARTICLE
9ZD5,SINGLE PARTICLE
9ZD4,SINGLE PARTICLE
9ZD3,SINGLE PARTICLE
9ZD2,SINGLE PARTICLE
9ZD0,SINGLE PARTICLE
9ZCZ,SINGLE PARTICLE
9ZCY,SINGLE PARTICLE
9ZCW,SINGLE PARTICLE
9ZCV,SINGLE PARTICLE
9ZCR,SINGLE PARTICLE
9ZCQ,SINGLE PARTICLE
9ZCP,SINGLE PARTICLE
9ZCO,SINGLE PARTICLE
9ZCN,SINGLE PARTICLE
9ZBV,SINGLE PARTICLE
9ZBS,SINGLE PARTICLE
9ZBP,HELICAL
9ZBL,HELICAL
9ZBK,SINGLE PARTICLE
9ZBJ,SINGLE PARTICLE
9ZBI,SINGLE PARTICLE
9ZBD,SINGLE PARTICLE
9ZBC,SINGLE PARTICLE
9ZBB,SINGLE PARTICLE
9ZBA,SINGLE PARTICLE
9ZB9,SINGLE PARTICLE
9ZB5,SINGLE PARTICLE
9ZAW,SINGLE PARTICLE
9ZA4,SINGLE PARTICLE
9ZA1,SINGLE PARTICLE
9Z9Y,SINGLE PARTICLE
9Z9X,SINGLE PARTICLE
9Z9W,SINGLE PARTICLE
9Z9S,SINGLE PARTICLE
9Z9L,SINGLE PARTICLE
9Z9H,SINGLE PARTICLE
9Z9G,SINGLE PARTICLE
9Z9B,SINGLE PARTICLE
9Z8M,SINGLE PARTICLE
9Z8L,SINGLE PARTICLE
9Z8F,SINGLE PARTICLE
9Z82,SINGLE PARTICLE
9Z81,SINGLE PARTICLE
9Z7W,SINGLE PARTICLE
9Z7U,SINGLE PARTICLE
9Z7T,SINGLE PARTICLE
9Z7S,SINGLE PARTICLE
9Z7R,SINGLE PARTICLE
9Z7P,SINGLE PARTICLE
9Z7B,SINGLE PARTICLE
9Z7A,SINGLE PARTICLE
9Z79,SINGLE PARTICLE
9Z78,SINGLE PARTICLE
9Z77,SINGLE PARTICLE
9Z76,SINGLE PARTICLE
9Z6W,SINGLE PARTICLE
9Z6V,SINGLE PARTICLE
9Z6U,SINGLE PARTICLE
9Z6T,SINGLE PARTICLE
9Z6N,SINGLE PARTICLE
9Z67,SINGLE PARTICLE
9Z66,SINGLE PARTICLE
9Z64,SINGLE PARTICLE
9Z63,SINGLE PARTICLE
9Z62,SINGLE PARTICLE
9Z61,SINGLE PARTICLE
9Z60,SINGLE PARTICLE
9Z5U,SINGLE PARTICLE
9Z5I,SINGLE PARTICLE
9Z4O,SINGLE PARTICLE
9Z4J,SINGLE PARTICLE
9Z4I,SINGLE PARTICLE
9Z4H,SINGLE PARTICLE
9Z4A,SINGLE PARTICLE
9Z49,SINGLE PARTICLE
9Z3Y,SINGLE PARTICLE
9Z3K,SINGLE PARTICLE
9Z3J,SINGLE PARTICLE
9Z32,SINGLE PARTICLE
9Z2V,SINGLE PARTICLE
9Z2M,SINGLE PARTICLE
9Z2F,SINGLE PARTICLE
9Z2D,SINGLE PARTICLE
9Z27,SINGLE PARTICLE
9Z26,SINGLE PARTICLE
9Z25,SINGLE PARTICLE
9Z24,SINGLE PARTICLE
9Z23,SINGLE PARTICLE
9Z22,SINGLE PARTICLE
9Z21,SINGLE PARTICLE
9Z20,SINGLE PARTICLE
9Z1Z,SINGLE PARTICLE
9Z1X,SINGLE PARTICLE
9Z1W,SINGLE PARTICLE
9Z1N,SINGLE PARTICLE
9Z1M,SINGLE PARTICLE
9Z18,SINGLE PARTICLE
9Z12,SINGLE PARTICLE
9Z0P,SINGLE PARTICLE
9Z0E,SINGLE PARTICLE
9Z06,SINGLE PARTICLE
9Z05,SINGLE PARTICLE
9Z04,SINGLE PARTICLE
9Z03,SINGLE PARTICLE
9YYV,SINGLE PARTICLE
9YYU,SINGLE PARTICLE
9YYD,SINGLE PARTICLE
9YXX,SINGLE PARTICLE
9YXQ,SINGLE PARTICLE
9YX8,SINGLE PARTICLE
9YX7,SINGLE PARTICLE
9YX6,SINGLE PARTICLE
9YWS,SINGLE PARTICLE
9YWQ,SINGLE PARTICLE
9YW2,SINGLE PARTICLE
9YW0,SINGLE PARTICLE
9YVP,SINGLE PARTICLE
9YVO,SINGLE PARTICLE
9YVN,SINGLE PARTICLE
9YVM,SINGLE PARTICLE
9YVL,SINGLE PARTICLE
9YVK,SINGLE PARTICLE
9YVI,SINGLE PARTICLE
9YVG,SINGLE PARTICLE
9YUZ,SINGLE PARTICLE
9YUY,SINGLE PARTICLE
9YUQ,HELICAL
9YTS,SINGLE PARTICLE
9YTC,SINGLE PARTICLE
9YTA,SINGLE PARTICLE
9YT7,SINGLE PARTICLE
9YT6,SINGLE PARTICLE
9YT4,SINGLE PARTICLE
9YSS,SINGLE PARTICLE
9YSK,SINGLE PARTICLE
9YSJ,SINGLE PARTICLE
9YSG,SINGLE PARTICLE
9YRQ,SINGLE PARTICLE
9YRM,SINGLE PARTICLE
9YRH,SINGLE PARTICLE
9YRG,SINGLE PARTICLE
9YRC,SINGLE PARTICLE
9YRB,SINGLE PARTICLE
9YR7,SINGLE PARTICLE
9YR4,SINGLE PARTICLE
9YQQ,SINGLE PARTICLE
9ZN8,SINGLE PARTICLE
9ZN9,SINGLE PARTICLE
9ZNA,SINGLE PARTICLE
9ZND,SINGLE PARTICLE
9ZZI,HELICAL
9ZZJ,SINGLE PARTICLE
9ZZM,SINGLE PARTICLE
9ZZO,SINGLE PARTICLE
9ZYS,SINGLE PARTICLE
9ZXD,SINGLE PARTICLE
9ZXC,SINGLE PARTICLE
9ZWO,SINGLE PARTICLE
9ZWN,SINGLE PARTICLE
9ZWM,SINGLE PARTICLE
9ZWL,SINGLE PARTICLE
9ZWK,SINGLE PARTICLE
9ZWE,SINGLE PARTICLE
9ZW4,SINGLE PARTICLE
9ZW3,SINGLE PARTICLE
9ZVX,SINGLE PARTICLE
9ZVV,SINGLE PARTICLE
9ZVM,SINGLE PARTICLE
9ZVL,SINGLE PARTICLE
9ZVH,SINGLE PARTICLE
9ZV9,SINGLE PARTICLE
9ZV4,SINGLE PARTICLE
9ZV1,SINGLE PARTICLE
9ZV0,SINGLE PARTICLE
9ZUN,SINGLE PARTICLE
9ZUB,SINGLE PARTICLE
9ZTK,SINGLE PARTICLE
9ZTJ,SINGLE PARTICLE
9ZTC,SINGLE PARTICLE
9ZT8,SINGLE PARTICLE
9ZT7,SINGLE PARTICLE
9ZT6,SINGLE PARTICLE
9ZT5,SINGLE PARTICLE
9ZS7,SINGLE PARTICLE
9ZRZ,SINGLE PARTICLE
9ZRY,SINGLE PARTICLE
9ZRX,SINGLE PARTICLE
9ZRT,SINGLE PARTICLE
9ZRS,SINGLE PARTICLE
9ZRR,SINGLE PARTICLE
9ZRQ,SINGLE PARTICLE
9ZRL,SINGLE PARTICLE
9ZRK,SINGLE PARTICLE
9ZRJ,SINGLE PARTICLE
9ZR7,SINGLE PARTICLE
9ZQY,SINGLE PARTICLE
9ZQU,SINGLE PARTICLE
9ZQT,SINGLE PARTICLE
9ZQS,SINGLE PARTICLE
9ZQR,SINGLE PARTICLE
9ZQ1,SINGLE PARTICLE
9ZQ0,SINGLE PARTICLE
9ZPZ,SINGLE PARTICLE
9ZPY,SINGLE PARTICLE
9ZPX,SINGLE PARTICLE
9ZPW,SINGLE PARTICLE
9ZPV,SINGLE PARTICLE
9ZPT,SINGLE PARTICLE
9ZPO,SINGLE PARTICLE
9ZPL,SINGLE PARTICLE
9ZPK,SINGLE PARTICLE
9ZOH,SINGLE PARTICLE
9ZOF,SINGLE PARTICLE
9ZNP,SUBTOMOGRAM AVERAGING
9ZNO,SINGLE PARTICLE
9ZNN,SINGLE PARTICLE
