pdb_id,resolution,residue_count,chain_count,title
9T94,2.6,3091,4,"cryo-EM structure of AKT phosphorylated mTOR complex 2, focused on a single protomer"
9ZJU,2.6,2242,2,"Human sterile alpha motif domain-containing protein 9 (SAMD9), symmetric dimer"
11CZ,2.6,3580,4,Human Slo1-paxilline complex under divalent chelated condition - full model
9PEA,2.6,2140,4,Cryo-EM structure of full-length human TRPV1 in complex with analgesic MSP20
9ZBK,2.6,4149,5,mTORC2 in complex with Akt1
9TAN,2.59,2449,6,Local refinement of E. coli Complex I D79N NuoA mutant hydrophilic domain in LMNG
9VU1,2.59,2420,4,Structure of hTRPA1 complexed with LIQA
9Z23,2.59,3972,4,Cryo-EM structure of human TRPM4 channel in complex with calcium and CBA at 37 degrees Celsius (consensus)
9OBX,2.59,3156,4,glutamate/glycine and Ca2+-bound GluN1a/2B NMDAR
9YSJ,2.62,3024,3,"SARS-CoV-2 BA.3.2.1 spike, 3-RBD-down"
