9ZBK_5|Chain	7M74_1|Chain	38.500	253	3.893E-44	161
9ZBK_5|Chain	7JHH_1|Chain	38.500	253	3.893E-44	161
9TAN_3|Chain	8A6T_3|Chains	45.100	133	1.456E-33	123
9TAN_3|Chain	7Q4W_3|Chains	38.700	129	5.710E-25	98
9Z23_1|Chains	6O6A_1|Chains	32.600	1165	1.136E-181	600
9Z23_1|Chains	6O6R_1|Chains	32.600	1165	1.136E-181	600
9Z23_1|Chains	8E4N_1|Chains	31.700	1154	2.235E-172	572
9Z23_1|Chains	8E4M_1|Chains	31.700	1154	2.235E-172	572
9Z23_1|Chains	8E4L_1|Chains	31.700	1154	2.235E-172	572
9Z23_1|Chains	6NR3_1|Chains	31.800	1126	3.876E-168	559
9Z23_1|Chains	5ZX5_1|Chains	28.500	1213	1.235E-131	450
9Z23_1|Chains	6BWD_1|Chains	26.000	630	3.164E-60	225
9OBX_1|Chains	7OCF_1|Chains	26.000	698	3.953E-69	250
9OBX_1|Chains	7OCF_2|Chains	29.200	570	5.720E-67	243
9YSJ_1|Chains	8DZI_1|Chains	95.400	1285	0.000E+00	2495
9YSJ_1|Chains	7UB6_1|Chains	94.400	1285	0.000E+00	2460
9YSJ_1|Chains	7RA8_1|Chains	94.300	1288	0.000E+00	2460
9YSJ_1|Chains	6XKL_1|Chains	94.300	1288	0.000E+00	2460
9YSJ_1|Chains	7MY3_1|Chains	94.300	1288	0.000E+00	2460
9YSJ_1|Chains	8CSA_1|Chains	94.100	1288	0.000E+00	2449
9YSJ_1|Chains	6VSB_1|Chains	94.000	1288	0.000E+00	2446
9YSJ_1|Chains	7KKL_1|Chains	94.000	1288	0.000E+00	2446
9YSJ_1|Chains	6XEY_1|Chains	94.000	1288	0.000E+00	2446
9YSJ_1|Chains	6ZP5_1|Chains	94.000	1288	0.000E+00	2446
9YSJ_1|Chains	7KE7_1|Chains	93.900	1288	0.000E+00	2442
9YSJ_1|Chains	7KEC_1|Chains	93.900	1288	0.000E+00	2442
9YSJ_1|Chains	7KEA_1|Chains	93.900	1288	0.000E+00	2442
9YSJ_1|Chains	7KE9_1|Chains	93.900	1288	0.000E+00	2442
9YSJ_1|Chains	7KEB_1|Chains	93.900	1288	0.000E+00	2442
9YSJ_1|Chains	7KDH_1|Chains	93.800	1288	0.000E+00	2439
9YSJ_1|Chains	7LYL_1|Chains	93.700	1288	0.000E+00	2437
9YSJ_1|Chains	7LYM_1|Chains	93.700	1288	0.000E+00	2437
9YSJ_1|Chains	7KDJ_1|Chains	93.600	1288	0.000E+00	2434
9YSJ_1|Chains	7TPH_1|Chains	93.700	1286	0.000E+00	2431
9YSJ_1|Chains	7TP7_1|Chains	93.700	1286	0.000E+00	2431
9YSJ_1|Chains	6X29_1|Chains	93.800	1273	0.000E+00	2420
9YSJ_1|Chains	7EB0_1|Chains	91.200	1283	0.000E+00	2339
9YSJ_1|Chains	7WS5_1|Chains	95.100	1205	0.000E+00	2325
9YSJ_1|Chains	7XO5_1|Chains	94.700	1205	0.000E+00	2312
9YSJ_1|Chains	6ZOY_1|Chains	91.300	1244	0.000E+00	2308
9YSJ_1|Chains	6ZOZ_1|Chains	91.300	1244	0.000E+00	2308
9YSJ_1|Chains	6ZP0_1|Chains	91.300	1244	0.000E+00	2307
9YSJ_1|Chains	7YQT_1|Chains	94.200	1205	0.000E+00	2303
9YSJ_1|Chains	7KRS_1|Chains	88.200	1310	0.000E+00	2299
9YSJ_1|Chains	7WEC_3|Chains	94.200	1205	0.000E+00	2297
9YSJ_1|Chains	7N1U_1|Chains	88.600	1305	0.000E+00	2297
9YSJ_1|Chains	7SBS_1|Chains	88.100	1310	0.000E+00	2297
9YSJ_1|Chains	7CN4_1|Chains	89.500	1267	0.000E+00	2296
9YSJ_1|Chains	7N1T_1|Chains	88.600	1305	0.000E+00	2294
9YSJ_1|Chains	7N1Q_1|Chains	88.600	1305	0.000E+00	2294
9YSJ_1|Chains	7SBP_1|Chains	88.000	1310	0.000E+00	2293
9YSJ_1|Chains	7SBL_1|Chains	88.000	1308	0.000E+00	2289
9YSJ_1|Chains	7SBK_1|Chains	88.000	1308	0.000E+00	2289
9YSJ_1|Chains	6ZGF_1|Chains	90.200	1252	0.000E+00	2287
9YSJ_1|Chains	7TLB_1|Chains	93.400	1208	0.000E+00	2271
9YSJ_1|Chains	7TLA_1|Chains	93.400	1208	0.000E+00	2271
9YSJ_1|Chains	7JJI_1|Chains	93.300	1208	0.000E+00	2270
9YSJ_1|Chains	8CYJ_5|Chain	93.300	1208	0.000E+00	2269
9YSJ_1|Chains	7E7D_1|Chains	93.200	1208	0.000E+00	2262
9YSJ_1|Chains	7XU4_1|Chains	92.900	1124	0.000E+00	2119
9YSJ_1|Chains	7XU5_1|Chains	92.900	1124	0.000E+00	2119
9YSJ_1|Chains	7Y42_1|Chains	93.200	1121	0.000E+00	2118
9YSJ_1|Chains	7XU2_1|Chains	92.800	1124	0.000E+00	2116
9YSJ_1|Chains	7X27_1|Chains	32.300	983	2.473E-132	453
9PEA_1|Chains	7L2N_1|Chains	85.700	841	0.000E+00	1448
9PEA_1|Chains	7L2O_1|Chains	85.700	841	0.000E+00	1448
9TAN_4|Chain	7Q4W_2|Chains	43.200	399	3.523E-109	356
9TAN_4|Chain	8A6T_2|Chains	43.000	402	1.620E-105	346
9TAN_4|Chain	6TGA_2|Chains	39.500	398	5.981E-85	286
9TAN_4|Chain	6TG9_2|Chains	39.500	398	5.981E-85	286
9TAN_4|Chain	7E5Z_2|Chain	37.200	396	3.283E-78	266
