22HG_3|Chain	8DZI_2|Chains	86.500	119	1.390E-65	212
22HG_3|Chain	7LUC_4|Chains	74.200	128	1.517E-59	195
22HG_3|Chain	7MFG_3|Chains	59.600	119	6.148E-43	147
22HG_3|Chain	6XEY_2|Chains	58.100	121	4.096E-42	145
22HG_3|Chain	6PZZ_3|Chains	57.500	120	1.989E-41	143
22HG_3|Chain	7RA8_2|Chains	54.000	124	2.611E-37	131
22HG_3|Chain	7M74_6|Chain	52.300	125	1.268E-36	129
22HG_3|Chain	7JHH_6|Chain	52.300	125	1.268E-36	129
22HG_3|Chain	7LUC_2|Chains	50.000	120	4.490E-36	127
22HG_3|Chain	6TYS_2|Chains	54.600	119	1.590E-35	126
22HG_3|Chain	7L5J_3|Chains	49.500	119	4.103E-35	124
22HG_3|Chain	6XDG_3|Chain	49.500	119	7.721E-35	124
22HG_3|Chain	6XDG_4|Chain	50.400	119	1.453E-34	123
22HG_3|Chain	6OPO_5|Chains	51.100	127	1.993E-34	123
22HG_3|Chain	6OPQ_5|Chains	51.100	127	1.993E-34	123
22HG_3|Chain	6X5B_5|Chains	51.100	127	1.993E-34	123
22HG_3|Chain	6OPP_5|Chains	51.100	127	1.993E-34	123
22HG_3|Chain	7UCG_2|Chains	49.100	122	9.679E-34	121
22HG_3|Chain	7WEC_1|Chains	50.400	123	4.701E-33	119
22HG_3|Chain	8CYJ_3|Chain	47.200	127	3.131E-32	116
22HG_3|Chain	7WS5_3|Chains	48.700	122	1.521E-31	114
22HG_3|Chain	7DKJ_2|Chains	47.500	120	3.586E-30	110
22HG_3|Chain	8CYJ_2|Chain	47.100	123	4.494E-29	107
22HG_3|Chain	7PC2_5|Chains	43.900	122	2.182E-28	105
22HG_3|Chain	7UDS_1|Chains	44.100	120	2.182E-28	105
22HG_3|Chain	6UKT_4|Chain	44.700	123	1.453E-27	103
22HG_3|Chain	7LG6_6|Chains	46.600	120	1.993E-27	102
22HG_3|Chain	6DFH_3|Chains	46.100	129	1.993E-27	102
22HG_3|Chain	6VO1_3|Chains	46.600	119	5.143E-27	101
22HG_3|Chain	7KKL_2|Chains	47.800	119	7.054E-27	101
22HG_3|Chain	7M74_7|Chain	43.300	120	4.697E-26	98
22HG_3|Chain	7JHH_7|Chain	43.300	120	4.697E-26	98
22HG_3|Chain	8CYJ_4|Chain	43.600	126	1.212E-25	97
22HG_3|Chain	8CYJ_1|Chain	45.300	126	1.518E-24	94
22HG_3|Chain	6OZC_4|Chains	40.100	122	5.370E-24	93
22HG_3|Chain	6U59_4|Chains	43.800	118	4.901E-23	90
22HG_3|Chain	7LL2_3|Chains	42.600	121	4.901E-23	90
22HG_3|Chain	7LL1_3|Chains	37.300	126	4.471E-22	87
22HG_3|Chain	7LG6_2|Chains	37.300	126	4.471E-22	87
22HG_3|Chain	6UKT_6|Chain	42.000	123	8.409E-22	86
22HG_3|Chain	6UKT_5|Chain	41.800	120	2.974E-21	85
22HG_3|Chain	6UKT_3|Chain	43.300	119	4.078E-21	84
22HG_3|Chain	7MY3_2|Chains	39.600	120	1.052E-20	83
9NX1_2|Chains	7EKI_1|Chains	100.000	478	0.000E+00	1012
9NX1_2|Chains	6Y5A_1|Chains	30.200	438	9.934E-57	203
9NX1_2|Chains	6Y5B_1|Chains	30.200	438	9.934E-57	203
9NX1_2|Chains	6Y59_1|Chains	30.200	438	9.934E-57	203
9NX1_2|Chains	7M6S_1|Chains	25.700	244	7.630E-13	67
22HG_2|Chain	7XO5_2|Chain	84.300	588	0.000E+00	1061
22HG_2|Chain	7WSF_1|Chain	83.100	588	0.000E+00	1041
9USW_1|Chains	7VFE_1|Chains	100.000	549	0.000E+00	1105
9VJR_1|Chains	8E4N_1|Chains	98.800	1124	0.000E+00	2256
9VJR_1|Chains	8E4M_1|Chains	98.800	1124	0.000E+00	2256
9VJR_1|Chains	8E4L_1|Chains	98.800	1124	0.000E+00	2256
9VJR_1|Chains	6O6A_1|Chains	82.000	1097	0.000E+00	1881
9VJR_1|Chains	6O6R_1|Chains	82.000	1097	0.000E+00	1881
9VJR_1|Chains	6NR3_1|Chains	80.500	1075	0.000E+00	1804
9VJR_1|Chains	5ZX5_1|Chains	25.800	1214	9.045E-111	384
22HG_1|Chain	6XDG_1|Chain	88.100	186	1.193E-114	357
22HG_1|Chain	7WSF_2|Chain	69.000	181	9.618E-86	274
9UWQ_1|Chain	6UKT_2|Chain	63.500	322	1.439E-126	402
9UAR_1|Chains	7DPW_1|Chains	100.000	556	0.000E+00	1145
9UAR_1|Chains	7DPT_1|Chains	100.000	556	0.000E+00	1145
9UAR_1|Chains	6PK4_1|Chains	66.000	556	4.123E-248	764
11IT_2|Chain	7U9G_3|Chains	86.400	221	8.962E-122	381
11IT_2|Chain	6V4N_2|Chains	83.700	221	3.574E-119	374
11IT_2|Chain	6DFH_3|Chains	84.900	226	1.039E-116	366
11IT_2|Chain	7LG6_6|Chains	82.900	221	3.414E-112	353
11IT_2|Chain	7UCG_5|Chains	79.500	228	8.786E-112	352
11IT_2|Chain	7LL2_3|Chains	80.500	221	1.498E-110	349
11IT_2|Chain	7JHH_6|Chain	73.500	223	6.393E-99	315
11IT_2|Chain	7M74_6|Chain	73.400	222	2.254E-98	314
11IT_2|Chain	6XDG_3|Chain	74.700	221	3.837E-97	310
11IT_2|Chain	7UDS_1|Chains	71.000	221	3.480E-96	307
11IT_2|Chain	6XDG_4|Chain	70.200	221	1.716E-92	297
11IT_2|Chain	6PZZ_3|Chains	69.300	221	2.351E-92	296
11IT_2|Chain	7UCG_2|Chains	68.000	221	2.398E-89	287
11IT_2|Chain	6VTT_2|Chain	64.300	241	7.655E-88	283
11IT_2|Chain	6OZC_4|Chains	67.500	221	9.501E-87	280
11IT_2|Chain	6OPO_5|Chains	64.300	224	9.501E-87	280
11IT_2|Chain	6OPQ_5|Chains	64.300	224	9.501E-87	280
11IT_2|Chain	6X5B_5|Chains	64.300	224	9.501E-87	280
11IT_2|Chain	6OPP_5|Chains	64.300	224	9.501E-87	280
11IT_2|Chain	7PC2_5|Chains	65.000	221	1.463E-84	274
11IT_2|Chain	6NQD_3|Chains	62.000	228	8.051E-79	257
11IT_2|Chain	7LL1_3|Chains	63.400	223	2.069E-78	256
11IT_2|Chain	7LG6_2|Chains	63.400	223	2.069E-78	256
11IT_2|Chain	7L5J_3|Chains	54.500	221	2.394E-67	224
11IT_2|Chain	7PC2_1|Chains	40.500	221	9.589E-42	150
11IT_2|Chain	7RA8_2|Chains	45.900	124	5.586E-30	115
11IT_2|Chain	8CYJ_3|Chain	48.400	128	9.081E-29	112
11IT_2|Chain	7WS5_3|Chains	46.800	125	2.299E-28	111
11IT_2|Chain	6TYS_2|Chains	48.800	127	5.816E-28	109
11IT_2|Chain	7LUC_4|Chains	45.800	129	7.925E-28	109
11IT_2|Chain	8CYJ_2|Chain	48.000	124	2.004E-27	108
11IT_2|Chain	7MFG_3|Chains	46.000	125	6.899E-27	106
11IT_2|Chain	7JHH_7|Chain	48.800	126	1.743E-26	105
11IT_2|Chain	6UKT_4|Chain	47.600	125	3.232E-26	104
11IT_2|Chain	7M74_7|Chain	48.000	124	1.512E-25	102
11IT_2|Chain	6XEY_2|Chains	42.800	125	3.813E-25	101
11IT_2|Chain	7DKJ_2|Chains	41.100	133	3.813E-25	101
11IT_2|Chain	7LUC_2|Chains	43.600	125	1.780E-24	99
11IT_2|Chain	6UKT_3|Chain	45.600	125	2.421E-24	99
11IT_2|Chain	8CYJ_4|Chain	44.000	127	8.293E-24	97
11IT_2|Chain	6UKT_5|Chain	44.000	125	7.132E-23	94
11IT_2|Chain	7WEC_1|Chains	42.300	124	1.792E-22	93
11IT_2|Chain	6UKT_6|Chain	43.600	125	2.435E-22	93
11IT_2|Chain	8CYJ_1|Chain	41.000	127	1.307E-20	88
11IT_2|Chain	7KKL_2|Chains	43.300	125	8.176E-20	85
11IT_2|Chain	7MY3_2|Chains	38.400	125	9.374E-19	82
11IT_2|Chain	7FJE_6|Chain	32.500	173	5.021E-14	68
11IT_2|Chain	7PC2_2|Chains	29.600	221	2.247E-13	66
9TXJ_3|Chain	7L5J_2|Chains	79.100	210	5.586E-107	337
9TXJ_3|Chain	6XDG_2|Chain	66.800	214	2.000E-93	298
9TXJ_3|Chain	6V4N_3|Chains	62.600	214	1.018E-86	278
9TXJ_3|Chain	6PZZ_2|Chains	61.200	214	6.123E-85	273
9TXJ_3|Chain	7JHH_5|Chain	61.600	214	6.123E-85	273
9TXJ_3|Chain	7M74_5|Chain	61.100	211	2.438E-82	266
9TXJ_3|Chain	7LL2_4|Chains	59.400	217	4.578E-82	265
9TXJ_3|Chain	7UDS_2|Chains	61.200	209	1.178E-81	264
9TXJ_3|Chain	6OZC_3|Chains	59.100	213	1.465E-80	261
9TXJ_3|Chain	7LG6_5|Chains	58.200	213	2.751E-80	260
9TXJ_3|Chain	6NQD_4|Chains	58.600	215	7.078E-80	259
9TXJ_3|Chain	6OPQ_2|Chains	55.800	213	7.982E-78	253
9TXJ_3|Chain	6OPO_2|Chains	55.800	213	7.982E-78	253
9TXJ_3|Chain	6X5B_3|Chains	55.800	213	7.982E-78	253
9TXJ_3|Chain	6OPP_1|Chains	55.800	213	7.982E-78	253
9TXJ_3|Chain	7PC2_2|Chains	55.500	215	5.283E-77	250
9TXJ_3|Chain	7PC2_6|Chains	57.700	213	8.997E-76	247
9TXJ_3|Chain	7LL1_4|Chains	54.200	213	5.399E-74	242
9TXJ_3|Chain	7LG6_3|Chains	54.200	213	5.399E-74	242
9TXJ_3|Chain	7U9G_2|Chains	53.000	214	5.085E-67	222
9TXJ_3|Chain	7UCG_6|Chains	48.300	211	5.879E-59	198
9TXJ_3|Chain	6XDG_5|Chain	41.900	209	3.213E-47	164
9TXJ_3|Chain	6DFH_4|Chains	41.300	211	2.113E-46	162
9TXJ_3|Chain	6VTT_3|Chain	39.400	210	1.380E-42	151
9TXJ_3|Chain	7UCG_3|Chains	38.600	206	1.520E-40	145
9TXJ_3|Chain	8DZI_3|Chains	57.700	109	8.721E-36	131
9TXJ_3|Chain	7FJE_6|Chain	28.800	167	2.571E-17	77
9TXJ_3|Chain	7PC2_1|Chains	26.300	215	2.712E-12	62
11IT_3|Chain	6XDG_5|Chain	91.600	216	7.630E-126	392
11IT_3|Chain	7UCG_3|Chains	84.200	216	2.470E-111	351
11IT_3|Chain	6VTT_3|Chain	79.300	217	8.936E-108	340
11IT_3|Chain	6DFH_4|Chains	80.300	213	6.066E-104	329
11IT_3|Chain	7U9G_2|Chains	50.400	217	1.171E-59	201
11IT_3|Chain	6XDG_2|Chain	45.500	209	7.497E-47	164
11IT_3|Chain	6PZZ_2|Chains	45.400	213	2.624E-46	163
11IT_3|Chain	7L5J_2|Chains	46.300	205	9.181E-46	161
11IT_3|Chain	7UCG_6|Chains	45.200	189	1.717E-45	160
11IT_3|Chain	6NQD_4|Chains	43.100	209	1.536E-44	158
11IT_3|Chain	7JHH_5|Chain	44.100	209	3.928E-44	156
11IT_3|Chain	7M74_5|Chain	44.700	197	1.004E-43	155
11IT_3|Chain	6OZC_3|Chains	44.100	201	1.878E-43	154
11IT_3|Chain	6OPQ_2|Chains	44.100	200	1.878E-43	154
11IT_3|Chain	6OPO_2|Chains	44.100	200	1.878E-43	154
11IT_3|Chain	6X5B_3|Chains	44.100	200	1.878E-43	154
11IT_3|Chain	6OPP_1|Chains	44.100	200	1.878E-43	154
11IT_3|Chain	6V4N_3|Chains	42.700	209	8.008E-42	150
11IT_3|Chain	7LG6_5|Chains	41.700	209	1.095E-41	149
11IT_3|Chain	7PC2_2|Chains	42.200	213	1.334E-40	146
11IT_3|Chain	7UDS_2|Chains	42.200	197	3.407E-40	145
11IT_3|Chain	7PC2_6|Chains	41.500	209	1.188E-39	143
11IT_3|Chain	7LL1_4|Chains	40.000	215	4.145E-39	142
11IT_3|Chain	7LG6_3|Chains	40.000	215	4.145E-39	142
11IT_3|Chain	7LL2_4|Chains	40.800	210	7.740E-39	141
11IT_3|Chain	6NQD_3|Chains	29.400	222	5.184E-18	80
11IT_3|Chain	7FJE_6|Chain	33.000	201	5.905E-17	77
11IT_3|Chain	7FJE_5|Chain	28.000	157	1.543E-09	54
9TXJ_2|Chain	7L5J_3|Chains	61.100	218	6.822E-83	268
9TXJ_2|Chain	6PZZ_3|Chains	61.000	221	2.705E-80	261
9TXJ_2|Chain	7M74_6|Chain	55.700	226	1.495E-74	244
9TXJ_2|Chain	7JHH_6|Chain	55.700	226	1.495E-74	244
9TXJ_2|Chain	6XDG_3|Chain	56.100	220	2.539E-73	241
9TXJ_2|Chain	6OPO_5|Chains	56.100	228	4.313E-72	237
9TXJ_2|Chain	6OPQ_5|Chains	56.100	228	4.313E-72	237
9TXJ_2|Chain	6X5B_5|Chains	56.100	228	4.313E-72	237
9TXJ_2|Chain	6OPP_5|Chains	56.100	228	4.313E-72	237
9TXJ_2|Chain	7UCG_2|Chains	56.000	223	5.908E-72	237
9TXJ_2|Chain	6XDG_4|Chain	55.900	220	8.093E-72	236
9TXJ_2|Chain	7PC2_5|Chains	53.800	223	2.110E-68	226
9TXJ_2|Chain	7UDS_1|Chains	52.200	221	1.017E-67	224
9TXJ_2|Chain	7U9G_3|Chains	51.500	223	1.029E-64	216
9TXJ_2|Chain	6VTT_2|Chain	48.900	245	1.409E-64	215
9TXJ_2|Chain	6DFH_3|Chains	52.300	230	1.930E-64	215
9TXJ_2|Chain	7LL1_3|Chains	53.500	227	2.643E-64	214
9TXJ_2|Chain	7LG6_2|Chains	53.000	227	6.789E-64	213
9TXJ_2|Chain	6V4N_2|Chains	50.800	225	2.388E-63	212
9TXJ_2|Chain	7UCG_5|Chains	48.900	232	1.575E-62	209
9TXJ_2|Chain	7LG6_6|Chains	49.700	221	1.948E-61	206
9TXJ_2|Chain	7LL2_3|Chains	49.300	222	3.297E-60	203
9TXJ_2|Chain	6NQD_3|Chains	48.700	232	1.159E-59	201
9TXJ_2|Chain	6OZC_4|Chains	49.100	223	5.578E-59	199
9TXJ_2|Chain	6XEY_2|Chains	61.400	122	7.461E-44	155
9TXJ_2|Chain	7PC2_1|Chains	40.300	221	9.135E-43	152
9TXJ_2|Chain	7MFG_3|Chains	60.000	120	7.956E-39	141
9TXJ_2|Chain	7LUC_2|Chains	57.000	121	7.956E-39	141
9TXJ_2|Chain	7RA8_2|Chains	55.600	124	2.474E-37	136
9TXJ_2|Chain	8DZI_2|Chains	53.700	118	2.202E-36	134
9TXJ_2|Chain	7WS5_3|Chains	50.400	123	4.111E-36	133
9TXJ_2|Chain	6TYS_2|Chains	52.100	119	1.738E-34	128
9TXJ_2|Chain	7WEC_1|Chains	55.600	123	2.374E-34	128
9TXJ_2|Chain	7LUC_4|Chains	46.900	129	1.647E-31	119
9TXJ_2|Chain	8CYJ_3|Chain	47.600	128	3.069E-31	119
9TXJ_2|Chain	7DKJ_2|Chains	45.800	120	9.896E-28	108
9TXJ_2|Chain	7JHH_7|Chain	45.000	121	3.421E-27	107
9TXJ_2|Chain	7M74_7|Chain	45.400	120	4.665E-27	106
9TXJ_2|Chain	8CYJ_4|Chain	42.100	127	2.613E-25	101
9TXJ_2|Chain	7KKL_2|Chains	44.500	119	3.561E-25	101
9TXJ_2|Chain	6UKT_4|Chain	42.900	124	3.561E-25	101
9TXJ_2|Chain	6UKT_3|Chain	43.100	116	6.610E-25	100
9TXJ_2|Chain	8CYJ_2|Chain	42.700	124	1.227E-24	99
9TXJ_2|Chain	6VO1_3|Chains	42.300	118	2.276E-24	98
9TXJ_2|Chain	6UKT_6|Chain	44.000	124	7.829E-24	97
9TXJ_2|Chain	8CYJ_1|Chain	40.000	127	5.866E-22	91
9TXJ_2|Chain	6UKT_5|Chain	40.100	121	6.870E-21	88
9TXJ_2|Chain	7MY3_2|Chains	36.500	121	2.324E-18	81
9TXJ_2|Chain	6DFH_4|Chains	30.400	204	5.812E-18	79
9TXJ_2|Chain	6XDG_5|Chain	30.200	202	1.029E-15	73
9TXJ_2|Chain	7UCG_3|Chains	30.600	202	1.394E-15	72
9TXJ_2|Chain	7L5J_2|Chains	28.500	144	1.175E-11	61
9TXJ_2|Chain	6VTT_3|Chain	26.600	202	1.175E-11	61
9TXJ_2|Chain	6OPQ_2|Chains	27.800	213	5.231E-11	59
9TXJ_2|Chain	6OPO_2|Chains	27.800	213	5.231E-11	59
9TXJ_2|Chain	6X5B_3|Chains	27.800	213	5.231E-11	59
9TXJ_2|Chain	6OPP_1|Chains	27.800	213	5.231E-11	59
9TXJ_2|Chain	7PC2_2|Chains	28.000	213	5.231E-11	59
9TXJ_2|Chain	6XDG_2|Chain	25.700	213	1.458E-08	51
9TXJ_2|Chain	7FJE_6|Chain	25.600	191	2.046E-07	48
9X05_5|Chain	6XDG_3|Chain	85.900	227	8.172E-124	386
9X05_5|Chain	6XDG_4|Chain	85.900	227	2.967E-120	376
9X05_5|Chain	7UDS_1|Chains	82.400	227	9.513E-119	372
9X05_5|Chain	7M74_6|Chain	83.700	227	4.181E-117	367
9X05_5|Chain	7JHH_6|Chain	83.700	227	4.181E-117	367
9X05_5|Chain	6VTT_2|Chain	77.200	246	5.350E-113	355
9X05_5|Chain	6PZZ_3|Chains	74.400	227	7.024E-106	334
9X05_5|Chain	6OZC_4|Chains	75.900	227	7.024E-106	334
9X05_5|Chain	6OPO_5|Chains	70.100	229	4.445E-98	312
9X05_5|Chain	6OPQ_5|Chains	70.100	229	4.445E-98	312
9X05_5|Chain	6X5B_5|Chains	70.100	229	4.445E-98	312
9X05_5|Chain	6OPP_5|Chains	70.100	229	4.445E-98	312
9X05_5|Chain	7UCG_2|Chains	70.000	227	4.035E-97	309
9X05_5|Chain	6DFH_3|Chains	72.800	231	1.038E-96	308
9X05_5|Chain	7UCG_5|Chains	69.600	233	3.662E-96	306
9X05_5|Chain	7LG6_6|Chains	71.400	227	4.133E-94	301
9X05_5|Chain	7LL2_3|Chains	69.100	227	7.761E-94	300
9X05_5|Chain	7U9G_3|Chains	69.400	227	3.750E-93	298
9X05_5|Chain	7PC2_5|Chains	66.600	227	2.483E-92	295
9X05_5|Chain	6V4N_2|Chains	68.700	227	2.253E-91	293
9X05_5|Chain	7LG6_2|Chains	64.200	228	1.227E-88	285
9X05_5|Chain	7LL1_3|Chains	63.700	228	3.158E-88	284
9X05_5|Chain	7L5J_3|Chains	62.800	227	2.355E-85	275
9X05_5|Chain	6NQD_3|Chains	63.500	233	8.300E-85	274
9X05_5|Chain	7PC2_1|Chains	51.800	221	4.514E-60	202
9X05_5|Chain	7WS5_3|Chains	75.300	126	9.455E-55	187
9X05_5|Chain	8CYJ_3|Chain	71.000	128	4.545E-54	185
9X05_5|Chain	6TYS_2|Chains	73.400	128	5.602E-53	182
9X05_5|Chain	8CYJ_4|Chain	66.400	127	2.956E-47	165
9X05_5|Chain	7KKL_2|Chains	67.400	126	7.570E-47	164
9X05_5|Chain	8CYJ_2|Chain	69.000	125	1.417E-46	163
9X05_5|Chain	7JHH_7|Chain	65.000	126	2.132E-44	157
9X05_5|Chain	7M74_7|Chain	64.800	125	5.455E-44	156
9X05_5|Chain	6UKT_4|Chain	65.800	126	1.909E-43	154
9X05_5|Chain	7DKJ_2|Chains	61.500	128	3.195E-42	151
9X05_5|Chain	8CYJ_1|Chain	62.000	127	9.987E-41	146
9X05_5|Chain	6UKT_6|Chain	63.400	126	1.365E-40	146
9X05_5|Chain	6UKT_3|Chain	61.400	126	8.918E-40	143
9X05_5|Chain	7MFG_3|Chains	53.900	126	4.621E-37	136
9X05_5|Chain	8DZI_2|Chains	54.700	126	5.617E-36	132
9X05_5|Chain	7MY3_2|Chains	57.900	126	3.653E-35	130
9X05_5|Chain	6UKT_5|Chain	60.300	126	9.312E-35	129
9X05_5|Chain	7RA8_2|Chains	49.200	126	3.242E-34	127
9X05_5|Chain	6XEY_2|Chains	47.600	126	2.874E-33	124
9X05_5|Chain	7LUC_2|Chains	46.800	126	9.993E-33	123
9X05_5|Chain	6U59_4|Chains	56.900	123	3.473E-32	121
9X05_5|Chain	7LUC_4|Chains	48.100	129	1.647E-31	119
9X05_5|Chain	6VO1_3|Chains	51.100	126	1.065E-30	117
9X05_5|Chain	7WEC_1|Chains	44.400	125	1.033E-25	102
9X05_5|Chain	6DFH_4|Chains	30.700	215	1.452E-17	78
9X05_5|Chain	6OPQ_2|Chains	33.400	222	4.916E-17	77
9X05_5|Chain	6OPO_2|Chains	33.400	222	4.916E-17	77
9X05_5|Chain	6X5B_3|Chains	33.400	222	4.916E-17	77
9X05_5|Chain	6OPP_1|Chains	33.400	222	4.916E-17	77
9X05_5|Chain	7JHH_5|Chain	30.300	222	1.029E-15	73
9X05_5|Chain	7U9G_2|Chains	31.200	201	6.343E-15	70
9X05_5|Chain	7FJE_6|Chain	29.600	174	4.197E-10	56
9X05_3|Chain	7JHH_5|Chain	92.500	214	8.131E-127	394
9X05_3|Chain	6PZZ_2|Chains	91.500	214	1.389E-125	391
9X05_3|Chain	6XDG_2|Chain	89.700	214	1.732E-124	387
9X05_3|Chain	7M74_5|Chain	92.400	211	3.254E-124	387
9X05_3|Chain	6V4N_3|Chains	90.100	214	7.619E-123	383
9X05_3|Chain	6OZC_3|Chains	87.300	213	3.798E-119	372
9X05_3|Chain	7UDS_2|Chains	88.100	211	2.290E-117	367
9X05_3|Chain	7LL2_4|Chains	86.600	217	3.140E-117	366
9X05_3|Chain	6NQD_4|Chains	83.200	215	1.381E-115	362
9X05_3|Chain	7LG6_5|Chains	83.000	213	6.682E-115	360
9X05_3|Chain	6OPQ_2|Chains	83.100	214	3.233E-114	358
9X05_3|Chain	6OPO_2|Chains	83.100	214	3.233E-114	358
9X05_3|Chain	6X5B_3|Chains	83.100	214	3.233E-114	358
9X05_3|Chain	6OPP_1|Chains	83.100	214	3.233E-114	358
9X05_3|Chain	7PC2_2|Chains	80.900	215	1.610E-110	347
9X05_3|Chain	7LL1_4|Chains	79.800	213	1.464E-109	344
9X05_3|Chain	7LG6_3|Chains	79.800	213	1.464E-109	344
9X05_3|Chain	7PC2_6|Chains	80.300	214	6.621E-105	331
9X05_3|Chain	7U9G_2|Chains	73.400	214	1.259E-91	293
9X05_3|Chain	7UCG_6|Chains	68.800	211	6.557E-82	265
9X05_3|Chain	7L5J_2|Chains	61.400	210	8.153E-81	261
9X05_3|Chain	7WS5_2|Chains	86.100	108	1.296E-53	183
9X05_3|Chain	6VO1_4|Chains	80.300	107	3.706E-51	176
9X05_3|Chain	7LUC_5|Chains	75.700	107	2.199E-49	171
9X05_3|Chain	6XDG_5|Chain	44.100	209	9.521E-48	166
9X05_3|Chain	6DFH_4|Chains	44.900	212	2.442E-47	165
9X05_3|Chain	6TYS_3|Chains	74.700	107	5.633E-46	161
9X05_3|Chain	7UCG_3|Chains	44.000	207	1.777E-44	156
9X05_3|Chain	8DZI_3|Chains	68.800	109	3.327E-44	156
9X05_3|Chain	7DKJ_3|Chains	69.100	107	1.433E-42	151
9X05_3|Chain	6VTT_3|Chain	40.600	210	3.671E-42	150
9X05_3|Chain	7MFG_4|Chains	61.100	108	1.133E-37	137
9X05_3|Chain	6U59_3|Chains	56.200	112	9.427E-31	117
9X05_3|Chain	7LUC_3|Chains	50.800	112	9.427E-31	117
9X05_3|Chain	6XDG_3|Chain	30.500	209	9.019E-19	81
9X05_3|Chain	7FJE_6|Chain	30.400	242	9.019E-19	81
9X05_3|Chain	7JHH_6|Chain	29.600	215	1.035E-15	72
9X05_3|Chain	7M74_6|Chain	30.100	208	3.503E-15	71
9X05_3|Chain	6PZZ_3|Chains	28.400	223	4.751E-15	70
9X05_3|Chain	6VTT_2|Chain	28.200	234	2.175E-14	68
9X05_3|Chain	7UCG_5|Chains	27.100	220	5.411E-14	67
9X05_3|Chain	7FJE_5|Chain	31.400	137	2.279E-11	59
9X05_3|Chain	7PC2_1|Chains	25.700	207	8.971E-09	51
9V81_1|Chain	6UKT_2|Chain	42.100	180	2.388E-39	143
26WC_3|Chains	6XDG_2|Chain	70.000	107	2.122E-48	162
26WC_3|Chains	7WS5_2|Chains	71.200	108	3.343E-46	156
26WC_3|Chains	6TYS_3|Chains	70.000	107	1.625E-45	154
26WC_3|Chains	6VO1_4|Chains	65.400	107	4.196E-45	153
26WC_3|Chains	7DKJ_3|Chains	66.300	107	3.839E-44	150
26WC_3|Chains	6PZZ_2|Chains	64.400	107	1.245E-42	145
26WC_3|Chains	7LUC_5|Chains	61.600	107	1.139E-41	143
26WC_3|Chains	6OZC_3|Chains	57.900	107	4.037E-41	141
26WC_3|Chains	6V4N_3|Chains	62.600	107	4.037E-41	141
26WC_3|Chains	6OPQ_2|Chains	54.100	109	1.644E-38	134
26WC_3|Chains	6OPO_2|Chains	54.100	109	1.644E-38	134
26WC_3|Chains	6X5B_3|Chains	54.100	109	1.644E-38	134
26WC_3|Chains	6OPP_1|Chains	54.100	109	1.644E-38	134
26WC_3|Chains	8DZI_3|Chains	55.500	108	1.004E-36	128
26WC_3|Chains	7LUC_3|Chains	54.400	112	4.884E-36	126
26WC_3|Chains	7WEC_2|Chains	51.400	107	2.175E-34	122
26WC_3|Chains	6U59_3|Chains	53.900	112	2.732E-33	119
26WC_3|Chains	7MFG_4|Chains	49.000	108	1.670E-31	113
26WC_3|Chains	6XEY_3|Chains	49.500	106	9.858E-26	97
26WC_3|Chains	7RA8_3|Chains	42.400	106	1.095E-19	79
26WC_3|Chains	6UKT_5|Chain	30.400	105	9.385E-08	45
26WC_3|Chains	8CYJ_4|Chain	30.600	111	3.301E-07	44
26WC_3|Chains	7M74_7|Chain	33.900	105	8.471E-07	42
26WC_3|Chains	7JHH_7|Chain	33.900	105	8.471E-07	42
26WC_3|Chains	8CYJ_2|Chain	29.000	109	2.172E-06	41
26WC_3|Chains	6UKT_4|Chain	27.700	108	4.068E-06	40
26WC_3|Chains	6UKT_6|Chain	30.800	81	4.430E-04	34
11NC_2|Chains	8ENM_2|Chains	100.000	523	0.000E+00	1108
11NC_2|Chains	8CRS_2|Chains	100.000	522	0.000E+00	1106
11NC_2|Chains	8ENO_2|Chains	100.000	522	0.000E+00	1106
11NC_2|Chains	8ENN_2|Chains	100.000	522	0.000E+00	1106
29XZ_1|Chains	7RJE_9|Chains	45.900	180	2.640E-48	166
9UWQ_6|Chain	7S15_1|Chain	30.100	362	3.790E-50	183
9LP0_2|Chain	6XDG_3|Chain	74.100	120	8.777E-55	181
9LP0_2|Chain	6XDG_4|Chain	73.300	120	3.107E-54	179
9LP0_2|Chain	7M74_6|Chain	73.800	126	4.262E-54	179
9LP0_2|Chain	8CYJ_3|Chain	67.100	128	6.119E-51	170
9LP0_2|Chain	7WS5_3|Chains	70.700	123	7.670E-50	167
9LP0_2|Chain	6TYS_2|Chains	69.700	118	1.980E-49	166
9LP0_2|Chain	7UDS_1|Chains	66.900	121	4.670E-48	162
9LP0_2|Chain	7KKL_2|Chains	71.400	119	1.205E-47	160
9LP0_2|Chain	7JHH_7|Chain	65.200	121	3.901E-46	156
9LP0_2|Chain	7L5J_3|Chains	63.800	119	3.901E-46	156
9LP0_2|Chain	7M74_7|Chain	65.000	120	1.381E-45	154
9LP0_2|Chain	8CYJ_2|Chain	66.400	124	1.263E-44	152
9LP0_2|Chain	7DKJ_2|Chains	62.200	122	1.732E-44	151
9LP0_2|Chain	6UKT_4|Chain	63.400	124	6.133E-44	150
9LP0_2|Chain	6UKT_3|Chain	65.200	117	1.447E-42	146
9LP0_2|Chain	6UKT_6|Chain	62.900	124	5.124E-42	144
9LP0_2|Chain	8CYJ_4|Chain	60.600	127	9.642E-42	143
9LP0_2|Chain	6UKT_5|Chain	61.900	121	5.874E-40	138
9LP0_2|Chain	6OZC_4|Chains	57.700	122	2.080E-39	137
9LP0_2|Chain	7MY3_2|Chains	57.000	121	1.386E-38	134
9LP0_2|Chain	8DZI_2|Chains	55.900	118	1.901E-38	134
9LP0_2|Chain	8CYJ_1|Chain	60.400	127	4.908E-38	133
9LP0_2|Chain	7LUC_4|Chains	51.900	129	1.267E-37	132
9LP0_2|Chain	6DFH_3|Chains	53.000	130	2.180E-36	128
9LP0_2|Chain	7MFG_3|Chains	53.700	120	2.990E-36	128
9LP0_2|Chain	7RA8_2|Chains	50.700	126	2.990E-36	128
9LP0_2|Chain	6XEY_2|Chains	50.000	122	1.453E-35	126
9LP0_2|Chain	6PZZ_3|Chains	50.400	121	1.822E-34	123
9LP0_2|Chain	6U59_4|Chains	54.100	119	3.428E-34	122
9LP0_2|Chain	6VO1_3|Chains	55.000	118	2.284E-33	119
9LP0_2|Chain	7LUC_2|Chains	46.200	121	3.592E-31	113
9LP0_2|Chain	7LL2_3|Chains	46.300	122	4.928E-31	113
9LP0_2|Chain	7LG6_6|Chains	51.200	121	6.760E-31	112
9LP0_2|Chain	6OPO_5|Chains	46.000	128	1.272E-30	111
9LP0_2|Chain	6OPQ_5|Chains	46.000	128	1.272E-30	111
9LP0_2|Chain	6X5B_5|Chains	46.000	128	1.272E-30	111
9LP0_2|Chain	6OPP_5|Chains	46.000	128	1.272E-30	111
9LP0_2|Chain	7UCG_2|Chains	47.100	123	1.745E-30	111
9LP0_2|Chain	7PC2_5|Chains	43.000	123	2.743E-28	105
9LP0_2|Chain	7WEC_1|Chains	45.900	123	2.507E-27	102
9LP0_2|Chain	7LL1_3|Chains	36.200	127	1.061E-21	86
9LP0_2|Chain	7LG6_2|Chains	36.200	127	1.061E-21	86
9LP0_2|Chain	8DZI_3|Chains	37.900	115	7.763E-12	57
9LP0_2|Chain	7WS5_2|Chains	32.700	115	2.467E-10	53
9LP0_2|Chain	7WEC_2|Chains	36.200	115	3.378E-10	53
9LP0_2|Chain	6OPQ_2|Chains	35.000	115	6.330E-10	52
9LP0_2|Chain	6OPO_2|Chains	35.000	115	6.330E-10	52
9LP0_2|Chain	6X5B_3|Chains	35.000	115	6.330E-10	52
9LP0_2|Chain	6OPP_1|Chains	35.000	115	6.330E-10	52
9LP0_2|Chain	7LUC_5|Chains	31.800	115	7.791E-09	49
9LP0_2|Chain	6TYS_3|Chains	32.600	101	2.729E-08	47
9LP0_2|Chain	6U59_3|Chains	31.300	115	2.729E-08	47
9IAN_1|Chains	8ENO_1|Chains	31.000	448	1.767E-67	234
9IAN_1|Chains	8ENN_1|Chains	31.000	448	1.767E-67	234
9IAN_1|Chains	8CRS_1|Chains	31.000	448	1.767E-67	234
9IAN_1|Chains	8ENM_1|Chains	31.000	448	1.767E-67	234
9LP0_1|Chains	7YQT_1|Chains	96.500	1205	0.000E+00	2368
9LP0_1|Chains	7UB6_1|Chains	96.400	1205	0.000E+00	2355
9LP0_1|Chains	7WS5_1|Chains	95.600	1205	0.000E+00	2345
9LP0_1|Chains	8DZI_1|Chains	95.600	1205	0.000E+00	2345
9LP0_1|Chains	7XO5_1|Chains	95.300	1205	0.000E+00	2331
9LP0_1|Chains	7WEC_3|Chains	94.800	1205	0.000E+00	2316
9LP0_1|Chains	7RA8_1|Chains	94.700	1208	0.000E+00	2312
9LP0_1|Chains	6XKL_1|Chains	94.700	1208	0.000E+00	2312
9LP0_1|Chains	7MY3_1|Chains	94.700	1208	0.000E+00	2312
9LP0_1|Chains	8CSA_1|Chains	94.500	1208	0.000E+00	2302
9LP0_1|Chains	7EB0_1|Chains	94.400	1208	0.000E+00	2301
9LP0_1|Chains	6VSB_1|Chains	94.300	1208	0.000E+00	2299
9LP0_1|Chains	7KKL_1|Chains	94.300	1208	0.000E+00	2299
9LP0_1|Chains	6XEY_1|Chains	94.300	1208	0.000E+00	2299
9LP0_1|Chains	6ZP5_1|Chains	94.300	1208	0.000E+00	2299
9LP0_1|Chains	7TPH_1|Chains	94.400	1206	0.000E+00	2297
9LP0_1|Chains	7TP7_1|Chains	94.400	1206	0.000E+00	2297
9LP0_1|Chains	7KE7_1|Chains	94.200	1208	0.000E+00	2295
9LP0_1|Chains	7KEC_1|Chains	94.200	1208	0.000E+00	2295
9LP0_1|Chains	7KEA_1|Chains	94.200	1208	0.000E+00	2295
9LP0_1|Chains	7KE9_1|Chains	94.200	1208	0.000E+00	2295
9LP0_1|Chains	7KEB_1|Chains	94.200	1208	0.000E+00	2295
9LP0_1|Chains	7TLB_1|Chains	94.200	1208	0.000E+00	2293
9LP0_1|Chains	7TLA_1|Chains	94.200	1208	0.000E+00	2293
9LP0_1|Chains	7N1U_1|Chains	94.100	1205	0.000E+00	2293
9LP0_1|Chains	7JJI_1|Chains	94.100	1208	0.000E+00	2292
9LP0_1|Chains	7KDH_1|Chains	94.200	1208	0.000E+00	2292
9LP0_1|Chains	8CYJ_5|Chain	94.100	1208	0.000E+00	2291
9LP0_1|Chains	7LYL_1|Chains	94.100	1208	0.000E+00	2290
9LP0_1|Chains	7LYM_1|Chains	94.100	1208	0.000E+00	2290
9LP0_1|Chains	7SBL_1|Chains	94.200	1206	0.000E+00	2290
9LP0_1|Chains	7SBK_1|Chains	94.200	1206	0.000E+00	2290
9LP0_1|Chains	7KRS_1|Chains	94.000	1208	0.000E+00	2288
9LP0_1|Chains	7KDJ_1|Chains	93.900	1208	0.000E+00	2286
9LP0_1|Chains	7E7D_1|Chains	93.900	1208	0.000E+00	2285
9LP0_1|Chains	7SBP_1|Chains	93.800	1208	0.000E+00	2283
9LP0_1|Chains	7SBS_1|Chains	93.700	1208	0.000E+00	2281
9LP0_1|Chains	7N1T_1|Chains	93.700	1205	0.000E+00	2276
9LP0_1|Chains	7N1Q_1|Chains	93.700	1205	0.000E+00	2276
9LP0_1|Chains	6X29_1|Chains	94.100	1193	0.000E+00	2267
9LP0_1|Chains	6ZGF_1|Chains	93.100	1204	0.000E+00	2266
9LP0_1|Chains	6ZOY_1|Chains	93.800	1192	0.000E+00	2265
9LP0_1|Chains	6ZOZ_1|Chains	93.800	1192	0.000E+00	2265
9LP0_1|Chains	7CN4_1|Chains	93.000	1204	0.000E+00	2264
9LP0_1|Chains	6ZP0_1|Chains	93.800	1192	0.000E+00	2263
9LP0_1|Chains	7Y42_1|Chains	94.000	1121	0.000E+00	2140
9LP0_1|Chains	7XU4_1|Chains	93.500	1124	0.000E+00	2136
9LP0_1|Chains	7XU5_1|Chains	93.500	1124	0.000E+00	2136
9LP0_1|Chains	7XU2_1|Chains	93.400	1124	0.000E+00	2134
9LP0_1|Chains	7X27_1|Chains	32.400	972	6.179E-133	453
9QHM_1|Chains	5ZX5_1|Chains	58.800	1228	0.000E+00	1452
9QHM_1|Chains	6BWD_1|Chains	53.500	794	7.478E-256	826
9QHM_1|Chains	6O6A_1|Chains	29.200	1101	6.356E-135	464
9QHM_1|Chains	6O6R_1|Chains	29.200	1101	6.356E-135	464
9QHM_1|Chains	8E4N_1|Chains	28.400	1109	6.203E-130	449
9QHM_1|Chains	8E4M_1|Chains	28.400	1109	6.203E-130	449
9QHM_1|Chains	8E4L_1|Chains	28.400	1109	6.203E-130	449
9QHM_1|Chains	6NR3_1|Chains	28.000	1107	2.488E-124	432
9X05_2|Chain	6DFH_4|Chains	87.400	214	6.502E-119	371
9X05_2|Chain	6XDG_5|Chain	80.700	213	7.312E-107	336
9X05_2|Chain	6VTT_3|Chain	75.800	215	8.516E-102	322
9X05_2|Chain	7UCG_3|Chains	78.400	209	1.167E-101	321
9X05_2|Chain	7UCG_6|Chains	47.600	211	8.644E-57	192
9X05_2|Chain	7U9G_2|Chains	47.900	215	2.220E-56	191
9X05_2|Chain	7L5J_2|Chains	45.200	199	7.922E-47	163
9X05_2|Chain	7LG6_5|Chains	43.100	211	3.806E-46	161
9X05_2|Chain	6OZC_3|Chains	42.500	198	3.080E-44	156
9X05_2|Chain	6XDG_2|Chain	42.100	207	4.215E-44	155
9X05_2|Chain	7LL1_4|Chains	41.100	212	2.768E-43	153
9X05_2|Chain	7LG6_3|Chains	41.100	212	2.768E-43	153
9X05_2|Chain	6OPQ_2|Chains	43.200	199	3.788E-43	153
9X05_2|Chain	6OPO_2|Chains	43.200	199	3.788E-43	153
9X05_2|Chain	6X5B_3|Chains	43.200	199	3.788E-43	153
9X05_2|Chain	6OPP_1|Chains	43.200	199	3.788E-43	153
9X05_2|Chain	6PZZ_2|Chains	42.000	212	5.183E-43	152
9X05_2|Chain	7JHH_5|Chain	41.600	207	1.817E-42	151
9X05_2|Chain	7M74_5|Chain	42.000	193	4.655E-42	149
9X05_2|Chain	6NQD_4|Chains	40.600	212	6.369E-42	149
9X05_2|Chain	7PC2_2|Chains	41.300	213	1.192E-41	148
9X05_2|Chain	7UDS_2|Chains	42.500	193	5.716E-41	146
9X05_2|Chain	6V4N_3|Chains	40.100	207	1.070E-40	145
9X05_2|Chain	7LL2_4|Chains	40.000	214	6.284E-39	140
9X05_2|Chain	7PC2_6|Chains	39.700	205	1.439E-37	136
9X05_2|Chain	7UCG_5|Chains	31.500	224	5.350E-20	85
9X05_2|Chain	7UCG_2|Chains	30.500	213	4.620E-19	82
9X05_2|Chain	7FJE_6|Chain	31.300	213	2.904E-16	74
9Y0C_1|Chains	7RLB_1|Chains	98.500	822	0.000E+00	1611
9Y0C_1|Chains	7RLG_1|Chains	98.500	822	0.000E+00	1611
9Y0C_1|Chains	7RLD_1|Chains	98.500	822	0.000E+00	1611
9Y0C_1|Chains	7JY5_1|Chains	99.800	806	0.000E+00	1608
9Y0C_1|Chains	7RLF_1|Chains	99.700	806	0.000E+00	1607
9Y0C_1|Chains	7RLH_1|Chains	99.700	806	0.000E+00	1606
11NC_1|Chains	8ENM_1|Chains	100.000	492	0.000E+00	1023
11NC_1|Chains	8CRS_1|Chains	100.000	480	0.000E+00	1003
11NC_1|Chains	8ENO_1|Chains	100.000	477	0.000E+00	996
11NC_1|Chains	8ENN_1|Chains	100.000	477	0.000E+00	996
9OVP_1|Chains	7CN4_1|Chains	34.200	1068	7.554E-165	553
9OVP_1|Chains	6ZOY_1|Chains	33.900	1068	1.022E-164	553
9OVP_1|Chains	6ZOZ_1|Chains	33.900	1068	1.022E-164	553
9OVP_1|Chains	8DZI_1|Chains	34.200	1068	1.022E-164	553
9OVP_1|Chains	6VSB_1|Chains	33.800	1068	1.383E-164	552
9OVP_1|Chains	7RA8_1|Chains	33.800	1068	1.383E-164	552
9OVP_1|Chains	7KKL_1|Chains	33.800	1068	1.383E-164	552
9OVP_1|Chains	6XKL_1|Chains	33.800	1068	1.383E-164	552
9OVP_1|Chains	6XEY_1|Chains	33.800	1068	1.383E-164	552
9OVP_1|Chains	6ZP5_1|Chains	33.800	1068	1.383E-164	552
9OVP_1|Chains	7MY3_1|Chains	33.800	1068	1.383E-164	552
9OVP_1|Chains	6ZGF_1|Chains	34.400	1068	3.426E-164	551
9OVP_1|Chains	6ZP0_1|Chains	33.800	1068	4.635E-164	551
9OVP_1|Chains	7TPH_1|Chains	33.800	1068	4.635E-164	551
9OVP_1|Chains	7TP7_1|Chains	33.800	1068	4.635E-164	551
9OVP_1|Chains	7KDJ_1|Chains	34.000	1068	1.553E-163	549
9OVP_1|Chains	7EB0_1|Chains	33.900	1057	2.843E-163	548
9OVP_1|Chains	6X29_1|Chains	33.700	1068	5.202E-163	548
9OVP_1|Chains	7UB6_1|Chains	34.000	1068	7.037E-163	547
9OVP_1|Chains	7LYL_1|Chains	33.700	1068	1.742E-162	546
9OVP_1|Chains	7LYM_1|Chains	33.700	1068	1.742E-162	546
9OVP_1|Chains	7KDH_1|Chains	33.600	1068	2.356E-162	546
9OVP_1|Chains	7KE7_1|Chains	33.600	1068	3.187E-162	545
9OVP_1|Chains	7KEC_1|Chains	33.600	1068	3.187E-162	545
9OVP_1|Chains	7KEA_1|Chains	33.600	1068	3.187E-162	545
9OVP_1|Chains	7KE9_1|Chains	33.600	1068	3.187E-162	545
9OVP_1|Chains	7KEB_1|Chains	33.600	1068	3.187E-162	545
9OVP_1|Chains	8CSA_1|Chains	33.600	1068	3.187E-162	545
9OVP_1|Chains	7X27_1|Chains	31.000	1188	7.610E-148	502
9OVP_1|Chains	7YQT_1|Chains	33.000	1033	1.386E-147	501
9OVP_1|Chains	8CYJ_5|Chain	32.600	1033	2.056E-146	497
9OVP_1|Chains	7SBP_1|Chains	32.300	1033	1.240E-145	495
9OVP_1|Chains	7JJI_1|Chains	32.200	1033	1.672E-145	495
9OVP_1|Chains	7SBL_1|Chains	32.300	1033	1.672E-145	495
9OVP_1|Chains	7SBK_1|Chains	32.300	1033	1.672E-145	495
9OVP_1|Chains	7SBS_1|Chains	30.400	1267	4.105E-145	494
9OVP_1|Chains	7E7D_1|Chains	32.200	1034	2.472E-144	491
9OVP_1|Chains	7WEC_3|Chains	32.700	1033	3.334E-144	491
9OVP_1|Chains	7N1T_1|Chains	32.400	1033	3.334E-144	491
9OVP_1|Chains	7N1Q_1|Chains	32.400	1033	3.334E-144	491
9OVP_1|Chains	7N1U_1|Chains	32.300	1033	4.497E-144	490
9OVP_1|Chains	7KRS_1|Chains	32.400	1033	4.497E-144	490
9OVP_1|Chains	7WS5_1|Chains	32.600	1024	1.103E-143	489
9OVP_1|Chains	7XO5_1|Chains	32.600	1024	1.103E-143	489
9OVP_1|Chains	7TLB_1|Chains	32.100	1024	5.371E-142	484
9OVP_1|Chains	7TLA_1|Chains	32.100	1024	5.371E-142	484
9OVP_1|Chains	7Y42_1|Chains	31.900	946	2.065E-127	439
9OVP_1|Chains	7XU2_1|Chains	31.700	946	7.147E-126	435
9OVP_1|Chains	7XU4_1|Chains	31.700	946	9.600E-126	434
9OVP_1|Chains	7XU5_1|Chains	31.700	946	9.600E-126	434
9X05_1|Chain	6XDG_3|Chain	84.100	221	3.588E-115	361
9X05_1|Chain	6XDG_4|Chain	83.800	221	1.151E-113	357
9X05_1|Chain	7UDS_1|Chains	81.400	221	7.629E-113	354
9X05_1|Chain	7M74_6|Chain	81.700	225	1.785E-111	350
9X05_1|Chain	7JHH_6|Chain	81.700	225	1.785E-111	350
9X05_1|Chain	6VTT_2|Chain	75.000	244	4.724E-108	340
9X05_1|Chain	6OZC_4|Chains	76.500	222	3.304E-101	321
9X05_1|Chain	6PZZ_3|Chains	71.400	221	2.475E-98	312
9X05_1|Chain	7U9G_3|Chains	73.000	222	1.086E-96	308
9X05_1|Chain	6DFH_3|Chains	71.700	229	3.832E-96	306
9X05_1|Chain	7LG6_6|Chains	71.600	221	8.956E-95	302
9X05_1|Chain	6V4N_2|Chains	70.900	224	8.130E-94	299
9X05_1|Chain	7UCG_2|Chains	68.900	222	2.093E-93	298
9X05_1|Chain	6OPO_5|Chains	67.800	227	1.386E-92	296
9X05_1|Chain	6OPQ_5|Chains	67.800	227	1.386E-92	296
9X05_1|Chain	6X5B_5|Chains	67.800	227	1.386E-92	296
9X05_1|Chain	6OPP_5|Chains	67.800	227	1.386E-92	296
9X05_1|Chain	7UCG_5|Chains	68.500	231	3.567E-92	295
9X05_1|Chain	7LL2_3|Chains	67.500	221	1.420E-89	287
9X05_1|Chain	7PC2_5|Chains	65.700	222	2.420E-88	284
9X05_1|Chain	7LG6_2|Chains	63.100	226	1.992E-86	278
9X05_1|Chain	7LL1_3|Chains	62.700	226	5.126E-86	277
9X05_1|Chain	6NQD_3|Chains	61.800	231	1.109E-80	261
9X05_1|Chain	7L5J_3|Chains	59.500	220	2.345E-78	255
9X05_1|Chain	7PC2_1|Chains	54.900	221	3.116E-65	217
9X05_1|Chain	8CYJ_3|Chain	68.700	128	8.264E-50	172
9X05_1|Chain	7WS5_3|Chains	73.100	123	5.432E-49	170
9X05_1|Chain	6TYS_2|Chains	66.900	124	3.543E-45	159
9X05_1|Chain	7KKL_2|Chains	68.800	122	4.847E-45	158
9X05_1|Chain	7JHH_7|Chain	65.500	122	1.868E-42	151
9X05_1|Chain	7M74_7|Chain	65.200	121	4.781E-42	150
9X05_1|Chain	8CYJ_2|Chain	64.500	124	1.095E-40	146
9X05_1|Chain	6UKT_4|Chain	62.900	124	2.801E-40	145
9X05_1|Chain	8CYJ_4|Chain	62.700	127	6.402E-39	141
9X05_1|Chain	6UKT_6|Chain	61.600	124	9.531E-37	134
9X05_1|Chain	7DKJ_2|Chains	57.900	124	9.531E-37	134
9X05_1|Chain	6UKT_3|Chain	59.000	122	1.586E-35	131
9X05_1|Chain	6XEY_2|Chains	50.800	122	5.532E-35	129
9X05_1|Chain	8CYJ_1|Chain	59.200	127	7.560E-35	129
9X05_1|Chain	7MY3_2|Chains	56.800	122	1.714E-33	125
9X05_1|Chain	6UKT_5|Chain	59.000	122	1.521E-32	122
9X05_1|Chain	7MFG_3|Chains	50.400	122	2.078E-32	122
9X05_1|Chain	8DZI_2|Chains	50.800	122	2.514E-31	119
9X05_1|Chain	7LUC_4|Chains	48.800	129	4.687E-31	118
9X05_1|Chain	7LUC_2|Chains	45.900	122	2.224E-30	116
9X05_1|Chain	7RA8_2|Chains	44.800	124	2.224E-30	116
9X05_1|Chain	6U59_4|Chains	53.700	119	6.815E-29	111
9X05_1|Chain	7WEC_1|Chains	47.100	123	8.190E-28	108
9X05_1|Chain	6VO1_3|Chains	47.100	122	6.313E-26	103
9X05_1|Chain	6XDG_5|Chain	32.000	207	5.011E-18	79
9X05_1|Chain	7UCG_3|Chains	31.900	207	4.260E-17	77
9X05_1|Chain	6DFH_4|Chains	32.400	207	4.260E-17	77
9X05_1|Chain	7JHH_5|Chain	30.000	218	4.109E-15	71
9X05_1|Chain	7FJE_6|Chain	29.200	166	1.897E-07	48
11MT_1|Chains	7DKJ_1|Chains	42.600	559	9.425E-146	467
11MT_1|Chains	7MFG_1|Chains	35.800	325	3.488E-65	231
26WC_2|Chains	6XEY_2|Chains	62.200	122	3.723E-46	156
26WC_2|Chains	6PZZ_3|Chains	60.600	122	6.404E-45	153
26WC_2|Chains	7LUC_2|Chains	56.100	121	1.733E-41	143
26WC_2|Chains	7MFG_3|Chains	60.800	120	8.418E-41	141
26WC_2|Chains	7M74_6|Chain	50.300	127	1.816E-38	134
26WC_2|Chains	7WEC_1|Chains	55.200	123	3.418E-38	133
26WC_2|Chains	7RA8_2|Chains	54.700	126	6.433E-38	132
26WC_2|Chains	8DZI_2|Chains	53.300	118	5.882E-37	130
26WC_2|Chains	7LUC_4|Chains	50.300	129	5.882E-37	130
26WC_2|Chains	6XDG_3|Chain	51.600	121	5.378E-36	127
26WC_2|Chains	6XDG_4|Chain	50.000	121	1.741E-34	123
26WC_2|Chains	6TYS_2|Chains	48.700	119	4.110E-33	119
26WC_2|Chains	7L5J_3|Chains	45.800	120	4.110E-33	119
26WC_2|Chains	7WS5_3|Chains	45.500	123	1.061E-32	117
26WC_2|Chains	7UDS_1|Chains	46.700	122	1.061E-32	117
26WC_2|Chains	6OPO_5|Chains	46.500	129	2.740E-32	116
26WC_2|Chains	6OPQ_5|Chains	46.500	129	2.740E-32	116
26WC_2|Chains	6X5B_5|Chains	46.500	129	2.740E-32	116
26WC_2|Chains	6OPP_5|Chains	46.500	129	2.740E-32	116
26WC_2|Chains	7PC2_5|Chains	47.500	124	5.156E-32	115
26WC_2|Chains	7DKJ_2|Chains	47.500	122	6.466E-31	112
26WC_2|Chains	8CYJ_3|Chain	42.900	128	4.309E-30	110
26WC_2|Chains	6UKT_4|Chain	48.000	124	5.912E-30	109
26WC_2|Chains	6VO1_3|Chains	44.000	118	1.526E-29	108
26WC_2|Chains	7LL1_3|Chains	47.200	128	3.940E-29	107
26WC_2|Chains	7LG6_2|Chains	47.200	128	3.940E-29	107
26WC_2|Chains	7JHH_7|Chain	43.800	121	3.601E-28	104
26WC_2|Chains	7M74_7|Chain	43.300	120	1.275E-27	103
26WC_2|Chains	8CYJ_2|Chain	42.700	124	4.516E-27	101
26WC_2|Chains	7KKL_2|Chains	46.200	119	6.195E-27	101
26WC_2|Chains	7LG6_6|Chains	42.600	122	6.195E-27	101
26WC_2|Chains	7LL2_3|Chains	43.500	123	1.166E-26	100
26WC_2|Chains	6UKT_3|Chain	43.400	115	2.193E-26	99
26WC_2|Chains	8CYJ_4|Chain	39.300	127	1.335E-24	94
26WC_2|Chains	6UKT_6|Chain	42.400	124	1.335E-24	94
26WC_2|Chains	6U59_4|Chains	43.800	119	1.220E-23	91
26WC_2|Chains	7MY3_2|Chains	38.500	121	3.148E-23	90
26WC_2|Chains	6UKT_5|Chain	41.800	121	1.114E-22	89
26WC_2|Chains	8CYJ_1|Chain	38.200	127	1.396E-21	85
26WC_2|Chains	6OZC_4|Chains	36.200	124	1.396E-21	85
26WC_2|Chains	6OPQ_2|Chains	29.500	113	8.819E-05	37
26WC_2|Chains	6OPO_2|Chains	29.500	113	8.819E-05	37
26WC_2|Chains	6X5B_3|Chains	29.500	113	8.819E-05	37
26WC_2|Chains	6OPP_1|Chains	29.500	113	8.819E-05	37
26WC_2|Chains	7MFG_4|Chains	29.100	97	1.203E-04	36
9U7T_1|Chain	8G46_1|Chain	72.200	1158	0.000E+00	1563
11IT_1|Chain	8DZI_1|Chains	93.600	1253	0.000E+00	2391
11IT_1|Chain	7UB6_1|Chains	94.400	1247	0.000E+00	2389
11IT_1|Chain	7RA8_1|Chains	92.600	1256	0.000E+00	2359
11IT_1|Chain	6XKL_1|Chains	92.600	1256	0.000E+00	2359
11IT_1|Chain	7MY3_1|Chains	92.600	1256	0.000E+00	2359
11IT_1|Chain	8CSA_1|Chains	92.500	1256	0.000E+00	2348
11IT_1|Chain	6VSB_1|Chains	92.300	1256	0.000E+00	2345
11IT_1|Chain	7KKL_1|Chains	92.300	1256	0.000E+00	2345
11IT_1|Chain	6XEY_1|Chains	92.300	1256	0.000E+00	2345
11IT_1|Chain	6ZP5_1|Chains	92.300	1256	0.000E+00	2345
11IT_1|Chain	7TPH_1|Chains	92.600	1252	0.000E+00	2343
11IT_1|Chain	7TP7_1|Chains	92.600	1252	0.000E+00	2343
11IT_1|Chain	7KE7_1|Chains	92.200	1256	0.000E+00	2341
11IT_1|Chain	7KEC_1|Chains	92.200	1256	0.000E+00	2341
11IT_1|Chain	7KEA_1|Chains	92.200	1256	0.000E+00	2341
11IT_1|Chain	7KE9_1|Chains	92.200	1256	0.000E+00	2341
11IT_1|Chain	7KEB_1|Chains	92.200	1256	0.000E+00	2341
11IT_1|Chain	6X29_1|Chains	92.200	1256	0.000E+00	2339
11IT_1|Chain	7KDH_1|Chains	92.200	1256	0.000E+00	2338
11IT_1|Chain	7EB0_1|Chains	91.400	1266	0.000E+00	2337
11IT_1|Chain	7LYL_1|Chains	92.300	1254	0.000E+00	2337
11IT_1|Chain	7LYM_1|Chains	92.300	1254	0.000E+00	2337
11IT_1|Chain	7YQT_1|Chains	96.200	1190	0.000E+00	2335
11IT_1|Chain	7KDJ_1|Chains	92.000	1256	0.000E+00	2334
11IT_1|Chain	6ZOY_1|Chains	92.100	1245	0.000E+00	2326
11IT_1|Chain	6ZOZ_1|Chains	92.100	1245	0.000E+00	2326
11IT_1|Chain	6ZP0_1|Chains	92.100	1245	0.000E+00	2325
11IT_1|Chain	7WS5_1|Chains	95.400	1188	0.000E+00	2316
11IT_1|Chain	7XO5_1|Chains	95.100	1188	0.000E+00	2303
11IT_1|Chain	7CN4_1|Chains	91.400	1242	0.000E+00	2303
11IT_1|Chain	6ZGF_1|Chains	91.900	1235	0.000E+00	2303
11IT_1|Chain	7WEC_3|Chains	94.400	1196	0.000E+00	2295
11IT_1|Chain	7N1U_1|Chains	93.600	1196	0.000E+00	2273
11IT_1|Chain	8CYJ_5|Chain	93.600	1199	0.000E+00	2271
11IT_1|Chain	7JJI_1|Chains	93.600	1199	0.000E+00	2271
11IT_1|Chain	7SBL_1|Chains	93.900	1195	0.000E+00	2269
11IT_1|Chain	7SBK_1|Chains	93.900	1195	0.000E+00	2269
11IT_1|Chain	7KRS_1|Chains	93.500	1199	0.000E+00	2267
11IT_1|Chain	7TLB_1|Chains	93.900	1191	0.000E+00	2265
11IT_1|Chain	7TLA_1|Chains	93.900	1191	0.000E+00	2265
11IT_1|Chain	7E7D_1|Chains	93.400	1200	0.000E+00	2265
11IT_1|Chain	7SBS_1|Chains	93.800	1195	0.000E+00	2263
11IT_1|Chain	7SBP_1|Chains	93.400	1199	0.000E+00	2262
11IT_1|Chain	7N1T_1|Chains	93.400	1194	0.000E+00	2256
11IT_1|Chain	7N1Q_1|Chains	93.400	1194	0.000E+00	2256
11IT_1|Chain	7Y42_1|Chains	94.100	1121	0.000E+00	2140
11IT_1|Chain	7XU4_1|Chains	93.000	1126	0.000E+00	2130
11IT_1|Chain	7XU5_1|Chains	93.000	1126	0.000E+00	2130
11IT_1|Chain	7XU2_1|Chains	92.900	1126	0.000E+00	2127
11IT_1|Chain	7X27_1|Chains	32.400	972	4.759E-132	452
9LP0_3|Chain	8DZI_3|Chains	88.600	106	9.716E-62	200
9LP0_3|Chain	7WEC_2|Chains	82.800	105	9.307E-58	189
9LP0_3|Chain	7MFG_4|Chains	78.300	106	3.456E-54	179
9LP0_3|Chain	7WS5_2|Chains	66.900	105	8.232E-46	154
9LP0_3|Chain	6VO1_4|Chains	64.100	106	2.669E-44	150
9LP0_3|Chain	7LUC_5|Chains	64.700	105	2.443E-43	147
9LP0_3|Chain	7DKJ_3|Chains	58.000	105	6.637E-40	138
9LP0_3|Chain	6TYS_3|Chains	59.000	105	1.714E-39	136
9LP0_3|Chain	7LUC_3|Chains	55.400	110	1.805E-36	128
9LP0_3|Chain	6U59_3|Chains	52.700	110	9.251E-33	117
9LP0_3|Chain	6XEY_3|Chains	48.500	106	2.309E-28	104
9LP0_3|Chain	7RA8_3|Chains	51.300	110	2.309E-28	104
9LP0_3|Chain	6UKT_4|Chain	31.400	108	8.821E-11	54
9LP0_3|Chain	6UKT_3|Chain	33.300	109	5.858E-10	51
9LP0_3|Chain	6UKT_5|Chain	33.000	100	5.858E-10	51
9LP0_3|Chain	7M74_7|Chain	33.300	116	8.031E-10	51
9LP0_3|Chain	7JHH_7|Chain	33.300	116	8.031E-10	51
9LP0_3|Chain	7KKL_2|Chains	35.300	114	1.509E-09	50
9LP0_3|Chain	8CYJ_4|Chain	32.500	122	2.069E-09	50
9LP0_3|Chain	8CYJ_2|Chain	31.400	120	2.574E-08	47
9LP0_3|Chain	6VO1_3|Chains	30.300	112	1.701E-07	44
9LP0_3|Chain	8CYJ_3|Chain	30.600	123	3.191E-07	44
9LP0_3|Chain	6UKT_6|Chain	32.600	103	5.984E-07	43
9LP0_3|Chain	7MY3_2|Chains	31.300	86	1.536E-06	42
9IAN_2|Chains	8CRS_2|Chains	28.600	450	2.501E-44	165
9IAN_2|Chains	8ENO_2|Chains	28.600	450	2.501E-44	165
9IAN_2|Chains	8ENN_2|Chains	28.600	450	2.501E-44	165
9IAN_2|Chains	8ENM_2|Chains	28.600	450	2.501E-44	165
29XZ_2|Chains	7RJE_1|Chains	47.100	380	1.744E-114	371
9T9U_1|Chains	5ZX5_1|Chains	58.800	1228	0.000E+00	1452
9T9U_1|Chains	6BWD_1|Chains	53.500	794	7.478E-256	826
9T9U_1|Chains	6O6A_1|Chains	29.200	1101	6.356E-135	464
9T9U_1|Chains	6O6R_1|Chains	29.200	1101	6.356E-135	464
9T9U_1|Chains	8E4N_1|Chains	28.400	1109	6.203E-130	449
9T9U_1|Chains	8E4M_1|Chains	28.400	1109	6.203E-130	449
9T9U_1|Chains	8E4L_1|Chains	28.400	1109	6.203E-130	449
9T9U_1|Chains	6NR3_1|Chains	28.000	1107	2.488E-124	432
22HG_4|Chain	6XDG_5|Chain	86.600	112	1.705E-57	188
22HG_4|Chain	6XEY_3|Chains	80.300	112	4.609E-54	179
22HG_4|Chain	7RA8_3|Chains	68.100	113	6.095E-43	147
22HG_4|Chain	6VTT_3|Chain	60.700	112	1.652E-39	137
22HG_4|Chain	7U9G_2|Chains	59.800	112	1.157E-35	126
22HG_4|Chain	7WS5_2|Chains	51.400	105	3.467E-26	98
22HG_4|Chain	6VO1_4|Chains	50.000	109	8.191E-25	94
22HG_4|Chain	8DZI_3|Chains	50.000	109	1.542E-24	94
22HG_4|Chain	6TYS_3|Chains	48.500	105	1.028E-23	91
22HG_4|Chain	6U59_3|Chains	49.500	109	1.935E-23	91
22HG_4|Chain	7DKJ_3|Chains	44.700	105	9.401E-23	89
22HG_4|Chain	7WEC_2|Chains	48.100	109	1.769E-22	88
22HG_4|Chain	7LUC_5|Chains	46.700	108	6.267E-22	86
22HG_4|Chain	7LUC_3|Chains	44.600	109	4.786E-19	78
22HG_4|Chain	7MFG_4|Chains	43.500	107	1.694E-18	76
22HG_4|Chain	7KKL_2|Chains	35.200	103	2.562E-09	50
22HG_4|Chain	6UKT_5|Chain	33.900	105	2.562E-09	50
22HG_4|Chain	6UKT_3|Chain	36.100	99	2.312E-08	47
22HG_4|Chain	7M74_7|Chain	32.700	106	9.960E-07	42
22HG_4|Chain	7JHH_7|Chain	32.700	106	9.960E-07	42
9V81_4|Chain	7WVF_4|Chain	47.800	265	3.055E-62	211
9V81_4|Chain	6VTT_2|Chain	38.200	256	1.023E-39	145
9V81_4|Chain	7UCG_2|Chains	32.500	264	1.075E-28	113
9V81_4|Chain	7UCG_5|Chains	30.700	264	5.786E-25	102
9V81_4|Chain	6V4N_2|Chains	31.500	265	1.966E-24	100
9V81_4|Chain	6NQD_3|Chains	26.000	264	3.490E-13	66
29XZ_3|Chains	7RJE_4|Chains	32.600	253	1.106E-30	118
9Y0B_1|Chains	7RLB_1|Chains	98.500	822	0.000E+00	1611
9Y0B_1|Chains	7RLG_1|Chains	98.500	822	0.000E+00	1611
9Y0B_1|Chains	7RLD_1|Chains	98.500	822	0.000E+00	1611
9Y0B_1|Chains	7JY5_1|Chains	99.800	806	0.000E+00	1608
9Y0B_1|Chains	7RLF_1|Chains	99.700	806	0.000E+00	1607
9Y0B_1|Chains	7RLH_1|Chains	99.700	806	0.000E+00	1606
9R6S_1|Chains	7X27_1|Chains	33.400	959	1.882E-144	491
9R6S_1|Chains	7WS5_1|Chains	30.300	1259	3.427E-144	490
9R6S_1|Chains	7XO5_1|Chains	30.300	1259	3.427E-144	490
9R6S_1|Chains	8DZI_1|Chains	30.300	1259	3.427E-144	490
9R6S_1|Chains	7YQT_1|Chains	33.100	1024	6.242E-144	489
9R6S_1|Chains	6VSB_1|Chains	30.000	1259	2.070E-143	488
9R6S_1|Chains	7RA8_1|Chains	30.000	1259	2.070E-143	488
9R6S_1|Chains	7KKL_1|Chains	30.000	1259	2.070E-143	488
9R6S_1|Chains	6XKL_1|Chains	30.000	1259	2.070E-143	488
9R6S_1|Chains	6XEY_1|Chains	30.000	1259	2.070E-143	488
9R6S_1|Chains	6ZP5_1|Chains	30.000	1259	2.070E-143	488
9R6S_1|Chains	7MY3_1|Chains	30.000	1259	2.070E-143	488
9R6S_1|Chains	7EB0_1|Chains	30.000	1259	2.793E-143	487
9R6S_1|Chains	7TPH_1|Chains	30.400	1259	6.861E-143	486
9R6S_1|Chains	7TP7_1|Chains	30.400	1259	6.861E-143	486
9R6S_1|Chains	8CYJ_5|Chain	30.100	1259	9.257E-143	486
9R6S_1|Chains	7SBS_1|Chains	30.200	1259	1.685E-142	485
9R6S_1|Chains	7JJI_1|Chains	30.100	1259	3.067E-142	484
9R6S_1|Chains	7SBL_1|Chains	30.400	1259	3.067E-142	484
9R6S_1|Chains	7SBK_1|Chains	30.400	1259	3.067E-142	484
9R6S_1|Chains	7SBP_1|Chains	30.200	1259	3.067E-142	484
9R6S_1|Chains	7CN4_1|Chains	30.100	1259	5.582E-142	483
9R6S_1|Chains	6ZGF_1|Chains	30.100	1259	5.582E-142	483
9R6S_1|Chains	7TLB_1|Chains	29.900	1259	7.530E-142	483
9R6S_1|Chains	7TLA_1|Chains	29.900	1259	7.530E-142	483
9R6S_1|Chains	7UB6_1|Chains	30.300	1259	1.370E-141	482
9R6S_1|Chains	6ZOY_1|Chains	32.100	1024	3.363E-141	481
9R6S_1|Chains	6ZOZ_1|Chains	32.100	1024	3.363E-141	481
9R6S_1|Chains	7KDH_1|Chains	29.800	1259	3.363E-141	481
9R6S_1|Chains	7LYL_1|Chains	29.700	1259	3.363E-141	481
9R6S_1|Chains	7LYM_1|Chains	29.700	1259	3.363E-141	481
9R6S_1|Chains	6X29_1|Chains	32.000	1024	4.536E-141	481
9R6S_1|Chains	7KE7_1|Chains	29.800	1259	4.536E-141	481
9R6S_1|Chains	7KEC_1|Chains	29.800	1259	4.536E-141	481
9R6S_1|Chains	7KEA_1|Chains	29.800	1259	4.536E-141	481
9R6S_1|Chains	7KE9_1|Chains	29.800	1259	4.536E-141	481
9R6S_1|Chains	7KEB_1|Chains	29.800	1259	4.536E-141	481
9R6S_1|Chains	8CSA_1|Chains	29.800	1259	4.536E-141	481
9R6S_1|Chains	7N1U_1|Chains	29.800	1259	6.118E-141	480
9R6S_1|Chains	7WEC_3|Chains	30.500	1259	8.252E-141	480
9R6S_1|Chains	7KDJ_1|Chains	30.100	1259	8.252E-141	480
9R6S_1|Chains	6ZP0_1|Chains	32.000	1024	1.501E-140	479
9R6S_1|Chains	7N1T_1|Chains	29.800	1259	1.501E-140	479
9R6S_1|Chains	7N1Q_1|Chains	29.800	1259	1.501E-140	479
9R6S_1|Chains	7E7D_1|Chains	30.000	1259	1.501E-140	479
9R6S_1|Chains	7KRS_1|Chains	30.000	1259	2.024E-140	479
9R6S_1|Chains	7Y42_1|Chains	31.600	946	1.164E-124	430
9R6S_1|Chains	7XU2_1|Chains	31.300	946	4.034E-123	426
9R6S_1|Chains	7XU4_1|Chains	31.300	946	5.420E-123	425
9R6S_1|Chains	7XU5_1|Chains	31.300	946	5.420E-123	425
