9YSR_2|Chain	8DZI_1|Chains	95.400	1285	0.000E+00	2495
9YSR_2|Chain	7UB6_1|Chains	94.400	1285	0.000E+00	2460
9YSR_2|Chain	7RA8_1|Chains	94.300	1288	0.000E+00	2460
9YSR_2|Chain	6XKL_1|Chains	94.300	1288	0.000E+00	2460
9YSR_2|Chain	7MY3_1|Chains	94.300	1288	0.000E+00	2460
9YSR_2|Chain	8CSA_1|Chains	94.100	1288	0.000E+00	2449
9YSR_2|Chain	6VSB_1|Chains	94.000	1288	0.000E+00	2446
9YSR_2|Chain	7KKL_1|Chains	94.000	1288	0.000E+00	2446
9YSR_2|Chain	6XEY_1|Chains	94.000	1288	0.000E+00	2446
9YSR_2|Chain	6ZP5_1|Chains	94.000	1288	0.000E+00	2446
9YSR_2|Chain	7KE7_1|Chains	93.900	1288	0.000E+00	2442
9YSR_2|Chain	7KEC_1|Chains	93.900	1288	0.000E+00	2442
9YSR_2|Chain	7KEA_1|Chains	93.900	1288	0.000E+00	2442
9YSR_2|Chain	7KE9_1|Chains	93.900	1288	0.000E+00	2442
9YSR_2|Chain	7KEB_1|Chains	93.900	1288	0.000E+00	2442
9YSR_2|Chain	7KDH_1|Chains	93.800	1288	0.000E+00	2439
9YSR_2|Chain	7LYL_1|Chains	93.700	1288	0.000E+00	2437
9YSR_2|Chain	7LYM_1|Chains	93.700	1288	0.000E+00	2437
9YSR_2|Chain	7KDJ_1|Chains	93.600	1288	0.000E+00	2434
9YSR_2|Chain	7TPH_1|Chains	93.700	1286	0.000E+00	2431
9YSR_2|Chain	7TP7_1|Chains	93.700	1286	0.000E+00	2431
9YSR_2|Chain	6X29_1|Chains	93.800	1273	0.000E+00	2420
9YSR_2|Chain	7EB0_1|Chains	91.200	1283	0.000E+00	2339
9YSR_2|Chain	7WS5_1|Chains	95.100	1205	0.000E+00	2325
9YSR_2|Chain	7XO5_1|Chains	94.700	1205	0.000E+00	2312
9YSR_2|Chain	6ZOY_1|Chains	91.300	1244	0.000E+00	2308
9YSR_2|Chain	6ZOZ_1|Chains	91.300	1244	0.000E+00	2308
9YSR_2|Chain	6ZP0_1|Chains	91.300	1244	0.000E+00	2307
9YSR_2|Chain	7YQT_1|Chains	94.200	1205	0.000E+00	2303
9YSR_2|Chain	7KRS_1|Chains	88.200	1310	0.000E+00	2299
9YSR_2|Chain	7WEC_3|Chains	94.200	1205	0.000E+00	2297
9YSR_2|Chain	7N1U_1|Chains	88.600	1305	0.000E+00	2297
9YSR_2|Chain	7SBS_1|Chains	88.100	1310	0.000E+00	2297
9YSR_2|Chain	7CN4_1|Chains	89.500	1267	0.000E+00	2296
9YSR_2|Chain	7N1T_1|Chains	88.600	1305	0.000E+00	2294
9YSR_2|Chain	7N1Q_1|Chains	88.600	1305	0.000E+00	2294
9YSR_2|Chain	7SBP_1|Chains	88.000	1310	0.000E+00	2293
9YSR_2|Chain	7SBL_1|Chains	88.000	1308	0.000E+00	2289
9YSR_2|Chain	7SBK_1|Chains	88.000	1308	0.000E+00	2289
9YSR_2|Chain	6ZGF_1|Chains	90.200	1252	0.000E+00	2287
9YSR_2|Chain	7TLB_1|Chains	93.400	1208	0.000E+00	2271
9YSR_2|Chain	7TLA_1|Chains	93.400	1208	0.000E+00	2271
9YSR_2|Chain	7JJI_1|Chains	93.300	1208	0.000E+00	2270
9YSR_2|Chain	8CYJ_5|Chain	93.300	1208	0.000E+00	2269
9YSR_2|Chain	7E7D_1|Chains	93.200	1208	0.000E+00	2262
9YSR_2|Chain	7XU4_1|Chains	92.900	1124	0.000E+00	2119
9YSR_2|Chain	7XU5_1|Chains	92.900	1124	0.000E+00	2119
9YSR_2|Chain	7Y42_1|Chains	93.200	1121	0.000E+00	2118
9YSR_2|Chain	7XU2_1|Chains	92.800	1124	0.000E+00	2116
9YSR_2|Chain	7X27_1|Chains	32.300	983	2.473E-132	453
11NW_1|Chains	7KA3_1|Chains	100.000	343	1.611E-231	704
11NW_1|Chains	7KA2_1|Chains	100.000	343	1.611E-231	704
11NW_1|Chains	7K9X_1|Chains	100.000	343	1.611E-231	704
11NW_1|Chains	7KA4_1|Chains	100.000	343	1.611E-231	704
11NW_1|Chains	7VDC_1|Chains	100.000	343	1.611E-231	704
11NW_1|Chains	8EHG_1|Chains	100.000	343	1.611E-231	704
11NW_1|Chains	8D44_1|Chains	71.800	341	4.518E-164	509
9LL8_3|Chain	6UKT_2|Chain	98.400	323	6.181E-215	656
9RGN_1|Chains	7M6S_1|Chains	29.400	303	2.950E-35	134
9ZCV_1|Chains	8E4N_1|Chains	93.700	1103	0.000E+00	2137
9ZCV_1|Chains	8E4M_1|Chains	93.700	1103	0.000E+00	2137
9ZCV_1|Chains	8E4L_1|Chains	93.700	1103	0.000E+00	2137
9ZCV_1|Chains	6O6A_1|Chains	82.500	1097	0.000E+00	1901
9ZCV_1|Chains	6O6R_1|Chains	82.500	1097	0.000E+00	1901
9ZCV_1|Chains	6NR3_1|Chains	81.000	1075	0.000E+00	1821
9ZCV_1|Chains	5ZX5_1|Chains	26.200	1214	5.787E-115	396
9OVN_1|Chains	7CN4_1|Chains	34.200	1068	7.554E-165	553
9OVN_1|Chains	6ZOY_1|Chains	33.900	1068	1.022E-164	553
9OVN_1|Chains	6ZOZ_1|Chains	33.900	1068	1.022E-164	553
9OVN_1|Chains	8DZI_1|Chains	34.200	1068	1.022E-164	553
9OVN_1|Chains	6VSB_1|Chains	33.800	1068	1.383E-164	552
9OVN_1|Chains	7RA8_1|Chains	33.800	1068	1.383E-164	552
9OVN_1|Chains	7KKL_1|Chains	33.800	1068	1.383E-164	552
9OVN_1|Chains	6XKL_1|Chains	33.800	1068	1.383E-164	552
9OVN_1|Chains	6XEY_1|Chains	33.800	1068	1.383E-164	552
9OVN_1|Chains	6ZP5_1|Chains	33.800	1068	1.383E-164	552
9OVN_1|Chains	7MY3_1|Chains	33.800	1068	1.383E-164	552
9OVN_1|Chains	6ZGF_1|Chains	34.400	1068	3.426E-164	551
9OVN_1|Chains	6ZP0_1|Chains	33.800	1068	4.635E-164	551
9OVN_1|Chains	7TPH_1|Chains	33.800	1068	4.635E-164	551
9OVN_1|Chains	7TP7_1|Chains	33.800	1068	4.635E-164	551
9OVN_1|Chains	7KDJ_1|Chains	34.000	1068	1.553E-163	549
9OVN_1|Chains	7EB0_1|Chains	33.900	1057	2.843E-163	548
9OVN_1|Chains	6X29_1|Chains	33.700	1068	5.202E-163	548
9OVN_1|Chains	7UB6_1|Chains	34.000	1068	7.037E-163	547
9OVN_1|Chains	7LYL_1|Chains	33.700	1068	1.742E-162	546
9OVN_1|Chains	7LYM_1|Chains	33.700	1068	1.742E-162	546
9OVN_1|Chains	7KDH_1|Chains	33.600	1068	2.356E-162	546
9OVN_1|Chains	7KE7_1|Chains	33.600	1068	3.187E-162	545
9OVN_1|Chains	7KEC_1|Chains	33.600	1068	3.187E-162	545
9OVN_1|Chains	7KEA_1|Chains	33.600	1068	3.187E-162	545
9OVN_1|Chains	7KE9_1|Chains	33.600	1068	3.187E-162	545
9OVN_1|Chains	7KEB_1|Chains	33.600	1068	3.187E-162	545
9OVN_1|Chains	8CSA_1|Chains	33.600	1068	3.187E-162	545
9OVN_1|Chains	7X27_1|Chains	31.000	1188	7.610E-148	502
9OVN_1|Chains	7YQT_1|Chains	33.000	1033	1.386E-147	501
9OVN_1|Chains	8CYJ_5|Chain	32.600	1033	2.056E-146	497
9OVN_1|Chains	7SBP_1|Chains	32.300	1033	1.240E-145	495
9OVN_1|Chains	7JJI_1|Chains	32.200	1033	1.672E-145	495
9OVN_1|Chains	7SBL_1|Chains	32.300	1033	1.672E-145	495
9OVN_1|Chains	7SBK_1|Chains	32.300	1033	1.672E-145	495
9OVN_1|Chains	7SBS_1|Chains	30.400	1267	4.105E-145	494
9OVN_1|Chains	7E7D_1|Chains	32.200	1034	2.472E-144	491
9OVN_1|Chains	7WEC_3|Chains	32.700	1033	3.334E-144	491
9OVN_1|Chains	7N1T_1|Chains	32.400	1033	3.334E-144	491
9OVN_1|Chains	7N1Q_1|Chains	32.400	1033	3.334E-144	491
9OVN_1|Chains	7N1U_1|Chains	32.300	1033	4.497E-144	490
9OVN_1|Chains	7KRS_1|Chains	32.400	1033	4.497E-144	490
9OVN_1|Chains	7WS5_1|Chains	32.600	1024	1.103E-143	489
9OVN_1|Chains	7XO5_1|Chains	32.600	1024	1.103E-143	489
9OVN_1|Chains	7TLB_1|Chains	32.100	1024	5.371E-142	484
9OVN_1|Chains	7TLA_1|Chains	32.100	1024	5.371E-142	484
9OVN_1|Chains	7Y42_1|Chains	31.900	946	2.065E-127	439
9OVN_1|Chains	7XU2_1|Chains	31.700	946	7.147E-126	435
9OVN_1|Chains	7XU4_1|Chains	31.700	946	9.600E-126	434
9OVN_1|Chains	7XU5_1|Chains	31.700	946	9.600E-126	434
9NI4_2|Chains	7UPI_1|Chain	56.000	166	1.618E-53	181
9NI4_2|Chains	7USD_6|Chain	30.300	176	1.749E-19	83
30KW_1|Chains	6O6A_1|Chains	32.600	1165	1.136E-181	600
30KW_1|Chains	6O6R_1|Chains	32.600	1165	1.136E-181	600
30KW_1|Chains	8E4N_1|Chains	31.700	1154	2.235E-172	572
30KW_1|Chains	8E4M_1|Chains	31.700	1154	2.235E-172	572
30KW_1|Chains	8E4L_1|Chains	31.700	1154	2.235E-172	572
30KW_1|Chains	6NR3_1|Chains	31.800	1126	3.876E-168	559
30KW_1|Chains	5ZX5_1|Chains	28.500	1213	1.235E-131	450
30KW_1|Chains	6BWD_1|Chains	26.000	630	3.164E-60	225
9YSR_1|Chain	7XO5_2|Chain	84.400	617	0.000E+00	1109
9YSR_1|Chain	7WSF_1|Chain	83.100	617	0.000E+00	1086
