size_bin,res_bin,rank,pdb_id,max_identity,leak
large,high (2.2-2.8),0,9VQW,49.2,True
large,high (2.2-2.8),1,9YSK,96.0,True
large,high (2.2-2.8),2,9OI3,98.2,True
large,high (2.2-2.8),3,9YW0,96.0,True
large,high (2.2-2.8),4,9ZBK,38.5,True
large,high (2.2-2.8),5,9OSU,98.2,True
large,high (2.2-2.8),6,38PA,0.0,False
large,high (2.2-2.8),7,9EFH,0.0,False
large,low (3.4-4.0),0,9XTI,0.0,False
large,low (3.4-4.0),1,9EEL,0.0,False
large,low (3.4-4.0),2,9PB5,93.7,True
large,low (3.4-4.0),3,9O8D,58.1,True
large,low (3.4-4.0),4,9Y52,100.0,True
large,low (3.4-4.0),5,9W90,100.0,True
large,low (3.4-4.0),6,9YNK,0.0,False
large,low (3.4-4.0),7,11VE,100.0,True
large,mid (2.8-3.4),0,11UF,98.5,True
large,mid (2.8-3.4),1,9Z49,0.0,False
large,mid (2.8-3.4),2,9T8H,0.0,False
large,mid (2.8-3.4),3,9E9E,98.5,True
large,mid (2.8-3.4),4,9O8R,85.2,True
large,mid (2.8-3.4),5,9YMZ,0.0,False
large,mid (2.8-3.4),6,9Y5R,100.0,True
large,mid (2.8-3.4),7,9XI7,98.6,True
large,near-atomic (<2.2),0,9WP6,77.3,True
large,near-atomic (<2.2),1,9Z8L,68.4,True
large,near-atomic (<2.2),2,9UNU,0.0,False
large,near-atomic (<2.2),3,25SB,93.6,True
large,near-atomic (<2.2),4,9OW6,0.0,False
large,near-atomic (<2.2),5,21JU,0.0,False
large,near-atomic (<2.2),6,9OVN,34.4,True
large,near-atomic (<2.2),7,9VQQ,49.2,True
medium,high (2.2-2.8),0,10AC,0.0,False
medium,high (2.2-2.8),1,9QJY,79.6,True
medium,high (2.2-2.8),2,9KH6,0.0,False
medium,high (2.2-2.8),3,9NJ3,84.1,True
medium,high (2.2-2.8),4,9VH5,76.0,True
medium,high (2.2-2.8),5,9SGO,99.8,True
medium,high (2.2-2.8),6,11NJ,100.0,True
medium,high (2.2-2.8),7,9XH2,54.4,True
medium,low (3.4-4.0),0,13BV,0.0,False
medium,low (3.4-4.0),1,9JCS,0.0,False
medium,low (3.4-4.0),2,31IC,75.0,True
medium,low (3.4-4.0),3,9OS7,0.0,False
medium,low (3.4-4.0),4,9Y7X,80.0,True
medium,low (3.4-4.0),5,9ROL,0.0,False
medium,low (3.4-4.0),6,9XBY,0.0,False
medium,low (3.4-4.0),7,9W35,35.1,True
medium,mid (2.8-3.4),0,9ZRY,89.5,True
medium,mid (2.8-3.4),1,9OM7,0.0,False
medium,mid (2.8-3.4),2,36JL,31.1,True
medium,mid (2.8-3.4),3,25XL,0.0,False
medium,mid (2.8-3.4),4,9S3Q,98.8,True
medium,mid (2.8-3.4),5,9VAV,72.5,True
medium,mid (2.8-3.4),6,9SGT,99.8,True
medium,mid (2.8-3.4),7,9MIX,0.0,False
medium,near-atomic (<2.2),0,9T3X,100.0,True
medium,near-atomic (<2.2),1,9MZE,97.9,True
medium,near-atomic (<2.2),2,10ZL,71.4,True
medium,near-atomic (<2.2),3,9PXL,0.0,False
medium,near-atomic (<2.2),4,9RGD,39.2,True
medium,near-atomic (<2.2),5,38HM,0.0,False
medium,near-atomic (<2.2),6,11MT,42.6,True
medium,near-atomic (<2.2),7,11ND,100.0,True
small,high (2.2-2.8),0,9UWY,0.0,False
small,high (2.2-2.8),1,23DJ,0.0,False
small,high (2.2-2.8),2,9XGX,100.0,True
small,high (2.2-2.8),3,9ZBB,0.0,False
small,high (2.2-2.8),4,32QA,29.4,True
small,high (2.2-2.8),5,9WMM,46.2,True
small,high (2.2-2.8),6,20ZD,99.6,True
small,high (2.2-2.8),7,33BF,0.0,False
small,low (3.4-4.0),0,11TD,96.7,True
small,low (3.4-4.0),1,11TL,96.7,True
small,low (3.4-4.0),2,9XWM,65.5,True
small,low (3.4-4.0),3,9YGF,78.7,True
small,low (3.4-4.0),4,10XW,0.0,False
small,low (3.4-4.0),5,9K88,0.0,False
small,low (3.4-4.0),6,9QGU,27.7,True
small,low (3.4-4.0),7,9I1Z,0.0,False
small,mid (2.8-3.4),0,9LNO,52.2,True
small,mid (2.8-3.4),1,9PQO,0.0,False
small,mid (2.8-3.4),2,9WUY,0.0,False
small,mid (2.8-3.4),3,9R0N,0.0,False
small,mid (2.8-3.4),4,32QB,29.4,True
small,mid (2.8-3.4),5,30QN,0.0,False
small,mid (2.8-3.4),6,9XGW,100.0,True
small,mid (2.8-3.4),7,9NI3,56.0,True
small,near-atomic (<2.2),0,9W0J,0.0,False
small,near-atomic (<2.2),1,9SHM,0.0,False
small,near-atomic (<2.2),2,9SHN,0.0,False
small,near-atomic (<2.2),3,9ZD5,0.0,False
small,near-atomic (<2.2),4,9UWW,0.0,False
small,near-atomic (<2.2),5,9WMQ,63.4,True
small,near-atomic (<2.2),6,22ZO,46.0,True
small,near-atomic (<2.2),7,9OVK,33.9,True
