size_bin,res_bin,rank,pdb_id
small,near-atomic (<2.2),0,9W0J
small,near-atomic (<2.2),1,9SHM
small,near-atomic (<2.2),2,9SHN
small,near-atomic (<2.2),3,9ZD5
small,near-atomic (<2.2),4,9UWW
small,near-atomic (<2.2),5,9WMQ
small,near-atomic (<2.2),6,22ZO
small,near-atomic (<2.2),7,9OVK
small,near-atomic (<2.2),8,9KSL
small,near-atomic (<2.2),9,22JY
small,near-atomic (<2.2),10,33CG
small,near-atomic (<2.2),11,9SH1
small,near-atomic (<2.2),12,9SKY
small,near-atomic (<2.2),13,9PI7
small,near-atomic (<2.2),14,9P4Q
small,near-atomic (<2.2),15,9OVM
small,near-atomic (<2.2),16,9ZBA
small,near-atomic (<2.2),17,9P4N
small,near-atomic (<2.2),18,9LRK
small,near-atomic (<2.2),19,9P4O
small,near-atomic (<2.2),20,9W0G
small,near-atomic (<2.2),21,9SKX
small,near-atomic (<2.2),22,9SKR
small,near-atomic (<2.2),23,10ED
small,near-atomic (<2.2),24,9SKV
small,near-atomic (<2.2),25,9SKU
small,near-atomic (<2.2),26,31EW
small,near-atomic (<2.2),27,9MQ0
small,near-atomic (<2.2),28,9TBH
small,near-atomic (<2.2),29,11EE
small,near-atomic (<2.2),30,9W4Y
small,near-atomic (<2.2),31,9RRS
small,near-atomic (<2.2),32,11JC
small,near-atomic (<2.2),33,9TBI
small,near-atomic (<2.2),34,9RY4
small,near-atomic (<2.2),35,9VI4
small,near-atomic (<2.2),36,9MPZ
small,near-atomic (<2.2),37,9RVM
small,near-atomic (<2.2),38,9P7Z
small,near-atomic (<2.2),39,9ZLH
small,near-atomic (<2.2),40,9PI8
small,near-atomic (<2.2),41,33CI
small,near-atomic (<2.2),42,9XXT
small,near-atomic (<2.2),43,9OVO
small,near-atomic (<2.2),44,9SKS
small,near-atomic (<2.2),45,9W0I
small,high (2.2-2.8),0,9UWY
small,high (2.2-2.8),1,23DJ
small,high (2.2-2.8),2,9XGX
small,high (2.2-2.8),3,9ZBB
small,high (2.2-2.8),4,32QA
small,high (2.2-2.8),5,9WMM
small,high (2.2-2.8),6,20ZD
small,high (2.2-2.8),7,33BF
small,high (2.2-2.8),8,9W0K
small,high (2.2-2.8),9,9ODE
small,high (2.2-2.8),10,9KZH
small,high (2.2-2.8),11,9SE4
small,high (2.2-2.8),12,9TG9
small,high (2.2-2.8),13,9WQR
small,high (2.2-2.8),14,9N29
small,high (2.2-2.8),15,9ODM
small,high (2.2-2.8),16,9SR9
small,high (2.2-2.8),17,9Z4O
small,high (2.2-2.8),18,9P53
small,high (2.2-2.8),19,9M2S
small,high (2.2-2.8),20,9P54
small,high (2.2-2.8),21,9UWL
small,high (2.2-2.8),22,9VL5
small,high (2.2-2.8),23,22BI
small,high (2.2-2.8),24,9YYD
small,high (2.2-2.8),25,9UPR
small,high (2.2-2.8),26,9PJA
small,high (2.2-2.8),27,30UV
small,high (2.2-2.8),28,22AK
small,high (2.2-2.8),29,9I8C
small,high (2.2-2.8),30,9WFA
small,high (2.2-2.8),31,11MR
small,high (2.2-2.8),32,9LV4
small,high (2.2-2.8),33,9PKO
small,high (2.2-2.8),34,9MCR
small,high (2.2-2.8),35,23AY
small,high (2.2-2.8),36,21NQ
small,high (2.2-2.8),37,9NAU
small,high (2.2-2.8),38,9LQU
small,high (2.2-2.8),39,9LNM
small,high (2.2-2.8),40,9S3M
small,high (2.2-2.8),41,22BF
small,high (2.2-2.8),42,9ZDQ
small,high (2.2-2.8),43,9M40
small,high (2.2-2.8),44,9QIN
small,high (2.2-2.8),45,9V8W
small,high (2.2-2.8),46,31EY
small,high (2.2-2.8),47,11HL
small,high (2.2-2.8),48,23OI
small,high (2.2-2.8),49,9W8J
small,high (2.2-2.8),50,9XJW
small,high (2.2-2.8),51,9VC0
small,high (2.2-2.8),52,9TG8
small,high (2.2-2.8),53,9JKJ
small,high (2.2-2.8),54,26DE
small,high (2.2-2.8),55,9XDQ
small,high (2.2-2.8),56,11DC
small,high (2.2-2.8),57,9MCV
small,high (2.2-2.8),58,9J6S
small,high (2.2-2.8),59,9XDR
small,high (2.2-2.8),60,45IO
small,high (2.2-2.8),61,23PS
small,high (2.2-2.8),62,9TGA
small,high (2.2-2.8),63,9JKI
small,high (2.2-2.8),64,9HYW
small,high (2.2-2.8),65,9L1C
small,high (2.2-2.8),66,9LLF
small,high (2.2-2.8),67,9SKW
small,high (2.2-2.8),68,9VBY
small,high (2.2-2.8),69,9LQT
small,high (2.2-2.8),70,9SKT
small,high (2.2-2.8),71,9SJ9
small,high (2.2-2.8),72,9Y63
small,high (2.2-2.8),73,21FI
small,high (2.2-2.8),74,9V82
small,high (2.2-2.8),75,9IPO
small,high (2.2-2.8),76,9SFF
small,high (2.2-2.8),77,9R8K
small,high (2.2-2.8),78,20ZN
small,high (2.2-2.8),79,9CWQ
small,high (2.2-2.8),80,9OM0
small,high (2.2-2.8),81,11JD
small,high (2.2-2.8),82,9SF8
small,high (2.2-2.8),83,9PV0
small,high (2.2-2.8),84,21FH
small,high (2.2-2.8),85,9ZW3
small,high (2.2-2.8),86,9RM9
small,high (2.2-2.8),87,9QJJ
small,high (2.2-2.8),88,9M7R
small,high (2.2-2.8),89,9YT6
small,high (2.2-2.8),90,43MU
small,high (2.2-2.8),91,9MCS
small,high (2.2-2.8),92,9W98
small,high (2.2-2.8),93,9M8E
small,high (2.2-2.8),94,9UE3
small,high (2.2-2.8),95,9UXN
small,high (2.2-2.8),96,21AU
small,high (2.2-2.8),97,9P87
small,high (2.2-2.8),98,22AJ
small,high (2.2-2.8),99,9LYI
small,high (2.2-2.8),100,9ZW4
small,high (2.2-2.8),101,9SDG
small,high (2.2-2.8),102,9TF1
small,high (2.2-2.8),103,9P4L
small,high (2.2-2.8),104,9Q6O
small,high (2.2-2.8),105,9UX2
small,high (2.2-2.8),106,9HYI
small,high (2.2-2.8),107,9W4I
small,high (2.2-2.8),108,9RT4
small,high (2.2-2.8),109,9WEU
small,high (2.2-2.8),110,9R8M
small,high (2.2-2.8),111,9SF9
small,high (2.2-2.8),112,21FF
small,high (2.2-2.8),113,9X3Z
small,high (2.2-2.8),114,9JZJ
small,high (2.2-2.8),115,9QQE
small,high (2.2-2.8),116,21AV
small,high (2.2-2.8),117,9ZAW
small,high (2.2-2.8),118,9M1P
small,high (2.2-2.8),119,9WX7
small,high (2.2-2.8),120,9N09
small,high (2.2-2.8),121,22BG
small,high (2.2-2.8),122,22GM
small,high (2.2-2.8),123,9Q3L
small,high (2.2-2.8),124,9VC6
small,high (2.2-2.8),125,9ZLK
small,high (2.2-2.8),126,9W33
small,high (2.2-2.8),127,9W14
small,high (2.2-2.8),128,9UX4
small,high (2.2-2.8),129,36CQ
small,high (2.2-2.8),130,9M9M
small,high (2.2-2.8),131,9PTR
small,high (2.2-2.8),132,11HN
small,high (2.2-2.8),133,9WD9
small,high (2.2-2.8),134,9ZVV
small,high (2.2-2.8),135,11ZW
small,high (2.2-2.8),136,9R2G
small,high (2.2-2.8),137,9M0Z
small,high (2.2-2.8),138,9KKN
small,high (2.2-2.8),139,9RUH
small,high (2.2-2.8),140,9VC9
small,high (2.2-2.8),141,9S8C
small,high (2.2-2.8),142,9S8D
small,high (2.2-2.8),143,9VKY
small,high (2.2-2.8),144,9SFH
small,high (2.2-2.8),145,9LQJ
small,high (2.2-2.8),146,9HUE
small,high (2.2-2.8),147,9VH2
small,high (2.2-2.8),148,9LQX
small,high (2.2-2.8),149,9P82
small,high (2.2-2.8),150,9WPH
small,high (2.2-2.8),151,9LQY
small,high (2.2-2.8),152,9SGR
small,high (2.2-2.8),153,9DZF
small,high (2.2-2.8),154,21TW
small,high (2.2-2.8),155,22HG
small,high (2.2-2.8),156,9P84
small,high (2.2-2.8),157,9OC1
small,high (2.2-2.8),158,9D72
small,high (2.2-2.8),159,9QKT
small,high (2.2-2.8),160,9Y7N
small,high (2.2-2.8),161,9XKO
small,high (2.2-2.8),162,9R8N
small,high (2.2-2.8),163,9ODF
small,high (2.2-2.8),164,9PIK
small,high (2.2-2.8),165,9YT7
small,high (2.2-2.8),166,9LL9
small,high (2.2-2.8),167,9ZCZ
small,high (2.2-2.8),168,9RUG
small,high (2.2-2.8),169,9ZD0
small,high (2.2-2.8),170,9RJB
small,high (2.2-2.8),171,9WMR
small,high (2.2-2.8),172,9W4L
small,high (2.2-2.8),173,9W4O
small,high (2.2-2.8),174,9S6T
small,high (2.2-2.8),175,9W3L
small,high (2.2-2.8),176,9OGH
small,high (2.2-2.8),177,22XO
small,high (2.2-2.8),178,12RP
small,high (2.2-2.8),179,9VBX
small,high (2.2-2.8),180,9SEH
small,high (2.2-2.8),181,9M9X
small,high (2.2-2.8),182,9RZM
small,high (2.2-2.8),183,9VAP
small,high (2.2-2.8),184,9UWX
small,high (2.2-2.8),185,9MJO
small,high (2.2-2.8),186,33CH
small,high (2.2-2.8),187,9PUM
small,high (2.2-2.8),188,9WML
small,high (2.2-2.8),189,28VJ
small,high (2.2-2.8),190,9QQS
small,high (2.2-2.8),191,9WDA
small,high (2.2-2.8),192,9VUH
small,high (2.2-2.8),193,9Q6N
small,high (2.2-2.8),194,9W0B
small,high (2.2-2.8),195,11DB
small,high (2.2-2.8),196,9MCU
small,high (2.2-2.8),197,9WF3
small,high (2.2-2.8),198,9SQ0
small,high (2.2-2.8),199,9W0R
small,high (2.2-2.8),200,9N5N
small,high (2.2-2.8),201,9WUW
small,high (2.2-2.8),202,9VTS
small,high (2.2-2.8),203,9ZLC
small,high (2.2-2.8),204,9ODN
small,high (2.2-2.8),205,9IPN
small,high (2.2-2.8),206,9Y7L
small,high (2.2-2.8),207,22BE
small,high (2.2-2.8),208,9L1A
small,high (2.2-2.8),209,9Z3J
small,high (2.2-2.8),210,9M3Q
small,high (2.2-2.8),211,9Y6N
small,high (2.2-2.8),212,9UGL
small,high (2.2-2.8),213,9OMR
small,high (2.2-2.8),214,9S8G
small,high (2.2-2.8),215,9ZL7
small,high (2.2-2.8),216,23IU
small,high (2.2-2.8),217,9R9A
small,high (2.2-2.8),218,45IQ
small,high (2.2-2.8),219,9WFL
small,high (2.2-2.8),220,9LL8
small,high (2.2-2.8),221,9SDL
small,high (2.2-2.8),222,9HUF
small,high (2.2-2.8),223,9QJN
small,high (2.2-2.8),224,12ZN
small,high (2.2-2.8),225,22BK
small,high (2.2-2.8),226,22BC
small,high (2.2-2.8),227,9RH2
small,high (2.2-2.8),228,9P81
small,high (2.2-2.8),229,9PTS
small,high (2.2-2.8),230,9UXC
small,high (2.2-2.8),231,9UWI
small,high (2.2-2.8),232,9OKO
small,high (2.2-2.8),233,9XZG
small,high (2.2-2.8),234,30UC
small,high (2.2-2.8),235,9YHA
small,high (2.2-2.8),236,9LQW
small,high (2.2-2.8),237,9WQ0
small,high (2.2-2.8),238,9RVN
small,high (2.2-2.8),239,9SZB
small,high (2.2-2.8),240,9OC2
small,high (2.2-2.8),241,23BX
small,high (2.2-2.8),242,9LLH
small,high (2.2-2.8),243,9X3Y
small,high (2.2-2.8),244,9T5K
small,high (2.2-2.8),245,9OZ6
small,high (2.2-2.8),246,22AY
small,high (2.2-2.8),247,9M0X
small,high (2.2-2.8),248,9P80
small,high (2.2-2.8),249,9VV0
small,high (2.2-2.8),250,9Z4H
small,high (2.2-2.8),251,11DR
small,high (2.2-2.8),252,10WC
small,high (2.2-2.8),253,9OJK
small,high (2.2-2.8),254,9ZKC
small,high (2.2-2.8),255,9RQL
small,high (2.2-2.8),256,9LW1
small,high (2.2-2.8),257,9UX3
small,high (2.2-2.8),258,9ZKD
small,high (2.2-2.8),259,9TKA
small,high (2.2-2.8),260,9RH3
small,high (2.2-2.8),261,9LQZ
small,high (2.2-2.8),262,9TV0
small,high (2.2-2.8),263,43YY
small,high (2.2-2.8),264,25VE
small,high (2.2-2.8),265,22BH
small,high (2.2-2.8),266,9SKZ
small,high (2.2-2.8),267,9ON5
small,high (2.2-2.8),268,22AZ
small,high (2.2-2.8),269,9XB1
small,high (2.2-2.8),270,9V81
small,high (2.2-2.8),271,9WD7
small,high (2.2-2.8),272,9QL1
small,high (2.2-2.8),273,9ZKA
small,high (2.2-2.8),274,9P4R
small,high (2.2-2.8),275,45IM
small,high (2.2-2.8),276,9ON6
small,high (2.2-2.8),277,9OEF
small,high (2.2-2.8),278,11LT
small,high (2.2-2.8),279,45IP
small,high (2.2-2.8),280,13IB
small,high (2.2-2.8),281,9QID
small,high (2.2-2.8),282,23BG
small,high (2.2-2.8),283,9SDT
small,high (2.2-2.8),284,9Y7M
small,high (2.2-2.8),285,9U32
small,high (2.2-2.8),286,9X0J
small,high (2.2-2.8),287,9ZLF
small,high (2.2-2.8),288,9VBZ
small,high (2.2-2.8),289,9TF0
small,high (2.2-2.8),290,9TK9
small,high (2.2-2.8),291,9SEC
small,high (2.2-2.8),292,9W32
small,high (2.2-2.8),293,9TKM
small,high (2.2-2.8),294,9WG6
small,high (2.2-2.8),295,9WG0
small,high (2.2-2.8),296,9SLP
small,high (2.2-2.8),297,9QKZ
small,high (2.2-2.8),298,23IT
small,high (2.2-2.8),299,9U4O
small,high (2.2-2.8),300,9SED
small,high (2.2-2.8),301,9WAH
small,high (2.2-2.8),302,9M2O
small,high (2.2-2.8),303,30UU
small,high (2.2-2.8),304,11CV
small,high (2.2-2.8),305,28QL
small,high (2.2-2.8),306,9KC4
small,high (2.2-2.8),307,9T5J
small,high (2.2-2.8),308,22BJ
small,high (2.2-2.8),309,9WDB
small,high (2.2-2.8),310,9LNN
small,high (2.2-2.8),311,30UT
small,high (2.2-2.8),312,9WDC
small,high (2.2-2.8),313,9VH3
small,high (2.2-2.8),314,13BD
small,high (2.2-2.8),315,9LLG
small,mid (2.8-3.4),0,9LNO
small,mid (2.8-3.4),1,9PQO
small,mid (2.8-3.4),2,9WUY
small,mid (2.8-3.4),3,9R0N
small,mid (2.8-3.4),4,32QB
small,mid (2.8-3.4),5,30QN
small,mid (2.8-3.4),6,9XGW
small,mid (2.8-3.4),7,9NI3
small,mid (2.8-3.4),8,9VT4
small,mid (2.8-3.4),9,9X5G
small,mid (2.8-3.4),10,9RQN
small,mid (2.8-3.4),11,9J6T
small,mid (2.8-3.4),12,28IZ
small,mid (2.8-3.4),13,9Q3V
small,mid (2.8-3.4),14,9P0J
small,mid (2.8-3.4),15,9SDB
small,mid (2.8-3.4),16,9XFH
small,mid (2.8-3.4),17,9VZ3
small,mid (2.8-3.4),18,9QZO
small,mid (2.8-3.4),19,11ZV
small,mid (2.8-3.4),20,9W3F
small,mid (2.8-3.4),21,12PB
small,mid (2.8-3.4),22,9WND
small,mid (2.8-3.4),23,9O98
small,mid (2.8-3.4),24,9I5N
small,mid (2.8-3.4),25,9X5F
small,mid (2.8-3.4),26,9P83
small,mid (2.8-3.4),27,9CK4
small,mid (2.8-3.4),28,9I28
small,mid (2.8-3.4),29,9S6R
small,mid (2.8-3.4),30,9GJK
small,mid (2.8-3.4),31,9US8
small,mid (2.8-3.4),32,9TZY
small,mid (2.8-3.4),33,9W89
small,mid (2.8-3.4),34,9PXT
small,mid (2.8-3.4),35,9RHB
small,mid (2.8-3.4),36,24VR
small,mid (2.8-3.4),37,9OYZ
small,mid (2.8-3.4),38,9XCB
small,mid (2.8-3.4),39,36CR
small,mid (2.8-3.4),40,9ZFZ
small,mid (2.8-3.4),41,25QP
small,mid (2.8-3.4),42,9OBT
small,mid (2.8-3.4),43,9U4D
small,mid (2.8-3.4),44,22HP
small,mid (2.8-3.4),45,21FK
small,mid (2.8-3.4),46,9JKK
small,mid (2.8-3.4),47,21RT
small,mid (2.8-3.4),48,10NM
small,mid (2.8-3.4),49,22WP
small,mid (2.8-3.4),50,9WMP
small,mid (2.8-3.4),51,9QHJ
small,mid (2.8-3.4),52,9VH9
small,mid (2.8-3.4),53,9R9N
small,mid (2.8-3.4),54,21GL
small,mid (2.8-3.4),55,23XI
small,mid (2.8-3.4),56,9RIO
small,mid (2.8-3.4),57,9GJL
small,mid (2.8-3.4),58,9YG4
small,mid (2.8-3.4),59,9U43
small,mid (2.8-3.4),60,9ZJN
small,mid (2.8-3.4),61,11DF
small,mid (2.8-3.4),62,9PFJ
small,mid (2.8-3.4),63,9WFN
small,mid (2.8-3.4),64,9S11
small,mid (2.8-3.4),65,9W99
small,mid (2.8-3.4),66,9QDL
small,mid (2.8-3.4),67,9M7S
small,mid (2.8-3.4),68,9V4D
small,mid (2.8-3.4),69,9LOE
small,mid (2.8-3.4),70,9W2I
small,mid (2.8-3.4),71,9UJM
small,mid (2.8-3.4),72,9D73
small,mid (2.8-3.4),73,9NGO
small,mid (2.8-3.4),74,9LOF
small,mid (2.8-3.4),75,9LZ2
small,mid (2.8-3.4),76,9M3S
small,mid (2.8-3.4),77,9LK2
small,mid (2.8-3.4),78,23WN
small,mid (2.8-3.4),79,9PZD
small,mid (2.8-3.4),80,9TZW
small,mid (2.8-3.4),81,9UPN
small,mid (2.8-3.4),82,23XK
small,mid (2.8-3.4),83,9X41
small,mid (2.8-3.4),84,9W0D
small,mid (2.8-3.4),85,9I3P
small,mid (2.8-3.4),86,9M42
small,mid (2.8-3.4),87,9MA0
small,mid (2.8-3.4),88,22WT
small,mid (2.8-3.4),89,37IB
small,mid (2.8-3.4),90,9L38
small,mid (2.8-3.4),91,9PFK
small,mid (2.8-3.4),92,9WDT
small,mid (2.8-3.4),93,9Z1Y
small,mid (2.8-3.4),94,35ZR
small,mid (2.8-3.4),95,9QRU
small,mid (2.8-3.4),96,9RQJ
small,mid (2.8-3.4),97,9KKO
small,mid (2.8-3.4),98,21AG
small,mid (2.8-3.4),99,12OZ
small,mid (2.8-3.4),100,9IAZ
small,mid (2.8-3.4),101,9YGP
small,mid (2.8-3.4),102,21NX
small,mid (2.8-3.4),103,11WO
small,mid (2.8-3.4),104,9V8X
small,mid (2.8-3.4),105,26QM
small,mid (2.8-3.4),106,26QH
small,mid (2.8-3.4),107,9WTX
small,mid (2.8-3.4),108,9PPY
small,mid (2.8-3.4),109,9UPC
small,mid (2.8-3.4),110,10TQ
small,mid (2.8-3.4),111,9WPZ
small,mid (2.8-3.4),112,27KE
small,mid (2.8-3.4),113,9Z12
small,mid (2.8-3.4),114,9M0J
small,mid (2.8-3.4),115,9XSG
small,mid (2.8-3.4),116,9R85
small,mid (2.8-3.4),117,12QJ
small,mid (2.8-3.4),118,9W0T
small,mid (2.8-3.4),119,9Q6H
small,mid (2.8-3.4),120,9BIE
small,mid (2.8-3.4),121,30WC
small,mid (2.8-3.4),122,9RUF
small,mid (2.8-3.4),123,21RN
small,mid (2.8-3.4),124,9P1V
small,mid (2.8-3.4),125,21VM
small,mid (2.8-3.4),126,9XC6
small,mid (2.8-3.4),127,9W34
small,mid (2.8-3.4),128,9O96
small,mid (2.8-3.4),129,25PV
small,mid (2.8-3.4),130,9VZ2
small,mid (2.8-3.4),131,9Q6B
small,mid (2.8-3.4),132,9JZI
small,mid (2.8-3.4),133,9XRO
small,mid (2.8-3.4),134,45IL
small,mid (2.8-3.4),135,9WQ2
small,mid (2.8-3.4),136,9UI6
small,mid (2.8-3.4),137,9VND
small,mid (2.8-3.4),138,9UPY
small,mid (2.8-3.4),139,22CR
small,mid (2.8-3.4),140,9W4K
small,mid (2.8-3.4),141,22EM
small,mid (2.8-3.4),142,9W0S
small,mid (2.8-3.4),143,9WEY
small,mid (2.8-3.4),144,9X8X
small,mid (2.8-3.4),145,9VLG
small,mid (2.8-3.4),146,9U8B
small,mid (2.8-3.4),147,9R0A
small,mid (2.8-3.4),148,9Z5U
small,mid (2.8-3.4),149,9OBW
small,mid (2.8-3.4),150,9W45
small,mid (2.8-3.4),151,9W43
small,mid (2.8-3.4),152,9R1H
small,mid (2.8-3.4),153,11OL
small,mid (2.8-3.4),154,9XTU
small,mid (2.8-3.4),155,20YC
small,mid (2.8-3.4),156,11OR
small,mid (2.8-3.4),157,9L1D
small,mid (2.8-3.4),158,9UWJ
small,mid (2.8-3.4),159,9NI7
small,mid (2.8-3.4),160,10TM
small,mid (2.8-3.4),161,9V65
small,mid (2.8-3.4),162,9O59
small,mid (2.8-3.4),163,9JBS
small,mid (2.8-3.4),164,9J87
small,mid (2.8-3.4),165,9QSY
small,mid (2.8-3.4),166,9VZP
small,mid (2.8-3.4),167,35ZV
small,mid (2.8-3.4),168,9O7I
small,mid (2.8-3.4),169,9RIR
small,mid (2.8-3.4),170,9SDH
small,mid (2.8-3.4),171,9WPY
small,mid (2.8-3.4),172,9YX7
small,mid (2.8-3.4),173,9YFU
small,mid (2.8-3.4),174,9UUR
small,mid (2.8-3.4),175,26VA
small,mid (2.8-3.4),176,9Z63
small,mid (2.8-3.4),177,9RII
small,mid (2.8-3.4),178,9ZXD
small,mid (2.8-3.4),179,9U4J
small,mid (2.8-3.4),180,9RH6
small,mid (2.8-3.4),181,9RHD
small,mid (2.8-3.4),182,21FJ
small,mid (2.8-3.4),183,9QTY
small,mid (2.8-3.4),184,26QG
small,mid (2.8-3.4),185,9XW7
small,mid (2.8-3.4),186,21NY
small,mid (2.8-3.4),187,29TI
small,mid (2.8-3.4),188,9SGN
small,mid (2.8-3.4),189,11WQ
small,mid (2.8-3.4),190,22PL
small,mid (2.8-3.4),191,9QSZ
small,mid (2.8-3.4),192,21DU
small,mid (2.8-3.4),193,9Q3E
small,mid (2.8-3.4),194,9QSX
small,mid (2.8-3.4),195,9O97
small,mid (2.8-3.4),196,9RHC
small,mid (2.8-3.4),197,9Z26
small,mid (2.8-3.4),198,9XF4
small,mid (2.8-3.4),199,9ZNN
small,mid (2.8-3.4),200,9UVT
small,mid (2.8-3.4),201,9UVB
small,mid (2.8-3.4),202,9T9M
small,mid (2.8-3.4),203,11TF
small,mid (2.8-3.4),204,9T6L
small,mid (2.8-3.4),205,9Y7C
small,mid (2.8-3.4),206,9ZNO
small,mid (2.8-3.4),207,9VWR
small,mid (2.8-3.4),208,11RM
small,mid (2.8-3.4),209,9X40
small,mid (2.8-3.4),210,9OPQ
small,mid (2.8-3.4),211,9RWT
small,mid (2.8-3.4),212,21TY
small,mid (2.8-3.4),213,9RMK
small,mid (2.8-3.4),214,9TXI
small,mid (2.8-3.4),215,24TI
small,mid (2.8-3.4),216,9HUG
small,mid (2.8-3.4),217,9RHF
small,mid (2.8-3.4),218,9WIJ
small,mid (2.8-3.4),219,9LLB
small,mid (2.8-3.4),220,9W0U
small,mid (2.8-3.4),221,9PNS
small,mid (2.8-3.4),222,9MUH
small,mid (2.8-3.4),223,26LA
small,mid (2.8-3.4),224,9VJT
small,mid (2.8-3.4),225,9S0S
small,mid (2.8-3.4),226,9S6U
small,mid (2.8-3.4),227,9PQ0
small,mid (2.8-3.4),228,9PPW
small,mid (2.8-3.4),229,9R8J
small,mid (2.8-3.4),230,9WNF
small,mid (2.8-3.4),231,9WF2
small,mid (2.8-3.4),232,9W0O
small,mid (2.8-3.4),233,26QS
small,mid (2.8-3.4),234,9WQ6
small,mid (2.8-3.4),235,9XMM
small,mid (2.8-3.4),236,9WV2
small,mid (2.8-3.4),237,9VL3
small,mid (2.8-3.4),238,9UEP
small,mid (2.8-3.4),239,9R0O
small,mid (2.8-3.4),240,9UXS
small,mid (2.8-3.4),241,9QDM
small,mid (2.8-3.4),242,9QP4
small,mid (2.8-3.4),243,9PXJ
small,mid (2.8-3.4),244,9W22
small,mid (2.8-3.4),245,9M9P
small,mid (2.8-3.4),246,9WAG
small,mid (2.8-3.4),247,11OQ
small,mid (2.8-3.4),248,9Z64
small,mid (2.8-3.4),249,9Q69
small,mid (2.8-3.4),250,9L1B
small,mid (2.8-3.4),251,45IR
small,mid (2.8-3.4),252,9WX9
small,mid (2.8-3.4),253,9UXP
small,mid (2.8-3.4),254,9WUT
small,mid (2.8-3.4),255,23BD
small,mid (2.8-3.4),256,9Q0F
small,mid (2.8-3.4),257,9Z18
small,mid (2.8-3.4),258,9YA9
small,mid (2.8-3.4),259,12JA
small,mid (2.8-3.4),260,9J4C
small,mid (2.8-3.4),261,9OBZ
small,mid (2.8-3.4),262,9QS6
small,mid (2.8-3.4),263,9MUN
small,mid (2.8-3.4),264,9SZW
small,mid (2.8-3.4),265,9UX1
small,mid (2.8-3.4),266,9Z3Y
small,mid (2.8-3.4),267,9WPL
small,mid (2.8-3.4),268,22BD
small,mid (2.8-3.4),269,9SZC
small,mid (2.8-3.4),270,9LZ1
small,mid (2.8-3.4),271,9OKP
small,mid (2.8-3.4),272,26QT
small,mid (2.8-3.4),273,9R42
small,mid (2.8-3.4),274,9MM5
small,mid (2.8-3.4),275,9NVG
small,mid (2.8-3.4),276,9S8L
small,mid (2.8-3.4),277,9WFC
small,mid (2.8-3.4),278,9WQA
small,mid (2.8-3.4),279,9YNB
small,mid (2.8-3.4),280,9IB1
small,mid (2.8-3.4),281,9OC0
small,mid (2.8-3.4),282,9Y7J
small,mid (2.8-3.4),283,9UIT
small,mid (2.8-3.4),284,22PD
small,mid (2.8-3.4),285,24VJ
small,mid (2.8-3.4),286,13BF
small,mid (2.8-3.4),287,9OTA
small,mid (2.8-3.4),288,9LXP
small,mid (2.8-3.4),289,9X2N
small,mid (2.8-3.4),290,9ZKE
small,mid (2.8-3.4),291,9WMO
small,mid (2.8-3.4),292,22WR
small,mid (2.8-3.4),293,23PZ
small,mid (2.8-3.4),294,9RIK
small,mid (2.8-3.4),295,23IF
small,mid (2.8-3.4),296,9UPM
small,mid (2.8-3.4),297,9UXO
small,mid (2.8-3.4),298,9W0Q
small,mid (2.8-3.4),299,9XCH
small,mid (2.8-3.4),300,9S8E
small,mid (2.8-3.4),301,9VPG
small,mid (2.8-3.4),302,9RH5
small,mid (2.8-3.4),303,10UA
small,mid (2.8-3.4),304,9W1J
small,mid (2.8-3.4),305,26PF
small,mid (2.8-3.4),306,25GN
small,mid (2.8-3.4),307,9ZFO
small,mid (2.8-3.4),308,9V38
small,mid (2.8-3.4),309,9UVX
small,mid (2.8-3.4),310,21VL
small,mid (2.8-3.4),311,9PRZ
small,mid (2.8-3.4),312,9P85
small,mid (2.8-3.4),313,9W8A
small,mid (2.8-3.4),314,9YC5
small,mid (2.8-3.4),315,9WDQ
small,mid (2.8-3.4),316,9VJ3
small,mid (2.8-3.4),317,22BA
small,mid (2.8-3.4),318,9XFI
small,mid (2.8-3.4),319,28YC
small,mid (2.8-3.4),320,9UXQ
small,mid (2.8-3.4),321,9ODJ
small,mid (2.8-3.4),322,9VBD
small,mid (2.8-3.4),323,9WC6
small,mid (2.8-3.4),324,9U7H
small,mid (2.8-3.4),325,11DE
small,mid (2.8-3.4),326,9T9P
small,mid (2.8-3.4),327,9LLI
small,mid (2.8-3.4),328,9OKQ
small,mid (2.8-3.4),329,23GF
small,mid (2.8-3.4),330,9V8Y
small,mid (2.8-3.4),331,9WT2
small,mid (2.8-3.4),332,21DX
small,mid (2.8-3.4),333,9O7G
small,mid (2.8-3.4),334,9X2F
small,mid (2.8-3.4),335,9M7G
small,mid (2.8-3.4),336,9LRS
small,mid (2.8-3.4),337,9UVZ
small,mid (2.8-3.4),338,9X74
small,mid (2.8-3.4),339,9N84
small,mid (2.8-3.4),340,21AH
small,mid (2.8-3.4),341,9ZRT
small,mid (2.8-3.4),342,12ER
small,mid (2.8-3.4),343,9K3Y
small,mid (2.8-3.4),344,9R0I
small,mid (2.8-3.4),345,9VWS
small,mid (2.8-3.4),346,9UWM
small,mid (2.8-3.4),347,9WQB
small,mid (2.8-3.4),348,9Z1X
small,mid (2.8-3.4),349,9U67
small,mid (2.8-3.4),350,9XI9
small,mid (2.8-3.4),351,11BC
small,mid (2.8-3.4),352,9HXL
small,mid (2.8-3.4),353,9YFW
small,mid (2.8-3.4),354,9ZVM
small,mid (2.8-3.4),355,9RH8
small,mid (2.8-3.4),356,9WUU
small,mid (2.8-3.4),357,9W0E
small,mid (2.8-3.4),358,9OQ7
small,mid (2.8-3.4),359,9Z66
small,mid (2.8-3.4),360,9V3V
small,mid (2.8-3.4),361,9ZR7
small,mid (2.8-3.4),362,11LS
small,mid (2.8-3.4),363,9Z76
small,mid (2.8-3.4),364,9W65
small,mid (2.8-3.4),365,9XW8
small,mid (2.8-3.4),366,9ZXC
small,mid (2.8-3.4),367,9GJD
small,mid (2.8-3.4),368,9N6D
small,mid (2.8-3.4),369,9IBW
small,mid (2.8-3.4),370,9NEJ
small,mid (2.8-3.4),371,9UV2
small,mid (2.8-3.4),372,9LW3
small,mid (2.8-3.4),373,9M7H
small,mid (2.8-3.4),374,9T3S
small,mid (2.8-3.4),375,22XC
small,mid (2.8-3.4),376,9GJF
small,mid (2.8-3.4),377,9QO9
small,mid (2.8-3.4),378,9ZRS
small,mid (2.8-3.4),379,9TXK
small,mid (2.8-3.4),380,9X3K
small,mid (2.8-3.4),381,9W63
small,mid (2.8-3.4),382,21CO
small,mid (2.8-3.4),383,9WMN
small,mid (2.8-3.4),384,37HT
small,mid (2.8-3.4),385,9YX8
small,mid (2.8-3.4),386,9QXL
small,mid (2.8-3.4),387,9WBV
small,mid (2.8-3.4),388,9LDZ
small,mid (2.8-3.4),389,9YW2
small,mid (2.8-3.4),390,9RSD
small,mid (2.8-3.4),391,9U40
small,mid (2.8-3.4),392,10FT
small,mid (2.8-3.4),393,9WDI
small,mid (2.8-3.4),394,9TYG
small,mid (2.8-3.4),395,9R0M
small,mid (2.8-3.4),396,9GJE
small,mid (2.8-3.4),397,9YWQ
small,mid (2.8-3.4),398,9UIN
small,mid (2.8-3.4),399,9ZDX
small,mid (2.8-3.4),400,9O95
small,mid (2.8-3.4),401,9V3Z
small,mid (2.8-3.4),402,9JBT
small,mid (2.8-3.4),403,31ZN
small,mid (2.8-3.4),404,9W01
small,mid (2.8-3.4),405,9W8Q
small,mid (2.8-3.4),406,9YYV
small,mid (2.8-3.4),407,9LSZ
small,mid (2.8-3.4),408,23XO
small,mid (2.8-3.4),409,9J5L
small,mid (2.8-3.4),410,9KWY
small,mid (2.8-3.4),411,9SDO
small,mid (2.8-3.4),412,9PPQ
small,mid (2.8-3.4),413,9OEG
small,mid (2.8-3.4),414,22GL
small,mid (2.8-3.4),415,9Q33
small,mid (2.8-3.4),416,36JA
small,mid (2.8-3.4),417,9QHW
small,mid (2.8-3.4),418,9W9B
small,mid (2.8-3.4),419,9RH4
small,mid (2.8-3.4),420,9DZH
small,mid (2.8-3.4),421,9W9A
small,mid (2.8-3.4),422,9ZVX
small,mid (2.8-3.4),423,9SEF
small,mid (2.8-3.4),424,43MI
small,mid (2.8-3.4),425,9W2J
small,mid (2.8-3.4),426,9UW3
small,mid (2.8-3.4),427,9IHN
small,mid (2.8-3.4),428,12IY
small,mid (2.8-3.4),429,9Z5I
small,mid (2.8-3.4),430,9LLA
small,mid (2.8-3.4),431,9W4E
small,mid (2.8-3.4),432,9PUP
small,mid (2.8-3.4),433,9YWS
small,mid (2.8-3.4),434,9J6U
small,mid (2.8-3.4),435,9WV3
small,mid (2.8-3.4),436,9CWP
small,mid (2.8-3.4),437,9JKH
small,mid (2.8-3.4),438,10UP
small,mid (2.8-3.4),439,9NEY
small,mid (2.8-3.4),440,9WTY
small,mid (2.8-3.4),441,9UGX
small,mid (2.8-3.4),442,9YHB
small,mid (2.8-3.4),443,22PS
small,mid (2.8-3.4),444,11BR
small,mid (2.8-3.4),445,9W62
small,mid (2.8-3.4),446,9O65
small,mid (2.8-3.4),447,9DZK
small,mid (2.8-3.4),448,9RH9
small,mid (2.8-3.4),449,9NP0
small,mid (2.8-3.4),450,9MCT
small,mid (2.8-3.4),451,9M8D
small,mid (2.8-3.4),452,9IB3
small,mid (2.8-3.4),453,36JK
small,mid (2.8-3.4),454,29TX
small,mid (2.8-3.4),455,9W40
small,mid (2.8-3.4),456,9UDC
small,mid (2.8-3.4),457,9UW4
small,mid (2.8-3.4),458,9L1E
small,mid (2.8-3.4),459,21AO
small,mid (2.8-3.4),460,9KVS
small,mid (2.8-3.4),461,26QJ
small,mid (2.8-3.4),462,20ZL
small,mid (2.8-3.4),463,21NZ
small,mid (2.8-3.4),464,9X35
small,mid (2.8-3.4),465,9GJI
small,mid (2.8-3.4),466,9Z62
small,mid (2.8-3.4),467,9TF2
small,mid (2.8-3.4),468,9V3Y
small,mid (2.8-3.4),469,11WP
small,mid (2.8-3.4),470,9W7J
small,mid (2.8-3.4),471,9WIX
small,mid (2.8-3.4),472,9XZX
small,mid (2.8-3.4),473,9T1D
small,mid (2.8-3.4),474,9DZG
small,mid (2.8-3.4),475,9SJ7
small,mid (2.8-3.4),476,9RIM
small,mid (2.8-3.4),477,21LT
small,mid (2.8-3.4),478,9TYH
small,mid (2.8-3.4),479,9XBS
small,mid (2.8-3.4),480,9LY5
small,mid (2.8-3.4),481,9PUR
small,mid (2.8-3.4),482,9VRC
small,mid (2.8-3.4),483,9P4P
small,mid (2.8-3.4),484,9ZK9
small,mid (2.8-3.4),485,9UIF
small,mid (2.8-3.4),486,9NI5
small,mid (2.8-3.4),487,9VBM
small,mid (2.8-3.4),488,9UA0
small,mid (2.8-3.4),489,9XCA
small,mid (2.8-3.4),490,9JZN
small,mid (2.8-3.4),491,11OU
small,mid (2.8-3.4),492,9L1L
small,mid (2.8-3.4),493,9WUV
small,mid (2.8-3.4),494,9ZBV
small,mid (2.8-3.4),495,9WDR
small,mid (2.8-3.4),496,9SMS
small,mid (2.8-3.4),497,23PY
small,mid (2.8-3.4),498,21UY
small,mid (2.8-3.4),499,9WF9
small,mid (2.8-3.4),500,9PKP
small,mid (2.8-3.4),501,9PX8
small,mid (2.8-3.4),502,9SAS
small,mid (2.8-3.4),503,9S3R
small,mid (2.8-3.4),504,9M9Q
small,mid (2.8-3.4),505,9PPZ
small,mid (2.8-3.4),506,11KM
small,mid (2.8-3.4),507,9L19
small,mid (2.8-3.4),508,9SWM
small,mid (2.8-3.4),509,9X22
small,mid (2.8-3.4),510,13IO
small,mid (2.8-3.4),511,9MT7
small,mid (2.8-3.4),512,9ZK8
small,mid (2.8-3.4),513,9YT4
small,mid (2.8-3.4),514,25IK
small,mid (2.8-3.4),515,9LIH
small,mid (2.8-3.4),516,9VVM
small,mid (2.8-3.4),517,9U7L
small,mid (2.8-3.4),518,9PPX
small,mid (2.8-3.4),519,9UVY
small,mid (2.8-3.4),520,9T6N
small,mid (2.8-3.4),521,9UUX
small,mid (2.8-3.4),522,22RD
small,mid (2.8-3.4),523,9W97
small,mid (2.8-3.4),524,9WC1
small,mid (2.8-3.4),525,9Z32
small,mid (2.8-3.4),526,27KF
small,mid (2.8-3.4),527,9UVW
small,mid (2.8-3.4),528,23XM
small,mid (2.8-3.4),529,13BR
small,mid (2.8-3.4),530,9WBR
small,mid (2.8-3.4),531,9OHK
small,mid (2.8-3.4),532,9QO8
small,mid (2.8-3.4),533,11JF
small,mid (2.8-3.4),534,9UA1
small,mid (2.8-3.4),535,9Y2C
small,mid (2.8-3.4),536,21AQ
small,mid (2.8-3.4),537,9J6R
small,mid (2.8-3.4),538,9UVV
small,mid (2.8-3.4),539,9P86
small,mid (2.8-3.4),540,9UXB
small,mid (2.8-3.4),541,9TUZ
small,mid (2.8-3.4),542,9W2H
small,mid (2.8-3.4),543,9I7X
small,mid (2.8-3.4),544,9W9C
small,mid (2.8-3.4),545,9OPR
small,mid (2.8-3.4),546,9RIH
small,mid (2.8-3.4),547,11OO
small,mid (2.8-3.4),548,9WME
small,mid (2.8-3.4),549,9R8L
small,mid (2.8-3.4),550,9VBA
small,mid (2.8-3.4),551,9MQM
small,mid (2.8-3.4),552,9KQ5
small,mid (2.8-3.4),553,25IL
small,mid (2.8-3.4),554,9WNG
small,mid (2.8-3.4),555,11WN
small,mid (2.8-3.4),556,9S6S
small,mid (2.8-3.4),557,9OIR
small,mid (2.8-3.4),558,9PYC
small,mid (2.8-3.4),559,9X97
small,mid (2.8-3.4),560,9RIP
small,mid (2.8-3.4),561,9V35
small,mid (2.8-3.4),562,9YXX
small,mid (2.8-3.4),563,9M9W
small,mid (2.8-3.4),564,9LWC
small,mid (2.8-3.4),565,9VNE
small,mid (2.8-3.4),566,24VI
small,mid (2.8-3.4),567,9Z24
small,mid (2.8-3.4),568,22GK
small,mid (2.8-3.4),569,9MBO
small,mid (2.8-3.4),570,9PVM
small,mid (2.8-3.4),571,23WM
small,mid (2.8-3.4),572,9V3X
small,mid (2.8-3.4),573,9HN1
small,mid (2.8-3.4),574,22RQ
small,mid (2.8-3.4),575,9OBV
small,mid (2.8-3.4),576,9VHD
small,mid (2.8-3.4),577,9L8W
small,mid (2.8-3.4),578,9PGD
small,mid (2.8-3.4),579,9NYX
small,mid (2.8-3.4),580,9W66
small,mid (2.8-3.4),581,9XFJ
small,mid (2.8-3.4),582,28QN
small,mid (2.8-3.4),583,24VP
small,mid (2.8-3.4),584,9WG4
small,mid (2.8-3.4),585,9Z03
small,mid (2.8-3.4),586,9U7I
small,mid (2.8-3.4),587,32PZ
small,mid (2.8-3.4),588,28QM
small,mid (2.8-3.4),589,9W2G
small,mid (2.8-3.4),590,9RQM
small,mid (2.8-3.4),591,21OR
small,mid (2.8-3.4),592,29KM
small,mid (2.8-3.4),593,26QF
small,mid (2.8-3.4),594,9SWQ
small,mid (2.8-3.4),595,9P88
small,mid (2.8-3.4),596,21FG
small,mid (2.8-3.4),597,9RWS
small,mid (2.8-3.4),598,9LLE
small,mid (2.8-3.4),599,25VK
small,mid (2.8-3.4),600,10TU
small,mid (2.8-3.4),601,9Y61
small,mid (2.8-3.4),602,21NP
small,mid (2.8-3.4),603,9P4M
small,mid (2.8-3.4),604,9VBL
small,mid (2.8-3.4),605,21NW
small,mid (2.8-3.4),606,9QQF
small,mid (2.8-3.4),607,9RIQ
small,mid (2.8-3.4),608,9Y1V
small,mid (2.8-3.4),609,9R07
small,mid (2.8-3.4),610,9GJH
small,mid (2.8-3.4),611,31CJ
small,mid (2.8-3.4),612,9L9O
small,mid (2.8-3.4),613,9Y9X
small,mid (2.8-3.4),614,21GM
small,mid (2.8-3.4),615,9S3F
small,mid (2.8-3.4),616,24TB
small,mid (2.8-3.4),617,9D74
small,mid (2.8-3.4),618,9W0W
small,mid (2.8-3.4),619,9UGU
small,mid (2.8-3.4),620,9WFO
small,mid (2.8-3.4),621,9R3S
small,mid (2.8-3.4),622,11OV
small,mid (2.8-3.4),623,13BS
small,low (3.4-4.0),0,11TD
small,low (3.4-4.0),1,11TL
small,low (3.4-4.0),2,9XWM
small,low (3.4-4.0),3,9YGF
small,low (3.4-4.0),4,10XW
small,low (3.4-4.0),5,9K88
small,low (3.4-4.0),6,9QGU
small,low (3.4-4.0),7,9I1Z
small,low (3.4-4.0),8,24VY
small,low (3.4-4.0),9,9OBY
small,low (3.4-4.0),10,9X2M
small,low (3.4-4.0),11,9QFX
small,low (3.4-4.0),12,9RHE
small,low (3.4-4.0),13,9YBP
small,low (3.4-4.0),14,9UXK
small,low (3.4-4.0),15,9VRE
small,low (3.4-4.0),16,10SM
small,low (3.4-4.0),17,9R8P
small,low (3.4-4.0),18,9V3T
small,low (3.4-4.0),19,9MKG
small,low (3.4-4.0),20,9QPE
small,low (3.4-4.0),21,9ZUB
small,low (3.4-4.0),22,9RH7
small,low (3.4-4.0),23,9OVD
small,low (3.4-4.0),24,9GJJ
small,low (3.4-4.0),25,9H2Q
small,low (3.4-4.0),26,9UK9
small,low (3.4-4.0),27,9UBC
small,low (3.4-4.0),28,13KW
small,low (3.4-4.0),29,9Z4I
small,low (3.4-4.0),30,9UPO
small,low (3.4-4.0),31,9Q6Y
small,low (3.4-4.0),32,9UGO
small,low (3.4-4.0),33,9RSC
small,low (3.4-4.0),34,9TIN
small,low (3.4-4.0),35,9ZFY
small,low (3.4-4.0),36,26DK
small,low (3.4-4.0),37,9OV9
small,low (3.4-4.0),38,9XZN
small,low (3.4-4.0),39,9RMA
small,low (3.4-4.0),40,9VXT
small,low (3.4-4.0),41,9ODL
small,low (3.4-4.0),42,9O7D
small,low (3.4-4.0),43,9LFC
small,low (3.4-4.0),44,9RHA
small,low (3.4-4.0),45,9E94
small,low (3.4-4.0),46,30JE
small,low (3.4-4.0),47,9NNZ
small,low (3.4-4.0),48,9ODK
small,low (3.4-4.0),49,9XWN
small,low (3.4-4.0),50,9V2U
small,low (3.4-4.0),51,9RIJ
small,low (3.4-4.0),52,11HM
small,low (3.4-4.0),53,26QI
small,low (3.4-4.0),54,36BB
small,low (3.4-4.0),55,9Z7T
small,low (3.4-4.0),56,9Y6F
small,low (3.4-4.0),57,9T8D
small,low (3.4-4.0),58,9S6Y
small,low (3.4-4.0),59,24VK
small,low (3.4-4.0),60,9WS8
small,low (3.4-4.0),61,9GJM
small,low (3.4-4.0),62,36AZ
small,low (3.4-4.0),63,9W64
small,low (3.4-4.0),64,9KQM
small,low (3.4-4.0),65,10TL
small,low (3.4-4.0),66,9S6Q
small,low (3.4-4.0),67,9S0R
small,low (3.4-4.0),68,11IT
small,low (3.4-4.0),69,9GJC
small,low (3.4-4.0),70,10TP
small,low (3.4-4.0),71,9KAG
small,low (3.4-4.0),72,9ODH
small,low (3.4-4.0),73,9UHG
small,low (3.4-4.0),74,9WDX
small,low (3.4-4.0),75,9T3R
small,low (3.4-4.0),76,9K8Y
small,low (3.4-4.0),77,12ES
small,low (3.4-4.0),78,12OY
small,low (3.4-4.0),79,9QH1
small,low (3.4-4.0),80,11XZ
small,low (3.4-4.0),81,9RIL
small,low (3.4-4.0),82,24VZ
small,low (3.4-4.0),83,9K91
small,low (3.4-4.0),84,9LZ0
small,low (3.4-4.0),85,23IG
small,low (3.4-4.0),86,23SQ
small,low (3.4-4.0),87,31EZ
small,low (3.4-4.0),88,9I3T
small,low (3.4-4.0),89,28WZ
small,low (3.4-4.0),90,9NU5
small,low (3.4-4.0),91,9JBU
small,low (3.4-4.0),92,11WR
small,low (3.4-4.0),93,9Z6N
small,low (3.4-4.0),94,9LGT
small,low (3.4-4.0),95,9LFA
small,low (3.4-4.0),96,31CK
small,low (3.4-4.0),97,9LP1
small,low (3.4-4.0),98,9R2N
small,low (3.4-4.0),99,9WLA
small,low (3.4-4.0),100,13KK
small,low (3.4-4.0),101,9VBV
small,low (3.4-4.0),102,9IP5
small,low (3.4-4.0),103,9HJQ
small,low (3.4-4.0),104,9NAH
small,low (3.4-4.0),105,9MAN
small,low (3.4-4.0),106,9IPM
small,low (3.4-4.0),107,23GX
small,low (3.4-4.0),108,9UAT
small,low (3.4-4.0),109,21AL
small,low (3.4-4.0),110,9YR4
small,low (3.4-4.0),111,9T9R
small,low (3.4-4.0),112,9Z60
small,low (3.4-4.0),113,26GP
small,low (3.4-4.0),114,9WMD
small,low (3.4-4.0),115,9JKM
small,low (3.4-4.0),116,9CZC
small,low (3.4-4.0),117,26VE
small,low (3.4-4.0),118,9DPD
small,low (3.4-4.0),119,9UFN
small,low (3.4-4.0),120,21DI
small,low (3.4-4.0),121,27OA
small,low (3.4-4.0),122,9QHX
small,low (3.4-4.0),123,9W0M
small,low (3.4-4.0),124,9LM0
small,low (3.4-4.0),125,30YZ
small,low (3.4-4.0),126,9UA5
small,low (3.4-4.0),127,11YA
small,low (3.4-4.0),128,9K7G
small,low (3.4-4.0),129,9XZK
small,low (3.4-4.0),130,9GJA
small,low (3.4-4.0),131,9Q37
small,low (3.4-4.0),132,21WL
small,low (3.4-4.0),133,9P8A
small,low (3.4-4.0),134,24VM
small,low (3.4-4.0),135,9MNM
small,low (3.4-4.0),136,9PR6
small,low (3.4-4.0),137,9XQN
small,low (3.4-4.0),138,9YI2
small,low (3.4-4.0),139,9UGJ
small,low (3.4-4.0),140,28WY
small,low (3.4-4.0),141,9Z7R
small,low (3.4-4.0),142,9Q7J
small,low (3.4-4.0),143,29IN
small,low (3.4-4.0),144,9LOG
small,low (3.4-4.0),145,9SFD
small,low (3.4-4.0),146,9LBW
small,low (3.4-4.0),147,9SF5
small,low (3.4-4.0),148,10FJ
small,low (3.4-4.0),149,9TIU
small,low (3.4-4.0),150,24VU
small,low (3.4-4.0),151,24VT
small,low (3.4-4.0),152,23IC
small,low (3.4-4.0),153,26VB
small,low (3.4-4.0),154,9OV0
small,low (3.4-4.0),155,9NOZ
small,low (3.4-4.0),156,23SP
small,low (3.4-4.0),157,9K7S
small,low (3.4-4.0),158,9LKB
small,low (3.4-4.0),159,9OA9
small,low (3.4-4.0),160,9DPI
small,low (3.4-4.0),161,24VO
small,low (3.4-4.0),162,9NEN
small,low (3.4-4.0),163,9ODO
small,low (3.4-4.0),164,9WLB
small,low (3.4-4.0),165,9L8N
small,low (3.4-4.0),166,31BG
small,low (3.4-4.0),167,9S5J
small,low (3.4-4.0),168,9XJK
small,low (3.4-4.0),169,9V3C
small,low (3.4-4.0),170,9VCT
small,low (3.4-4.0),171,9OZ1
small,low (3.4-4.0),172,9LKD
small,low (3.4-4.0),173,24WA
small,low (3.4-4.0),174,9JLP
small,low (3.4-4.0),175,9UPB
small,low (3.4-4.0),176,9Z7S
small,low (3.4-4.0),177,9YSS
small,low (3.4-4.0),178,9VJ4
small,low (3.4-4.0),179,9YGI
small,low (3.4-4.0),180,9VZ8
small,low (3.4-4.0),181,11TK
small,low (3.4-4.0),182,9Q6Z
small,low (3.4-4.0),183,9BID
small,low (3.4-4.0),184,23BB
small,low (3.4-4.0),185,24VW
small,low (3.4-4.0),186,22OF
small,low (3.4-4.0),187,24VN
small,low (3.4-4.0),188,9X9T
small,low (3.4-4.0),189,9MB8
small,low (3.4-4.0),190,9K90
small,low (3.4-4.0),191,9WUM
small,low (3.4-4.0),192,9ODI
small,low (3.4-4.0),193,9SAU
small,low (3.4-4.0),194,9GJB
small,low (3.4-4.0),195,43JH
small,low (3.4-4.0),196,9YSR
small,low (3.4-4.0),197,9UVU
small,low (3.4-4.0),198,9W0P
small,low (3.4-4.0),199,9OTK
small,low (3.4-4.0),200,9Z1N
small,low (3.4-4.0),201,9XQB
small,low (3.4-4.0),202,9TQJ
small,low (3.4-4.0),203,9TIG
small,low (3.4-4.0),204,9LN6
small,low (3.4-4.0),205,25IF
small,low (3.4-4.0),206,9R41
small,low (3.4-4.0),207,9P89
small,low (3.4-4.0),208,9X3S
small,low (3.4-4.0),209,9N38
small,low (3.4-4.0),210,9XDC
small,low (3.4-4.0),211,9FTE
small,low (3.4-4.0),212,9NU4
small,low (3.4-4.0),213,10UJ
small,low (3.4-4.0),214,11TH
small,low (3.4-4.0),215,43JF
small,low (3.4-4.0),216,9J6V
small,low (3.4-4.0),217,9ULO
small,low (3.4-4.0),218,9XDD
small,low (3.4-4.0),219,9TIV
small,low (3.4-4.0),220,9XD0
small,low (3.4-4.0),221,9KAF
small,low (3.4-4.0),222,9TYI
small,low (3.4-4.0),223,24VQ
small,low (3.4-4.0),224,9XI8
small,low (3.4-4.0),225,9RIG
small,low (3.4-4.0),226,9QOP
small,low (3.4-4.0),227,9X05
small,low (3.4-4.0),228,23WO
small,low (3.4-4.0),229,9QSH
small,low (3.4-4.0),230,9LOZ
small,low (3.4-4.0),231,11XY
small,low (3.4-4.0),232,9UGY
small,low (3.4-4.0),233,9ZUN
small,low (3.4-4.0),234,9UUY
small,low (3.4-4.0),235,9YG5
small,low (3.4-4.0),236,9OK8
small,low (3.4-4.0),237,43JG
small,low (3.4-4.0),238,9OK7
small,low (3.4-4.0),239,9UPE
small,low (3.4-4.0),240,9YGH
small,low (3.4-4.0),241,24VS
small,low (3.4-4.0),242,9ZDY
small,low (3.4-4.0),243,9YGR
small,low (3.4-4.0),244,9ZTK
small,low (3.4-4.0),245,26WC
small,low (3.4-4.0),246,9V6T
small,low (3.4-4.0),247,9UI1
small,low (3.4-4.0),248,9YQL
small,low (3.4-4.0),249,9Y7I
small,low (3.4-4.0),250,9Z61
small,low (3.4-4.0),251,9PVO
small,low (3.4-4.0),252,9QHK
small,low (3.4-4.0),253,9X95
small,low (3.4-4.0),254,9PMS
small,low (3.4-4.0),255,35TL
small,low (3.4-4.0),256,21AM
small,low (3.4-4.0),257,9NU8
small,low (3.4-4.0),258,9THK
small,low (3.4-4.0),259,11XX
small,low (3.4-4.0),260,9LFD
small,low (3.4-4.0),261,9JKR
small,low (3.4-4.0),262,24VV
medium,near-atomic (<2.2),0,9T3X
medium,near-atomic (<2.2),1,9MZE
medium,near-atomic (<2.2),2,10ZL
medium,near-atomic (<2.2),3,9PXL
medium,near-atomic (<2.2),4,9RGD
medium,near-atomic (<2.2),5,38HM
medium,near-atomic (<2.2),6,11MT
medium,near-atomic (<2.2),7,11ND
medium,near-atomic (<2.2),8,9QTO
medium,near-atomic (<2.2),9,9K4B
medium,near-atomic (<2.2),10,11NX
medium,near-atomic (<2.2),11,9XNY
medium,near-atomic (<2.2),12,11NC
medium,near-atomic (<2.2),13,11NW
medium,near-atomic (<2.2),14,9E5N
medium,near-atomic (<2.2),15,11NK
medium,near-atomic (<2.2),16,9YER
medium,near-atomic (<2.2),17,11NM
medium,near-atomic (<2.2),18,11OC
medium,near-atomic (<2.2),19,11CL
medium,near-atomic (<2.2),20,11NO
medium,near-atomic (<2.2),21,9ZPV
medium,near-atomic (<2.2),22,9RY7
medium,near-atomic (<2.2),23,9UJF
medium,near-atomic (<2.2),24,9IFO
medium,near-atomic (<2.2),25,9IAO
medium,near-atomic (<2.2),26,9ZB9
medium,near-atomic (<2.2),27,9OW3
medium,near-atomic (<2.2),28,29XZ
medium,near-atomic (<2.2),29,9RCH
medium,near-atomic (<2.2),30,9Z7A
medium,near-atomic (<2.2),31,9ZQ0
medium,near-atomic (<2.2),32,11NU
medium,near-atomic (<2.2),33,9IAN
medium,near-atomic (<2.2),34,9OW5
medium,near-atomic (<2.2),35,9N05
medium,near-atomic (<2.2),36,9YCY
medium,near-atomic (<2.2),37,9YCX
medium,near-atomic (<2.2),38,11NR
medium,near-atomic (<2.2),39,9SW2
medium,high (2.2-2.8),0,10AC
medium,high (2.2-2.8),1,9QJY
medium,high (2.2-2.8),2,9KH6
medium,high (2.2-2.8),3,9NJ3
medium,high (2.2-2.8),4,9VH5
medium,high (2.2-2.8),5,9SGO
medium,high (2.2-2.8),6,11NJ
medium,high (2.2-2.8),7,9XH2
medium,high (2.2-2.8),8,9E5V
medium,high (2.2-2.8),9,9LR1
medium,high (2.2-2.8),10,11NI
medium,high (2.2-2.8),11,30YS
medium,high (2.2-2.8),12,9P6S
medium,high (2.2-2.8),13,9VMP
medium,high (2.2-2.8),14,9VMO
medium,high (2.2-2.8),15,9LDV
medium,high (2.2-2.8),16,9PIG
medium,high (2.2-2.8),17,9XIX
medium,high (2.2-2.8),18,9HWK
medium,high (2.2-2.8),19,9RZU
medium,high (2.2-2.8),20,9YJZ
medium,high (2.2-2.8),21,11DV
medium,high (2.2-2.8),22,22QW
medium,high (2.2-2.8),23,37XD
medium,high (2.2-2.8),24,9IAS
medium,high (2.2-2.8),25,9X5W
medium,high (2.2-2.8),26,9WEZ
medium,high (2.2-2.8),27,9RH1
medium,high (2.2-2.8),28,9N00
medium,high (2.2-2.8),29,9VVO
medium,high (2.2-2.8),30,9COG
medium,high (2.2-2.8),31,22QU
medium,high (2.2-2.8),32,9X0R
medium,high (2.2-2.8),33,10DB
medium,high (2.2-2.8),34,9Z79
medium,high (2.2-2.8),35,9ZWM
medium,high (2.2-2.8),36,11YZ
medium,high (2.2-2.8),37,9Y6T
medium,high (2.2-2.8),38,9Q2H
medium,high (2.2-2.8),39,11NL
medium,high (2.2-2.8),40,12ID
medium,high (2.2-2.8),41,9VY1
medium,high (2.2-2.8),42,9V3F
medium,high (2.2-2.8),43,29YD
medium,high (2.2-2.8),44,9YOS
medium,high (2.2-2.8),45,9XJP
medium,high (2.2-2.8),46,9VRB
medium,high (2.2-2.8),47,9X5R
medium,high (2.2-2.8),48,28YN
medium,high (2.2-2.8),49,21GQ
medium,high (2.2-2.8),50,9SRW
medium,high (2.2-2.8),51,9ZZO
medium,high (2.2-2.8),52,28PN
medium,high (2.2-2.8),53,9WUC
medium,high (2.2-2.8),54,9V0X
medium,high (2.2-2.8),55,9SH6
medium,high (2.2-2.8),56,9Q5M
medium,high (2.2-2.8),57,11NF
medium,high (2.2-2.8),58,11NN
medium,high (2.2-2.8),59,9M1R
medium,high (2.2-2.8),60,12IZ
medium,high (2.2-2.8),61,26NL
medium,high (2.2-2.8),62,9RZV
medium,high (2.2-2.8),63,9ZQ1
medium,high (2.2-2.8),64,25IH
medium,high (2.2-2.8),65,9TNS
medium,high (2.2-2.8),66,9E4F
medium,high (2.2-2.8),67,9COE
medium,high (2.2-2.8),68,23IW
medium,high (2.2-2.8),69,9VUJ
medium,high (2.2-2.8),70,9VMN
medium,high (2.2-2.8),71,9M4E
medium,high (2.2-2.8),72,9XVE
medium,high (2.2-2.8),73,11QC
medium,high (2.2-2.8),74,9W4Q
medium,high (2.2-2.8),75,24KR
medium,high (2.2-2.8),76,9OHM
medium,high (2.2-2.8),77,26KD
medium,high (2.2-2.8),78,9UEK
medium,high (2.2-2.8),79,22ES
medium,high (2.2-2.8),80,9LM5
medium,high (2.2-2.8),81,9VXZ
medium,high (2.2-2.8),82,20ZC
medium,high (2.2-2.8),83,37IX
medium,high (2.2-2.8),84,9N8Y
medium,high (2.2-2.8),85,9PXG
medium,high (2.2-2.8),86,9YKV
medium,high (2.2-2.8),87,8YRQ
medium,high (2.2-2.8),88,20ZH
medium,high (2.2-2.8),89,9ZBC
medium,high (2.2-2.8),90,9QPO
medium,high (2.2-2.8),91,9X0Q
medium,high (2.2-2.8),92,9ZWK
medium,high (2.2-2.8),93,9VXV
medium,high (2.2-2.8),94,9MZF
medium,high (2.2-2.8),95,9LHZ
medium,high (2.2-2.8),96,9YF0
medium,high (2.2-2.8),97,43FX
medium,high (2.2-2.8),98,25II
medium,high (2.2-2.8),99,23BT
medium,high (2.2-2.8),100,9W2Z
medium,high (2.2-2.8),101,9SNK
medium,high (2.2-2.8),102,9WPM
medium,high (2.2-2.8),103,9T33
medium,high (2.2-2.8),104,9PE4
medium,high (2.2-2.8),105,9OXM
medium,high (2.2-2.8),106,9VXP
medium,high (2.2-2.8),107,9RD0
medium,high (2.2-2.8),108,9WTZ
medium,high (2.2-2.8),109,9VUQ
medium,high (2.2-2.8),110,9VQS
medium,high (2.2-2.8),111,9ZPX
medium,high (2.2-2.8),112,9NJA
medium,high (2.2-2.8),113,9ZPW
medium,high (2.2-2.8),114,9YEX
medium,high (2.2-2.8),115,9XI1
medium,high (2.2-2.8),116,22QT
medium,high (2.2-2.8),117,12RJ
medium,high (2.2-2.8),118,9E5X
medium,high (2.2-2.8),119,9O36
medium,high (2.2-2.8),120,9YI4
medium,high (2.2-2.8),121,9Z6T
medium,high (2.2-2.8),122,11NH
medium,high (2.2-2.8),123,9E4A
medium,high (2.2-2.8),124,11EU
medium,high (2.2-2.8),125,9QPP
medium,high (2.2-2.8),126,9ZT8
medium,high (2.2-2.8),127,9VQU
medium,high (2.2-2.8),128,9OI2
medium,high (2.2-2.8),129,9SHW
medium,high (2.2-2.8),130,11CJ
medium,high (2.2-2.8),131,11CN
medium,high (2.2-2.8),132,9SGY
medium,high (2.2-2.8),133,9RLC
medium,high (2.2-2.8),134,9ZBD
medium,high (2.2-2.8),135,9E7I
medium,high (2.2-2.8),136,28MJ
medium,high (2.2-2.8),137,9EGG
medium,high (2.2-2.8),138,9VAW
medium,high (2.2-2.8),139,22TE
medium,high (2.2-2.8),140,9W4C
medium,high (2.2-2.8),141,9X5Y
medium,high (2.2-2.8),142,9UPU
medium,high (2.2-2.8),143,9UOE
medium,high (2.2-2.8),144,9SFV
medium,high (2.2-2.8),145,22QV
medium,high (2.2-2.8),146,28PR
medium,high (2.2-2.8),147,9Q71
medium,high (2.2-2.8),148,9Z7B
medium,high (2.2-2.8),149,9U68
medium,high (2.2-2.8),150,9QJS
medium,high (2.2-2.8),151,24VC
medium,high (2.2-2.8),152,9SGS
medium,high (2.2-2.8),153,9LEZ
medium,high (2.2-2.8),154,9YEU
medium,high (2.2-2.8),155,9YE8
medium,high (2.2-2.8),156,9N04
medium,high (2.2-2.8),157,32FI
medium,high (2.2-2.8),158,9Q3A
medium,high (2.2-2.8),159,22QS
medium,high (2.2-2.8),160,9VV6
medium,high (2.2-2.8),161,9ZPY
medium,high (2.2-2.8),162,9PXK
medium,high (2.2-2.8),163,9SHO
medium,high (2.2-2.8),164,9TPA
medium,high (2.2-2.8),165,26CI
medium,high (2.2-2.8),166,9Y93
medium,high (2.2-2.8),167,9SGL
medium,high (2.2-2.8),168,9N3V
medium,high (2.2-2.8),169,10RX
medium,high (2.2-2.8),170,25EX
medium,high (2.2-2.8),171,9M1S
medium,high (2.2-2.8),172,29YE
medium,high (2.2-2.8),173,9T5W
medium,high (2.2-2.8),174,9VXX
medium,high (2.2-2.8),175,9Z78
medium,high (2.2-2.8),176,9VQR
medium,high (2.2-2.8),177,9LE0
medium,high (2.2-2.8),178,9S4T
medium,high (2.2-2.8),179,24RC
medium,high (2.2-2.8),180,9ZPZ
medium,high (2.2-2.8),181,9YTC
medium,high (2.2-2.8),182,9SGP
medium,high (2.2-2.8),183,9LEU
medium,high (2.2-2.8),184,9COF
medium,high (2.2-2.8),185,9OV1
medium,high (2.2-2.8),186,11NE
medium,high (2.2-2.8),187,9VO0
medium,high (2.2-2.8),188,11MU
medium,high (2.2-2.8),189,9OS2
medium,high (2.2-2.8),190,9ZWO
medium,high (2.2-2.8),191,9S05
medium,high (2.2-2.8),192,9Y7P
medium,high (2.2-2.8),193,9LLJ
medium,high (2.2-2.8),194,9SGQ
medium,high (2.2-2.8),195,9PQJ
medium,high (2.2-2.8),196,9XVG
medium,high (2.2-2.8),197,9OXL
medium,high (2.2-2.8),198,9N0E
medium,high (2.2-2.8),199,9ZWL
medium,high (2.2-2.8),200,43SN
medium,high (2.2-2.8),201,11AI
medium,high (2.2-2.8),202,9LDW
medium,high (2.2-2.8),203,11MZ
medium,high (2.2-2.8),204,9WYM
medium,high (2.2-2.8),205,9WUP
medium,high (2.2-2.8),206,9QJX
medium,high (2.2-2.8),207,9ZKN
medium,high (2.2-2.8),208,9PTU
medium,high (2.2-2.8),209,13HQ
medium,high (2.2-2.8),210,9WYK
medium,high (2.2-2.8),211,9Y7Z
medium,high (2.2-2.8),212,21TQ
medium,high (2.2-2.8),213,9R8G
medium,high (2.2-2.8),214,9WUK
medium,high (2.2-2.8),215,9XVV
medium,high (2.2-2.8),216,9OUN
medium,high (2.2-2.8),217,9VFX
medium,high (2.2-2.8),218,9WDO
medium,high (2.2-2.8),219,9E4I
medium,high (2.2-2.8),220,9YE6
medium,high (2.2-2.8),221,9NF7
medium,high (2.2-2.8),222,9PE5
medium,high (2.2-2.8),223,9K4A
medium,high (2.2-2.8),224,9TD2
medium,high (2.2-2.8),225,9TNB
medium,high (2.2-2.8),226,29YC
medium,high (2.2-2.8),227,9T88
medium,high (2.2-2.8),228,9VY0
medium,high (2.2-2.8),229,9VUS
medium,high (2.2-2.8),230,27XK
medium,high (2.2-2.8),231,9PXN
medium,high (2.2-2.8),232,9K3S
medium,high (2.2-2.8),233,9MXU
medium,high (2.2-2.8),234,11CO
medium,high (2.2-2.8),235,9ZRQ
medium,high (2.2-2.8),236,29TC
medium,high (2.2-2.8),237,11MV
medium,high (2.2-2.8),238,9M4C
medium,high (2.2-2.8),239,30YW
medium,high (2.2-2.8),240,9SRT
medium,high (2.2-2.8),241,9YBM
medium,high (2.2-2.8),242,9NNC
medium,high (2.2-2.8),243,9N9E
medium,high (2.2-2.8),244,9SEJ
medium,high (2.2-2.8),245,11NA
medium,high (2.2-2.8),246,11HK
medium,high (2.2-2.8),247,12IE
medium,high (2.2-2.8),248,22BV
medium,high (2.2-2.8),249,11NT
medium,high (2.2-2.8),250,9EFT
medium,high (2.2-2.8),251,9USZ
medium,high (2.2-2.8),252,9XCM
medium,high (2.2-2.8),253,23PI
medium,high (2.2-2.8),254,9N5J
medium,high (2.2-2.8),255,9YEK
medium,high (2.2-2.8),256,36HU
medium,high (2.2-2.8),257,9X0C
medium,high (2.2-2.8),258,9SF4
medium,high (2.2-2.8),259,9S8B
medium,high (2.2-2.8),260,9STA
medium,high (2.2-2.8),261,29YB
medium,high (2.2-2.8),262,9YEL
medium,high (2.2-2.8),263,9W41
medium,high (2.2-2.8),264,9T0F
medium,high (2.2-2.8),265,29YA
medium,high (2.2-2.8),266,9WSR
medium,high (2.2-2.8),267,23IV
medium,high (2.2-2.8),268,9X5X
medium,high (2.2-2.8),269,21GR
medium,high (2.2-2.8),270,9E4G
medium,high (2.2-2.8),271,11MS
medium,high (2.2-2.8),272,9E4H
medium,high (2.2-2.8),273,9PWA
medium,high (2.2-2.8),274,9EFS
medium,high (2.2-2.8),275,9UJ4
medium,high (2.2-2.8),276,9LTJ
medium,high (2.2-2.8),277,20ZG
medium,high (2.2-2.8),278,11NP
medium,high (2.2-2.8),279,20ZK
medium,high (2.2-2.8),280,9E4K
medium,high (2.2-2.8),281,24QH
medium,high (2.2-2.8),282,9T17
medium,high (2.2-2.8),283,9LR3
medium,high (2.2-2.8),284,9ZWN
medium,high (2.2-2.8),285,9YK0
medium,high (2.2-2.8),286,28LW
medium,high (2.2-2.8),287,9O1I
medium,high (2.2-2.8),288,9SFJ
medium,high (2.2-2.8),289,9VNZ
medium,high (2.2-2.8),290,9Y8Z
medium,high (2.2-2.8),291,9NJ6
medium,high (2.2-2.8),292,9VH4
medium,high (2.2-2.8),293,12ZE
medium,high (2.2-2.8),294,9VQV
medium,high (2.2-2.8),295,9XD4
medium,high (2.2-2.8),296,26KB
medium,high (2.2-2.8),297,9VO2
medium,high (2.2-2.8),298,9NWS
medium,high (2.2-2.8),299,9HV6
medium,high (2.2-2.8),300,22TH
medium,high (2.2-2.8),301,9ZJR
medium,high (2.2-2.8),302,9UCL
medium,high (2.2-2.8),303,9UPV
medium,high (2.2-2.8),304,9XNX
medium,high (2.2-2.8),305,9QTN
medium,high (2.2-2.8),306,9I9Y
medium,high (2.2-2.8),307,9PA1
medium,high (2.2-2.8),308,11HW
medium,high (2.2-2.8),309,9XUR
medium,high (2.2-2.8),310,9WAI
medium,high (2.2-2.8),311,9NJ9
medium,high (2.2-2.8),312,11RN
medium,high (2.2-2.8),313,9X1V
medium,high (2.2-2.8),314,9XI6
medium,high (2.2-2.8),315,9Q7B
medium,high (2.2-2.8),316,9YE7
medium,high (2.2-2.8),317,9ROG
medium,high (2.2-2.8),318,9YEI
medium,high (2.2-2.8),319,9LT3
medium,high (2.2-2.8),320,24XB
medium,high (2.2-2.8),321,22BU
medium,high (2.2-2.8),322,9LET
medium,high (2.2-2.8),323,9RD9
medium,high (2.2-2.8),324,9PWB
medium,high (2.2-2.8),325,9YEH
medium,high (2.2-2.8),326,9VCS
medium,high (2.2-2.8),327,9WAJ
medium,high (2.2-2.8),328,9DZJ
medium,high (2.2-2.8),329,9PEL
medium,high (2.2-2.8),330,9T35
medium,high (2.2-2.8),331,9M1U
medium,high (2.2-2.8),332,9X5Z
medium,high (2.2-2.8),333,9YET
medium,high (2.2-2.8),334,11OB
medium,high (2.2-2.8),335,9K6X
medium,high (2.2-2.8),336,30YY
medium,high (2.2-2.8),337,28PQ
medium,high (2.2-2.8),338,9NWT
medium,high (2.2-2.8),339,9PA4
medium,high (2.2-2.8),340,11NB
medium,high (2.2-2.8),341,12RI
medium,high (2.2-2.8),342,20ZI
medium,mid (2.8-3.4),0,9ZRY
medium,mid (2.8-3.4),1,9OM7
medium,mid (2.8-3.4),2,36JL
medium,mid (2.8-3.4),3,25XL
medium,mid (2.8-3.4),4,9S3Q
medium,mid (2.8-3.4),5,9VAV
medium,mid (2.8-3.4),6,9SGT
medium,mid (2.8-3.4),7,9MIX
medium,mid (2.8-3.4),8,9UWG
medium,mid (2.8-3.4),9,10EP
medium,mid (2.8-3.4),10,24XZ
medium,mid (2.8-3.4),11,9XW5
medium,mid (2.8-3.4),12,9NCN
medium,mid (2.8-3.4),13,9W0X
medium,mid (2.8-3.4),14,9ZRL
medium,mid (2.8-3.4),15,9PR3
medium,mid (2.8-3.4),16,9PKW
medium,mid (2.8-3.4),17,9KPZ
medium,mid (2.8-3.4),18,9ZKR
medium,mid (2.8-3.4),19,20ZX
medium,mid (2.8-3.4),20,9OXA
medium,mid (2.8-3.4),21,9Y70
medium,mid (2.8-3.4),22,9RLD
medium,mid (2.8-3.4),23,25IJ
medium,mid (2.8-3.4),24,9ROA
medium,mid (2.8-3.4),25,9LTZ
medium,mid (2.8-3.4),26,9IRD
medium,mid (2.8-3.4),27,9RBO
medium,mid (2.8-3.4),28,24GL
medium,mid (2.8-3.4),29,9ROE
medium,mid (2.8-3.4),30,9U9Z
medium,mid (2.8-3.4),31,9RLH
medium,mid (2.8-3.4),32,9R4I
medium,mid (2.8-3.4),33,9X46
medium,mid (2.8-3.4),34,9W6U
medium,mid (2.8-3.4),35,9X5J
medium,mid (2.8-3.4),36,9VS4
medium,mid (2.8-3.4),37,9DZ4
medium,mid (2.8-3.4),38,9VB2
medium,mid (2.8-3.4),39,9XSM
medium,mid (2.8-3.4),40,9SW5
medium,mid (2.8-3.4),41,9N2I
medium,mid (2.8-3.4),42,9ZZJ
medium,mid (2.8-3.4),43,9SIQ
medium,mid (2.8-3.4),44,9VB7
medium,mid (2.8-3.4),45,9ROQ
medium,mid (2.8-3.4),46,9INZ
medium,mid (2.8-3.4),47,9WFU
medium,mid (2.8-3.4),48,9I7M
medium,mid (2.8-3.4),49,9Q5V
medium,mid (2.8-3.4),50,9WUD
medium,mid (2.8-3.4),51,9VAU
medium,mid (2.8-3.4),52,24ID
medium,mid (2.8-3.4),53,9LW5
medium,mid (2.8-3.4),54,9LTL
medium,mid (2.8-3.4),55,9NI6
medium,mid (2.8-3.4),56,9I6D
medium,mid (2.8-3.4),57,9KOF
medium,mid (2.8-3.4),58,9ST9
medium,mid (2.8-3.4),59,9VB0
medium,mid (2.8-3.4),60,9P0L
medium,mid (2.8-3.4),61,9WYT
medium,mid (2.8-3.4),62,9VUC
medium,mid (2.8-3.4),63,44AB
medium,mid (2.8-3.4),64,9W4D
medium,mid (2.8-3.4),65,9PE3
medium,mid (2.8-3.4),66,9Z04
medium,mid (2.8-3.4),67,9T7P
medium,mid (2.8-3.4),68,9TBJ
medium,mid (2.8-3.4),69,9QON
medium,mid (2.8-3.4),70,9S7G
medium,mid (2.8-3.4),71,31MR
medium,mid (2.8-3.4),72,9UMG
medium,mid (2.8-3.4),73,9YLB
medium,mid (2.8-3.4),74,9MAI
medium,mid (2.8-3.4),75,9VB4
medium,mid (2.8-3.4),76,9XKA
medium,mid (2.8-3.4),77,9IAR
medium,mid (2.8-3.4),78,22DZ
medium,mid (2.8-3.4),79,9ZT5
medium,mid (2.8-3.4),80,9XED
medium,mid (2.8-3.4),81,9MAE
medium,mid (2.8-3.4),82,9WG2
medium,mid (2.8-3.4),83,9MC5
medium,mid (2.8-3.4),84,9RLF
medium,mid (2.8-3.4),85,9UT7
medium,mid (2.8-3.4),86,28MO
medium,mid (2.8-3.4),87,9W81
medium,mid (2.8-3.4),88,24XY
medium,mid (2.8-3.4),89,21TP
medium,mid (2.8-3.4),90,23SR
medium,mid (2.8-3.4),91,9XI4
medium,mid (2.8-3.4),92,25LE
medium,mid (2.8-3.4),93,9P9W
medium,mid (2.8-3.4),94,9HV4
medium,mid (2.8-3.4),95,9P6X
medium,mid (2.8-3.4),96,9RGE
medium,mid (2.8-3.4),97,9X61
medium,mid (2.8-3.4),98,9VCP
medium,mid (2.8-3.4),99,9UFZ
medium,mid (2.8-3.4),100,28PP
medium,mid (2.8-3.4),101,9XUK
medium,mid (2.8-3.4),102,9ODY
medium,mid (2.8-3.4),103,9T5V
medium,mid (2.8-3.4),104,9MZN
medium,mid (2.8-3.4),105,9OE2
medium,mid (2.8-3.4),106,9ROF
medium,mid (2.8-3.4),107,9S4S
medium,mid (2.8-3.4),108,11ZK
medium,mid (2.8-3.4),109,9P0M
medium,mid (2.8-3.4),110,9W2F
medium,mid (2.8-3.4),111,10OZ
medium,mid (2.8-3.4),112,9OUP
medium,mid (2.8-3.4),113,9LTO
medium,mid (2.8-3.4),114,9VXY
medium,mid (2.8-3.4),115,9RLJ
medium,mid (2.8-3.4),116,9ZM2
medium,mid (2.8-3.4),117,9Y5I
medium,mid (2.8-3.4),118,9U58
medium,mid (2.8-3.4),119,23PG
medium,mid (2.8-3.4),120,9VUA
medium,mid (2.8-3.4),121,9CTY
medium,mid (2.8-3.4),122,9RYF
medium,mid (2.8-3.4),123,25ST
medium,mid (2.8-3.4),124,9OKE
medium,mid (2.8-3.4),125,9MC7
medium,mid (2.8-3.4),126,9W1Z
medium,mid (2.8-3.4),127,9Y4T
medium,mid (2.8-3.4),128,9IRS
medium,mid (2.8-3.4),129,9Y96
medium,mid (2.8-3.4),130,9UP2
medium,mid (2.8-3.4),131,23NX
medium,mid (2.8-3.4),132,20YW
medium,mid (2.8-3.4),133,9UYO
medium,mid (2.8-3.4),134,9OYG
medium,mid (2.8-3.4),135,9LK6
medium,mid (2.8-3.4),136,9THI
medium,mid (2.8-3.4),137,9QH9
medium,mid (2.8-3.4),138,9PZO
medium,mid (2.8-3.4),139,9S2H
medium,mid (2.8-3.4),140,9VXU
medium,mid (2.8-3.4),141,9Q0Y
medium,mid (2.8-3.4),142,9NW0
medium,mid (2.8-3.4),143,25JX
medium,mid (2.8-3.4),144,9ROP
medium,mid (2.8-3.4),145,21WY
medium,mid (2.8-3.4),146,10MU
medium,mid (2.8-3.4),147,9WYL
medium,mid (2.8-3.4),148,9YTS
medium,mid (2.8-3.4),149,9OUO
medium,mid (2.8-3.4),150,9XNO
medium,mid (2.8-3.4),151,9Y7W
medium,mid (2.8-3.4),152,9XUS
medium,mid (2.8-3.4),153,9WD0
medium,mid (2.8-3.4),154,9SQW
medium,mid (2.8-3.4),155,9PWC
medium,mid (2.8-3.4),156,9T7V
medium,mid (2.8-3.4),157,9NX0
medium,mid (2.8-3.4),158,9O1O
medium,mid (2.8-3.4),159,9OV4
medium,mid (2.8-3.4),160,9VB1
medium,mid (2.8-3.4),161,9YTA
medium,mid (2.8-3.4),162,25MJ
medium,mid (2.8-3.4),163,9COH
medium,mid (2.8-3.4),164,9ZA1
medium,mid (2.8-3.4),165,9X58
medium,mid (2.8-3.4),166,9XI2
medium,mid (2.8-3.4),167,9PKZ
medium,mid (2.8-3.4),168,22RJ
medium,mid (2.8-3.4),169,9N7V
medium,mid (2.8-3.4),170,9WV1
medium,mid (2.8-3.4),171,9Y71
medium,mid (2.8-3.4),172,9S4U
medium,mid (2.8-3.4),173,9LDX
medium,mid (2.8-3.4),174,9P0N
medium,mid (2.8-3.4),175,9NX2
medium,mid (2.8-3.4),176,25HS
medium,mid (2.8-3.4),177,9W3K
medium,mid (2.8-3.4),178,9N7F
medium,mid (2.8-3.4),179,23PX
medium,mid (2.8-3.4),180,9X20
medium,mid (2.8-3.4),181,9Z6V
medium,mid (2.8-3.4),182,9Z3K
medium,mid (2.8-3.4),183,9CLV
medium,mid (2.8-3.4),184,26FE
medium,mid (2.8-3.4),185,11MN
medium,mid (2.8-3.4),186,9IRU
medium,mid (2.8-3.4),187,9UAM
medium,mid (2.8-3.4),188,11CK
medium,mid (2.8-3.4),189,9ZD2
medium,mid (2.8-3.4),190,9I60
medium,mid (2.8-3.4),191,9SGM
medium,mid (2.8-3.4),192,9S7V
medium,mid (2.8-3.4),193,32ZB
medium,mid (2.8-3.4),194,25JN
medium,mid (2.8-3.4),195,9ZB5
medium,mid (2.8-3.4),196,9ZQY
medium,mid (2.8-3.4),197,9PYK
medium,mid (2.8-3.4),198,10GX
medium,mid (2.8-3.4),199,9M5C
medium,mid (2.8-3.4),200,9T8C
medium,mid (2.8-3.4),201,9LTW
medium,mid (2.8-3.4),202,9XGC
medium,mid (2.8-3.4),203,9VUK
medium,mid (2.8-3.4),204,24YE
medium,mid (2.8-3.4),205,9XHH
medium,mid (2.8-3.4),206,9MK6
medium,mid (2.8-3.4),207,9XUL
medium,mid (2.8-3.4),208,9MC9
medium,mid (2.8-3.4),209,9W50
medium,mid (2.8-3.4),210,9XJ5
medium,mid (2.8-3.4),211,25JP
medium,mid (2.8-3.4),212,22LL
medium,mid (2.8-3.4),213,23PH
medium,mid (2.8-3.4),214,9IVJ
medium,mid (2.8-3.4),215,9VBN
medium,mid (2.8-3.4),216,12BL
medium,mid (2.8-3.4),217,9UVC
medium,mid (2.8-3.4),218,9PQT
medium,mid (2.8-3.4),219,9ZKT
medium,mid (2.8-3.4),220,9MZG
medium,mid (2.8-3.4),221,9WYV
medium,mid (2.8-3.4),222,27ZD
medium,mid (2.8-3.4),223,9YYU
medium,mid (2.8-3.4),224,9NVW
medium,mid (2.8-3.4),225,9WZS
medium,mid (2.8-3.4),226,9DWT
medium,mid (2.8-3.4),227,22EC
medium,mid (2.8-3.4),228,9I8U
medium,mid (2.8-3.4),229,11SM
medium,mid (2.8-3.4),230,9RO9
medium,mid (2.8-3.4),231,9ZRZ
medium,mid (2.8-3.4),232,9DX4
medium,mid (2.8-3.4),233,9LLC
medium,mid (2.8-3.4),234,9TXL
medium,mid (2.8-3.4),235,9WFG
medium,mid (2.8-3.4),236,9NVV
medium,mid (2.8-3.4),237,9OXH
medium,mid (2.8-3.4),238,9UYQ
medium,mid (2.8-3.4),239,9MNB
medium,mid (2.8-3.4),240,13JV
medium,mid (2.8-3.4),241,9PZN
medium,mid (2.8-3.4),242,9WUF
medium,mid (2.8-3.4),243,9OEM
medium,mid (2.8-3.4),244,10EO
medium,mid (2.8-3.4),245,9Y7O
medium,mid (2.8-3.4),246,9SW4
medium,mid (2.8-3.4),247,9Z4J
medium,mid (2.8-3.4),248,9OXB
medium,mid (2.8-3.4),249,9OUM
medium,mid (2.8-3.4),250,9HV5
medium,mid (2.8-3.4),251,26LK
medium,mid (2.8-3.4),252,9PA8
medium,mid (2.8-3.4),253,9RYE
medium,mid (2.8-3.4),254,9PQM
medium,mid (2.8-3.4),255,9HFK
medium,mid (2.8-3.4),256,9OE1
medium,mid (2.8-3.4),257,9QH6
medium,mid (2.8-3.4),258,9LE2
medium,mid (2.8-3.4),259,9VQO
medium,mid (2.8-3.4),260,9MB5
medium,mid (2.8-3.4),261,9VUB
medium,mid (2.8-3.4),262,9Z6U
medium,mid (2.8-3.4),263,9MBZ
medium,mid (2.8-3.4),264,9X4C
medium,mid (2.8-3.4),265,9HUM
medium,mid (2.8-3.4),266,9PRY
medium,mid (2.8-3.4),267,9NI8
medium,mid (2.8-3.4),268,9WPG
medium,mid (2.8-3.4),269,9MAG
medium,mid (2.8-3.4),270,9V1H
medium,mid (2.8-3.4),271,9YLF
medium,mid (2.8-3.4),272,9X28
medium,mid (2.8-3.4),273,9WQ5
medium,mid (2.8-3.4),274,9XVP
medium,mid (2.8-3.4),275,9ON2
medium,mid (2.8-3.4),276,9N1P
medium,mid (2.8-3.4),277,9TUD
medium,mid (2.8-3.4),278,9UKE
medium,mid (2.8-3.4),279,9Q1Z
medium,mid (2.8-3.4),280,9U56
medium,mid (2.8-3.4),281,9XFO
medium,mid (2.8-3.4),282,9VFV
medium,mid (2.8-3.4),283,9CLA
medium,mid (2.8-3.4),284,9TLG
medium,mid (2.8-3.4),285,9LKZ
medium,mid (2.8-3.4),286,21XO
medium,mid (2.8-3.4),287,9ZS7
medium,mid (2.8-3.4),288,9LRM
medium,mid (2.8-3.4),289,9VRD
medium,mid (2.8-3.4),290,9M4D
medium,mid (2.8-3.4),291,9CIN
medium,mid (2.8-3.4),292,9EBC
medium,mid (2.8-3.4),293,9PT4
medium,mid (2.8-3.4),294,9XIY
medium,mid (2.8-3.4),295,10AM
medium,mid (2.8-3.4),296,9LU8
medium,mid (2.8-3.4),297,9VQT
medium,mid (2.8-3.4),298,9PKX
medium,mid (2.8-3.4),299,9I61
medium,mid (2.8-3.4),300,9ZJZ
medium,mid (2.8-3.4),301,9PA2
medium,mid (2.8-3.4),302,9TPQ
medium,mid (2.8-3.4),303,9XGB
medium,mid (2.8-3.4),304,9ZRX
medium,mid (2.8-3.4),305,9E4D
medium,mid (2.8-3.4),306,9MX7
medium,mid (2.8-3.4),307,10ET
medium,mid (2.8-3.4),308,9PXI
medium,mid (2.8-3.4),309,9YRQ
medium,mid (2.8-3.4),310,9WZU
medium,mid (2.8-3.4),311,9LR2
medium,mid (2.8-3.4),312,9P0O
medium,mid (2.8-3.4),313,9O1M
medium,mid (2.8-3.4),314,9YGZ
medium,mid (2.8-3.4),315,9ZRK
medium,mid (2.8-3.4),316,11UG
medium,mid (2.8-3.4),317,9KOH
medium,mid (2.8-3.4),318,9RLG
medium,mid (2.8-3.4),319,9Z2M
medium,mid (2.8-3.4),320,9VBP
medium,mid (2.8-3.4),321,9OAJ
medium,mid (2.8-3.4),322,9ROH
medium,mid (2.8-3.4),323,9WPX
medium,mid (2.8-3.4),324,9RGN
medium,mid (2.8-3.4),325,9X49
medium,mid (2.8-3.4),326,9VU9
medium,mid (2.8-3.4),327,9RLK
medium,mid (2.8-3.4),328,9T5Z
medium,mid (2.8-3.4),329,9WJ0
medium,mid (2.8-3.4),330,9VAT
medium,mid (2.8-3.4),331,9Q24
medium,mid (2.8-3.4),332,9V3E
medium,mid (2.8-3.4),333,9OEN
medium,mid (2.8-3.4),334,36JB
medium,mid (2.8-3.4),335,10ER
medium,mid (2.8-3.4),336,9PR5
medium,mid (2.8-3.4),337,9WIK
medium,mid (2.8-3.4),338,9YSG
medium,mid (2.8-3.4),339,21FY
medium,mid (2.8-3.4),340,11AM
medium,mid (2.8-3.4),341,9OE5
medium,mid (2.8-3.4),342,9ZJV
medium,mid (2.8-3.4),343,9PA5
medium,mid (2.8-3.4),344,9HJX
medium,mid (2.8-3.4),345,9OPJ
medium,mid (2.8-3.4),346,9MC4
medium,mid (2.8-3.4),347,9W23
medium,mid (2.8-3.4),348,9Q15
medium,mid (2.8-3.4),349,9VUL
medium,mid (2.8-3.4),350,9RPB
medium,mid (2.8-3.4),351,25HW
medium,mid (2.8-3.4),352,9O1L
medium,mid (2.8-3.4),353,9XNP
medium,mid (2.8-3.4),354,9OUQ
medium,mid (2.8-3.4),355,44NX
medium,mid (2.8-3.4),356,30US
medium,mid (2.8-3.4),357,9M5Z
medium,mid (2.8-3.4),358,22SK
medium,mid (2.8-3.4),359,9LEV
medium,mid (2.8-3.4),360,11EV
medium,mid (2.8-3.4),361,9NVX
medium,mid (2.8-3.4),362,10DW
medium,mid (2.8-3.4),363,9Q05
medium,mid (2.8-3.4),364,11MX
medium,mid (2.8-3.4),365,9LLZ
medium,mid (2.8-3.4),366,9NCO
medium,mid (2.8-3.4),367,9SIO
medium,mid (2.8-3.4),368,9W1B
medium,mid (2.8-3.4),369,9ROI
medium,mid (2.8-3.4),370,9WPE
medium,mid (2.8-3.4),371,9N9F
medium,mid (2.8-3.4),372,28MQ
medium,mid (2.8-3.4),373,20YV
medium,mid (2.8-3.4),374,9UWQ
medium,mid (2.8-3.4),375,9WQ3
medium,mid (2.8-3.4),376,9I5Z
medium,mid (2.8-3.4),377,24VD
medium,mid (2.8-3.4),378,9SZE
medium,mid (2.8-3.4),379,9R90
medium,mid (2.8-3.4),380,9SLM
medium,mid (2.8-3.4),381,20ZJ
medium,mid (2.8-3.4),382,9LE1
medium,mid (2.8-3.4),383,9NB3
medium,mid (2.8-3.4),384,26FB
medium,mid (2.8-3.4),385,9Q7O
medium,mid (2.8-3.4),386,9QK0
medium,mid (2.8-3.4),387,9PYD
medium,mid (2.8-3.4),388,9MAK
medium,mid (2.8-3.4),389,9Y68
medium,mid (2.8-3.4),390,9E4E
medium,mid (2.8-3.4),391,9NVZ
medium,mid (2.8-3.4),392,9X48
medium,mid (2.8-3.4),393,9LY2
medium,mid (2.8-3.4),394,9SW3
medium,mid (2.8-3.4),395,9OE6
medium,mid (2.8-3.4),396,23SO
medium,mid (2.8-3.4),397,9L76
medium,mid (2.8-3.4),398,9W3Z
medium,mid (2.8-3.4),399,9OM2
medium,mid (2.8-3.4),400,9X65
medium,mid (2.8-3.4),401,11MY
medium,mid (2.8-3.4),402,9Z6W
medium,mid (2.8-3.4),403,9WAK
medium,mid (2.8-3.4),404,27EM
medium,mid (2.8-3.4),405,10FM
medium,mid (2.8-3.4),406,10JB
medium,mid (2.8-3.4),407,9T34
medium,mid (2.8-3.4),408,9MC6
medium,mid (2.8-3.4),409,9Q20
medium,mid (2.8-3.4),410,9HV0
medium,mid (2.8-3.4),411,10DN
medium,mid (2.8-3.4),412,9VE1
medium,mid (2.8-3.4),413,9VAZ
medium,mid (2.8-3.4),414,9Z05
medium,mid (2.8-3.4),415,9RD8
medium,mid (2.8-3.4),416,9VWF
medium,mid (2.8-3.4),417,9UFW
medium,mid (2.8-3.4),418,9Y73
medium,mid (2.8-3.4),419,9VMG
medium,mid (2.8-3.4),420,9ZPT
medium,mid (2.8-3.4),421,9U7T
medium,mid (2.8-3.4),422,9OUR
medium,mid (2.8-3.4),423,9CON
medium,mid (2.8-3.4),424,9VMH
medium,mid (2.8-3.4),425,9YRB
medium,mid (2.8-3.4),426,9RL5
medium,mid (2.8-3.4),427,9SHE
medium,mid (2.8-3.4),428,9MA5
medium,mid (2.8-3.4),429,9ROD
medium,mid (2.8-3.4),430,9P9R
medium,mid (2.8-3.4),431,9N8F
medium,mid (2.8-3.4),432,9TG6
medium,mid (2.8-3.4),433,9WZV
medium,mid (2.8-3.4),434,9WPQ
medium,mid (2.8-3.4),435,9NW1
medium,mid (2.8-3.4),436,9YQ6
medium,mid (2.8-3.4),437,25MI
medium,mid (2.8-3.4),438,9P4F
medium,mid (2.8-3.4),439,10ES
medium,mid (2.8-3.4),440,9UK2
medium,mid (2.8-3.4),441,9H8N
medium,mid (2.8-3.4),442,9RGO
medium,mid (2.8-3.4),443,9SWS
medium,mid (2.8-3.4),444,9QHD
medium,mid (2.8-3.4),445,9VO1
medium,mid (2.8-3.4),446,9TXJ
medium,mid (2.8-3.4),447,8Y71
medium,mid (2.8-3.4),448,9K3X
medium,mid (2.8-3.4),449,9GJG
medium,mid (2.8-3.4),450,9LY3
medium,mid (2.8-3.4),451,27ZV
medium,mid (2.8-3.4),452,9SWR
medium,mid (2.8-3.4),453,9X60
medium,mid (2.8-3.4),454,9MVE
medium,mid (2.8-3.4),455,38KZ
medium,mid (2.8-3.4),456,9V3S
medium,mid (2.8-3.4),457,9LEY
medium,mid (2.8-3.4),458,9E3I
medium,mid (2.8-3.4),459,25NX
medium,mid (2.8-3.4),460,9VB6
medium,mid (2.8-3.4),461,9VB3
medium,mid (2.8-3.4),462,9WET
medium,mid (2.8-3.4),463,9OE0
medium,mid (2.8-3.4),464,9X4B
medium,mid (2.8-3.4),465,9NX1
medium,mid (2.8-3.4),466,10AW
medium,mid (2.8-3.4),467,9SQV
medium,mid (2.8-3.4),468,9OKK
medium,mid (2.8-3.4),469,9VB5
medium,mid (2.8-3.4),470,9VI1
medium,mid (2.8-3.4),471,9N7S
medium,mid (2.8-3.4),472,9LN4
medium,mid (2.8-3.4),473,9L9H
medium,mid (2.8-3.4),474,28MP
medium,mid (2.8-3.4),475,26XH
medium,mid (2.8-3.4),476,9R2I
medium,mid (2.8-3.4),477,25UJ
medium,mid (2.8-3.4),478,9WFR
medium,mid (2.8-3.4),479,9LM6
medium,mid (2.8-3.4),480,22EB
medium,mid (2.8-3.4),481,9U3K
medium,mid (2.8-3.4),482,25NV
medium,mid (2.8-3.4),483,9ZT7
medium,mid (2.8-3.4),484,21GT
medium,mid (2.8-3.4),485,27TM
medium,mid (2.8-3.4),486,9MA7
medium,mid (2.8-3.4),487,9NGZ
medium,mid (2.8-3.4),488,9PA3
medium,mid (2.8-3.4),489,9UKJ
medium,mid (2.8-3.4),490,9VKO
medium,mid (2.8-3.4),491,38KY
medium,mid (2.8-3.4),492,9PYH
medium,mid (2.8-3.4),493,9NJS
medium,mid (2.8-3.4),494,9Q7Y
medium,mid (2.8-3.4),495,10EU
medium,mid (2.8-3.4),496,12BN
medium,mid (2.8-3.4),497,9LSY
medium,mid (2.8-3.4),498,30SJ
medium,mid (2.8-3.4),499,9X4G
medium,mid (2.8-3.4),500,9T7Q
medium,mid (2.8-3.4),501,9S2C
medium,mid (2.8-3.4),502,9RLE
medium,mid (2.8-3.4),503,9WY1
medium,mid (2.8-3.4),504,9PIF
medium,mid (2.8-3.4),505,9PKY
medium,mid (2.8-3.4),506,9XJ7
medium,mid (2.8-3.4),507,9N9W
medium,mid (2.8-3.4),508,9N8J
medium,mid (2.8-3.4),509,25GE
medium,mid (2.8-3.4),510,9UT4
medium,mid (2.8-3.4),511,25LV
medium,mid (2.8-3.4),512,9S7S
medium,mid (2.8-3.4),513,9UEJ
medium,mid (2.8-3.4),514,9E4B
medium,mid (2.8-3.4),515,9XB9
medium,mid (2.8-3.4),516,9OE4
medium,mid (2.8-3.4),517,9PIE
medium,mid (2.8-3.4),518,9W7Y
medium,mid (2.8-3.4),519,9N8Z
medium,mid (2.8-3.4),520,9LEX
medium,mid (2.8-3.4),521,9U4Z
medium,mid (2.8-3.4),522,9SHV
medium,mid (2.8-3.4),523,9YOV
medium,mid (2.8-3.4),524,9N1Q
medium,mid (2.8-3.4),525,11SZ
medium,mid (2.8-3.4),526,9XUM
medium,mid (2.8-3.4),527,9R1T
medium,mid (2.8-3.4),528,9ZHH
medium,mid (2.8-3.4),529,24VE
medium,mid (2.8-3.4),530,9N9H
medium,mid (2.8-3.4),531,9X4A
medium,mid (2.8-3.4),532,9Z67
medium,mid (2.8-3.4),533,9ZVH
medium,mid (2.8-3.4),534,9LPK
medium,mid (2.8-3.4),535,9LN7
medium,mid (2.8-3.4),536,9Y5J
medium,mid (2.8-3.4),537,9OZI
medium,mid (2.8-3.4),538,9XHI
medium,mid (2.8-3.4),539,9UFB
medium,mid (2.8-3.4),540,9W51
medium,mid (2.8-3.4),541,9Z06
medium,mid (2.8-3.4),542,9QH7
medium,mid (2.8-3.4),543,11IB
medium,mid (2.8-3.4),544,9VUM
medium,mid (2.8-3.4),545,9U60
medium,mid (2.8-3.4),546,9YOT
medium,mid (2.8-3.4),547,9ZKP
medium,mid (2.8-3.4),548,9ZT6
medium,mid (2.8-3.4),549,26FV
medium,mid (2.8-3.4),550,9HWJ
medium,mid (2.8-3.4),551,25MK
medium,mid (2.8-3.4),552,9LL7
medium,mid (2.8-3.4),553,9PE2
medium,mid (2.8-3.4),554,21EN
medium,mid (2.8-3.4),555,9X47
medium,mid (2.8-3.4),556,9UV3
medium,mid (2.8-3.4),557,35ZW
medium,mid (2.8-3.4),558,9XQC
medium,mid (2.8-3.4),559,9ZRR
medium,mid (2.8-3.4),560,9VQP
medium,mid (2.8-3.4),561,9WYX
medium,mid (2.8-3.4),562,9YOR
medium,mid (2.8-3.4),563,9WD1
medium,mid (2.8-3.4),564,25SU
medium,mid (2.8-3.4),565,12BP
medium,mid (2.8-3.4),566,11YB
medium,mid (2.8-3.4),567,10EQ
medium,mid (2.8-3.4),568,9WDP
medium,mid (2.8-3.4),569,9U5Z
medium,mid (2.8-3.4),570,9NZ0
medium,mid (2.8-3.4),571,9PUD
medium,mid (2.8-3.4),572,9PE1
medium,mid (2.8-3.4),573,9QJP
medium,mid (2.8-3.4),574,9NAL
medium,mid (2.8-3.4),575,9E4J
medium,mid (2.8-3.4),576,9WQO
medium,mid (2.8-3.4),577,11IW
medium,mid (2.8-3.4),578,9UWV
medium,mid (2.8-3.4),579,9XY4
medium,mid (2.8-3.4),580,11AK
medium,low (3.4-4.0),0,13BV
medium,low (3.4-4.0),1,9JCS
medium,low (3.4-4.0),2,31IC
medium,low (3.4-4.0),3,9OS7
medium,low (3.4-4.0),4,9Y7X
medium,low (3.4-4.0),5,9ROL
medium,low (3.4-4.0),6,9XBY
medium,low (3.4-4.0),7,9W35
medium,low (3.4-4.0),8,9X57
medium,low (3.4-4.0),9,9X04
medium,low (3.4-4.0),10,9UXX
medium,low (3.4-4.0),11,9WIG
medium,low (3.4-4.0),12,9PT5
medium,low (3.4-4.0),13,9P24
medium,low (3.4-4.0),14,9W20
medium,low (3.4-4.0),15,9WMI
medium,low (3.4-4.0),16,12IV
medium,low (3.4-4.0),17,11SX
medium,low (3.4-4.0),18,9TFV
medium,low (3.4-4.0),19,21EO
medium,low (3.4-4.0),20,9PUV
medium,low (3.4-4.0),21,9QHG
medium,low (3.4-4.0),22,9HN2
medium,low (3.4-4.0),23,9UKG
medium,low (3.4-4.0),24,9XUO
medium,low (3.4-4.0),25,9XJL
medium,low (3.4-4.0),26,9IBD
medium,low (3.4-4.0),27,9RGP
medium,low (3.4-4.0),28,9SQ6
medium,low (3.4-4.0),29,9PA6
medium,low (3.4-4.0),30,9PDP
medium,low (3.4-4.0),31,9MZO
medium,low (3.4-4.0),32,10FA
medium,low (3.4-4.0),33,9N0L
medium,low (3.4-4.0),34,9UDK
medium,low (3.4-4.0),35,9HVY
medium,low (3.4-4.0),36,32YY
medium,low (3.4-4.0),37,9VCU
medium,low (3.4-4.0),38,9VPM
medium,low (3.4-4.0),39,25TW
medium,low (3.4-4.0),40,30HD
medium,low (3.4-4.0),41,9CDQ
medium,low (3.4-4.0),42,9ROO
medium,low (3.4-4.0),43,9E0G
medium,low (3.4-4.0),44,9O7F
medium,low (3.4-4.0),45,9M7K
medium,low (3.4-4.0),46,9JB7
medium,low (3.4-4.0),47,9EC7
medium,low (3.4-4.0),48,9W24
medium,low (3.4-4.0),49,9TG3
medium,low (3.4-4.0),50,9Y95
medium,low (3.4-4.0),51,9M6W
medium,low (3.4-4.0),52,9UJV
medium,low (3.4-4.0),53,9ONK
medium,low (3.4-4.0),54,9OEH
medium,low (3.4-4.0),55,29HG
medium,low (3.4-4.0),56,9WG8
medium,low (3.4-4.0),57,9CMG
medium,low (3.4-4.0),58,9KQ0
medium,low (3.4-4.0),59,30OE
medium,low (3.4-4.0),60,9TIO
medium,low (3.4-4.0),61,25FQ
medium,low (3.4-4.0),62,9ZPO
medium,low (3.4-4.0),63,11IY
medium,low (3.4-4.0),64,9U66
medium,low (3.4-4.0),65,9UFV
medium,low (3.4-4.0),66,29TE
medium,low (3.4-4.0),67,9YFT
medium,low (3.4-4.0),68,9O7E
medium,low (3.4-4.0),69,9JN2
medium,low (3.4-4.0),70,9Y6P
medium,low (3.4-4.0),71,9ONJ
medium,low (3.4-4.0),72,9O3G
medium,low (3.4-4.0),73,9XHY
medium,low (3.4-4.0),74,9ZKV
medium,low (3.4-4.0),75,9J94
medium,low (3.4-4.0),76,9UCO
medium,low (3.4-4.0),77,9YQK
medium,low (3.4-4.0),78,9MCB
medium,low (3.4-4.0),79,9RF3
medium,low (3.4-4.0),80,9T3Y
medium,low (3.4-4.0),81,9QHF
medium,low (3.4-4.0),82,9O1N
medium,low (3.4-4.0),83,9VAX
medium,low (3.4-4.0),84,9VCC
medium,low (3.4-4.0),85,9Y80
medium,low (3.4-4.0),86,9CLT
medium,low (3.4-4.0),87,12DK
medium,low (3.4-4.0),88,30FM
medium,low (3.4-4.0),89,9YQ8
medium,low (3.4-4.0),90,10MY
medium,low (3.4-4.0),91,9UXU
medium,low (3.4-4.0),92,9QWW
medium,low (3.4-4.0),93,9TBY
medium,low (3.4-4.0),94,9HU5
medium,low (3.4-4.0),95,25TV
medium,low (3.4-4.0),96,9NMS
medium,low (3.4-4.0),97,12JV
medium,low (3.4-4.0),98,9N01
medium,low (3.4-4.0),99,10NL
medium,low (3.4-4.0),100,9OAA
medium,low (3.4-4.0),101,9LY6
medium,low (3.4-4.0),102,9S0Y
medium,low (3.4-4.0),103,9PU5
medium,low (3.4-4.0),104,9E0F
medium,low (3.4-4.0),105,9XZY
medium,low (3.4-4.0),106,9YIK
medium,low (3.4-4.0),107,11AH
medium,low (3.4-4.0),108,9OFI
medium,low (3.4-4.0),109,9M72
medium,low (3.4-4.0),110,9ROJ
medium,low (3.4-4.0),111,28JQ
medium,low (3.4-4.0),112,9UX8
medium,low (3.4-4.0),113,9Y67
medium,low (3.4-4.0),114,9W37
medium,low (3.4-4.0),115,9WRE
medium,low (3.4-4.0),116,9LCO
medium,low (3.4-4.0),117,9WCA
medium,low (3.4-4.0),118,9OXI
medium,low (3.4-4.0),119,9UGG
medium,low (3.4-4.0),120,30JZ
medium,low (3.4-4.0),121,9OYA
medium,low (3.4-4.0),122,9PR7
medium,low (3.4-4.0),123,9U6R
medium,low (3.4-4.0),124,9HU6
medium,low (3.4-4.0),125,9TQ7
medium,low (3.4-4.0),126,9MA8
medium,low (3.4-4.0),127,12IF
medium,low (3.4-4.0),128,9SQN
medium,low (3.4-4.0),129,9JRH
medium,low (3.4-4.0),130,9X9K
medium,low (3.4-4.0),131,9WBW
medium,low (3.4-4.0),132,9MVF
medium,low (3.4-4.0),133,9P0K
medium,low (3.4-4.0),134,9UYP
medium,low (3.4-4.0),135,9TIH
medium,low (3.4-4.0),136,9I7V
medium,low (3.4-4.0),137,9JZK
medium,low (3.4-4.0),138,9U69
medium,low (3.4-4.0),139,9WLR
medium,low (3.4-4.0),140,9OE8
medium,low (3.4-4.0),141,9PY5
medium,low (3.4-4.0),142,9RMI
medium,low (3.4-4.0),143,9SQM
medium,low (3.4-4.0),144,9P9S
medium,low (3.4-4.0),145,9OVT
medium,low (3.4-4.0),146,9UAN
medium,low (3.4-4.0),147,9SQ5
medium,low (3.4-4.0),148,9O4G
medium,low (3.4-4.0),149,9VPN
medium,low (3.4-4.0),150,9S3T
medium,low (3.4-4.0),151,9MVC
medium,low (3.4-4.0),152,28IK
medium,low (3.4-4.0),153,9CZB
medium,low (3.4-4.0),154,9RNJ
medium,low (3.4-4.0),155,21GF
medium,low (3.4-4.0),156,10RN
medium,low (3.4-4.0),157,12JP
medium,low (3.4-4.0),158,9YCD
medium,low (3.4-4.0),159,9M8F
medium,low (3.4-4.0),160,9UKH
medium,low (3.4-4.0),161,9X0B
medium,low (3.4-4.0),162,9U4C
medium,low (3.4-4.0),163,9JC0
medium,low (3.4-4.0),164,11OH
medium,low (3.4-4.0),165,10NB
medium,low (3.4-4.0),166,9KOG
medium,low (3.4-4.0),167,9WZX
medium,low (3.4-4.0),168,9PM6
medium,low (3.4-4.0),169,9U65
medium,low (3.4-4.0),170,9WZT
medium,low (3.4-4.0),171,9Y75
medium,low (3.4-4.0),172,9L6O
medium,low (3.4-4.0),173,9SQ4
medium,low (3.4-4.0),174,30HU
medium,low (3.4-4.0),175,9Z77
medium,low (3.4-4.0),176,9WS4
medium,low (3.4-4.0),177,9N3B
medium,low (3.4-4.0),178,9HKT
medium,low (3.4-4.0),179,9LNA
medium,low (3.4-4.0),180,9QH4
medium,low (3.4-4.0),181,9SQO
medium,low (3.4-4.0),182,9VAY
medium,low (3.4-4.0),183,9RUX
medium,low (3.4-4.0),184,10NA
medium,low (3.4-4.0),185,9WSN
medium,low (3.4-4.0),186,9RLI
medium,low (3.4-4.0),187,9XDB
medium,low (3.4-4.0),188,9TQ8
medium,low (3.4-4.0),189,9YGT
medium,low (3.4-4.0),190,9JN1
medium,low (3.4-4.0),191,9Y94
medium,low (3.4-4.0),192,9LCQ
medium,low (3.4-4.0),193,9NVY
medium,low (3.4-4.0),194,9I3R
medium,low (3.4-4.0),195,9ODZ
medium,low (3.4-4.0),196,9R91
medium,low (3.4-4.0),197,9XFG
medium,low (3.4-4.0),198,9Q0X
medium,low (3.4-4.0),199,29JR
medium,low (3.4-4.0),200,11UH
medium,low (3.4-4.0),201,9RON
medium,low (3.4-4.0),202,26GA
medium,low (3.4-4.0),203,9YKW
medium,low (3.4-4.0),204,9XJM
medium,low (3.4-4.0),205,9UVA
medium,low (3.4-4.0),206,9LCP
medium,low (3.4-4.0),207,9YOU
medium,low (3.4-4.0),208,9XA3
medium,low (3.4-4.0),209,9WSO
medium,low (3.4-4.0),210,9HXD
medium,low (3.4-4.0),211,9O1P
medium,low (3.4-4.0),212,9W36
medium,low (3.4-4.0),213,9WJS
medium,low (3.4-4.0),214,9YQQ
medium,low (3.4-4.0),215,9OED
medium,low (3.4-4.0),216,9NMT
medium,low (3.4-4.0),217,9OE3
medium,low (3.4-4.0),218,9M8U
medium,low (3.4-4.0),219,13HS
medium,low (3.4-4.0),220,9Y1Q
medium,low (3.4-4.0),221,9WPF
medium,low (3.4-4.0),222,10KF
medium,low (3.4-4.0),223,9VS3
medium,low (3.4-4.0),224,9ZTC
medium,low (3.4-4.0),225,9PUW
medium,low (3.4-4.0),226,9YNR
medium,low (3.4-4.0),227,9QHE
medium,low (3.4-4.0),228,11ED
medium,low (3.4-4.0),229,9QH8
medium,low (3.4-4.0),230,9X3J
medium,low (3.4-4.0),231,9OMZ
medium,low (3.4-4.0),232,9ROK
medium,low (3.4-4.0),233,9UFT
medium,low (3.4-4.0),234,9NYR
medium,low (3.4-4.0),235,9VM2
medium,low (3.4-4.0),236,9DX5
medium,low (3.4-4.0),237,31OX
medium,low (3.4-4.0),238,25TY
medium,low (3.4-4.0),239,9WCB
medium,low (3.4-4.0),240,9JRG
medium,low (3.4-4.0),241,9UV7
medium,low (3.4-4.0),242,29CP
medium,low (3.4-4.0),243,9U9I
medium,low (3.4-4.0),244,30OD
medium,low (3.4-4.0),245,9R1V
medium,low (3.4-4.0),246,10NK
medium,low (3.4-4.0),247,9OE7
medium,low (3.4-4.0),248,25TX
medium,low (3.4-4.0),249,9YBL
medium,low (3.4-4.0),250,9MZR
medium,low (3.4-4.0),251,28MK
medium,low (3.4-4.0),252,9VNY
medium,low (3.4-4.0),253,9NC8
medium,low (3.4-4.0),254,10JA
medium,low (3.4-4.0),255,9SQP
medium,low (3.4-4.0),256,9W2W
medium,low (3.4-4.0),257,9Z0E
medium,low (3.4-4.0),258,9E4C
medium,low (3.4-4.0),259,9I66
medium,low (3.4-4.0),260,9BJ8
medium,low (3.4-4.0),261,9UXI
medium,low (3.4-4.0),262,9WSD
medium,low (3.4-4.0),263,9R1U
medium,low (3.4-4.0),264,9ROM
medium,low (3.4-4.0),265,25HR
medium,low (3.4-4.0),266,10MZ
medium,low (3.4-4.0),267,9P9Q
medium,low (3.4-4.0),268,37ID
medium,low (3.4-4.0),269,9Z2V
medium,low (3.4-4.0),270,9UNW
medium,low (3.4-4.0),271,9J93
medium,low (3.4-4.0),272,9PS5
large,near-atomic (<2.2),0,9WP6
large,near-atomic (<2.2),1,9Z8L
large,near-atomic (<2.2),2,9UNU
large,near-atomic (<2.2),3,25SB
large,near-atomic (<2.2),4,9OW6
large,near-atomic (<2.2),5,21JU
large,near-atomic (<2.2),6,9OVN
large,near-atomic (<2.2),7,9VQQ
large,near-atomic (<2.2),8,9PHF
large,near-atomic (<2.2),9,9S8K
large,near-atomic (<2.2),10,10QQ
large,near-atomic (<2.2),11,9Z9W
large,near-atomic (<2.2),12,9OVP
large,near-atomic (<2.2),13,9Y4B
large,near-atomic (<2.2),14,9E0L
large,near-atomic (<2.2),15,9XDE
large,near-atomic (<2.2),16,9SH2
large,near-atomic (<2.2),17,9Z8F
large,near-atomic (<2.2),18,9XO0
large,near-atomic (<2.2),19,9Z81
large,near-atomic (<2.2),20,9VBO
large,near-atomic (<2.2),21,9NZU
large,near-atomic (<2.2),22,9TPS
large,near-atomic (<2.2),23,9RSU
large,near-atomic (<2.2),24,9Z82
large,near-atomic (<2.2),25,9OW4
large,near-atomic (<2.2),26,27PT
large,near-atomic (<2.2),27,9RSM
large,near-atomic (<2.2),28,9VWE
large,near-atomic (<2.2),29,9OVL
large,near-atomic (<2.2),30,9UH4
large,near-atomic (<2.2),31,9UAR
large,near-atomic (<2.2),32,37YA
large,near-atomic (<2.2),33,9SE7
large,near-atomic (<2.2),34,9ZQU
large,near-atomic (<2.2),35,9Z9S
large,near-atomic (<2.2),36,9VF5
large,high (2.2-2.8),0,9VQW
large,high (2.2-2.8),1,9YSK
large,high (2.2-2.8),2,9OI3
large,high (2.2-2.8),3,9YW0
large,high (2.2-2.8),4,9ZBK
large,high (2.2-2.8),5,9OSU
large,high (2.2-2.8),6,38PA
large,high (2.2-2.8),7,9EFH
large,high (2.2-2.8),8,9TAN
large,high (2.2-2.8),9,9RDK
large,high (2.2-2.8),10,9PJ5
large,high (2.2-2.8),11,9Y72
large,high (2.2-2.8),12,9VKR
large,high (2.2-2.8),13,9L36
large,high (2.2-2.8),14,9ZV9
large,high (2.2-2.8),15,9Z9B
large,high (2.2-2.8),16,9OLM
large,high (2.2-2.8),17,9LOY
large,high (2.2-2.8),18,9WUE
large,high (2.2-2.8),19,11DA
large,high (2.2-2.8),20,9XO1
large,high (2.2-2.8),21,9YVK
large,high (2.2-2.8),22,9Y07
large,high (2.2-2.8),23,9VU0
large,high (2.2-2.8),24,9Z27
large,high (2.2-2.8),25,9Z23
large,high (2.2-2.8),26,29JF
large,high (2.2-2.8),27,9YP8
large,high (2.2-2.8),28,9ZQS
large,high (2.2-2.8),29,9NJ2
large,high (2.2-2.8),30,9LP0
large,high (2.2-2.8),31,9VUI
large,high (2.2-2.8),32,38KL
large,high (2.2-2.8),33,9OBX
large,high (2.2-2.8),34,9G2H
large,high (2.2-2.8),35,9RBR
large,high (2.2-2.8),36,9WK1
large,high (2.2-2.8),37,9L2T
large,high (2.2-2.8),38,9Y04
large,high (2.2-2.8),39,9L3Q
large,high (2.2-2.8),40,9W3U
large,high (2.2-2.8),41,9H50
large,high (2.2-2.8),42,9NVO
large,high (2.2-2.8),43,31EP
large,high (2.2-2.8),44,9VQX
large,high (2.2-2.8),45,9Y3T
large,high (2.2-2.8),46,9Y08
large,high (2.2-2.8),47,9QGY
large,high (2.2-2.8),48,9Q5L
large,high (2.2-2.8),49,9O4E
large,high (2.2-2.8),50,9Q1E
large,high (2.2-2.8),51,9Q0N
large,high (2.2-2.8),52,9TQD
large,high (2.2-2.8),53,9YP6
large,high (2.2-2.8),54,9QHM
large,high (2.2-2.8),55,9VPD
large,high (2.2-2.8),56,9TAK
large,high (2.2-2.8),57,11IA
large,high (2.2-2.8),58,9LZY
large,high (2.2-2.8),59,9Z22
large,high (2.2-2.8),60,9P3U
large,high (2.2-2.8),61,9HXB
large,high (2.2-2.8),62,9MMY
large,high (2.2-2.8),63,9NI4
large,high (2.2-2.8),64,9QJQ
large,high (2.2-2.8),65,9S6P
large,high (2.2-2.8),66,9E5U
large,high (2.2-2.8),67,9UYD
large,high (2.2-2.8),68,9SLL
large,high (2.2-2.8),69,9CWR
large,high (2.2-2.8),70,28YO
large,high (2.2-2.8),71,27QA
large,high (2.2-2.8),72,9SL1
large,high (2.2-2.8),73,9Q5A
large,high (2.2-2.8),74,9PEA
large,high (2.2-2.8),75,9T9U
large,high (2.2-2.8),76,9T94
large,high (2.2-2.8),77,9M0N
large,high (2.2-2.8),78,9OLK
large,high (2.2-2.8),79,9TQG
large,high (2.2-2.8),80,9P3V
large,high (2.2-2.8),81,24NB
large,high (2.2-2.8),82,9LPW
large,high (2.2-2.8),83,38LA
large,high (2.2-2.8),84,21RJ
large,high (2.2-2.8),85,9ZNA
large,high (2.2-2.8),86,9Q59
large,high (2.2-2.8),87,9Y3U
large,high (2.2-2.8),88,9LPZ
large,high (2.2-2.8),89,9U62
large,high (2.2-2.8),90,9R61
large,high (2.2-2.8),91,9Z1Z
large,high (2.2-2.8),92,44BV
large,high (2.2-2.8),93,12JT
large,high (2.2-2.8),94,9Z0P
large,high (2.2-2.8),95,9G2F
large,high (2.2-2.8),96,9O8S
large,high (2.2-2.8),97,9WUG
large,high (2.2-2.8),98,9ZA4
large,high (2.2-2.8),99,9Y09
large,high (2.2-2.8),100,24NC
large,high (2.2-2.8),101,9Z25
large,high (2.2-2.8),102,9XOU
large,high (2.2-2.8),103,9RRO
large,high (2.2-2.8),104,9O6A
large,high (2.2-2.8),105,9RRM
large,high (2.2-2.8),106,9RT2
large,high (2.2-2.8),107,9Y05
large,high (2.2-2.8),108,10ZM
large,high (2.2-2.8),109,9O8Q
large,high (2.2-2.8),110,9VU1
large,high (2.2-2.8),111,11CZ
large,high (2.2-2.8),112,9Z20
large,high (2.2-2.8),113,10AL
large,high (2.2-2.8),114,9OSS
large,high (2.2-2.8),115,22OV
large,high (2.2-2.8),116,9MX4
large,high (2.2-2.8),117,9T5H
large,high (2.2-2.8),118,12BY
large,high (2.2-2.8),119,9VEJ
large,high (2.2-2.8),120,9SKL
large,high (2.2-2.8),121,27QB
large,high (2.2-2.8),122,9TAL
large,high (2.2-2.8),123,9T97
large,high (2.2-2.8),124,9Y4W
large,high (2.2-2.8),125,30XT
large,high (2.2-2.8),126,9WY8
large,high (2.2-2.8),127,27PY
large,high (2.2-2.8),128,24NA
large,high (2.2-2.8),129,9Z9X
large,high (2.2-2.8),130,10ZK
large,high (2.2-2.8),131,9RRN
large,high (2.2-2.8),132,9Z9G
large,high (2.2-2.8),133,9H5I
large,high (2.2-2.8),134,9R1Q
large,high (2.2-2.8),135,9Z8M
large,high (2.2-2.8),136,9LEG
large,high (2.2-2.8),137,29GV
large,high (2.2-2.8),138,9XNZ
large,high (2.2-2.8),139,9ZA3
large,high (2.2-2.8),140,9Z9H
large,high (2.2-2.8),141,30IE
large,high (2.2-2.8),142,9RBQ
large,high (2.2-2.8),143,9YVI
large,high (2.2-2.8),144,9R1R
large,high (2.2-2.8),145,9QHP
large,high (2.2-2.8),146,9WNS
large,high (2.2-2.8),147,9SM2
large,high (2.2-2.8),148,9HXM
large,high (2.2-2.8),149,9WNU
large,high (2.2-2.8),150,9ZWE
large,high (2.2-2.8),151,9Y0C
large,high (2.2-2.8),152,9XIP
large,high (2.2-2.8),153,9YIM
large,high (2.2-2.8),154,23FC
large,high (2.2-2.8),155,20YY
large,high (2.2-2.8),156,9EEK
large,high (2.2-2.8),157,9ZN8
large,high (2.2-2.8),158,9ZN7
large,high (2.2-2.8),159,9ZN9
large,high (2.2-2.8),160,9ZJU
large,high (2.2-2.8),161,9UB1
large,high (2.2-2.8),162,9TAO
large,high (2.2-2.8),163,9Z2F
large,high (2.2-2.8),164,9Y5T
large,high (2.2-2.8),165,25RG
large,high (2.2-2.8),166,9ZN6
large,high (2.2-2.8),167,9Z2D
large,high (2.2-2.8),168,9ZV1
large,high (2.2-2.8),169,9NHZ
large,high (2.2-2.8),170,9Y0B
large,high (2.2-2.8),171,9Y03
large,high (2.2-2.8),172,9YVL
large,high (2.2-2.8),173,23EW
large,high (2.2-2.8),174,21RS
large,high (2.2-2.8),175,9ZJW
large,high (2.2-2.8),176,13LU
large,high (2.2-2.8),177,9VFI
large,high (2.2-2.8),178,9Z7P
large,high (2.2-2.8),179,38JL
large,high (2.2-2.8),180,9XO2
large,high (2.2-2.8),181,9RRF
large,high (2.2-2.8),182,9YFD
large,high (2.2-2.8),183,9Z7W
large,high (2.2-2.8),184,21JV
large,high (2.2-2.8),185,9UAQ
large,high (2.2-2.8),186,10QR
large,high (2.2-2.8),187,9R6T
large,high (2.2-2.8),188,9X1L
large,high (2.2-2.8),189,9YSJ
large,high (2.2-2.8),190,9Y06
large,high (2.2-2.8),191,12JZ
large,high (2.2-2.8),192,9TQC
large,high (2.2-2.8),193,9ZCY
large,high (2.2-2.8),194,9UAX
large,high (2.2-2.8),195,9VBT
large,high (2.2-2.8),196,9YVM
large,high (2.2-2.8),197,9SY5
large,high (2.2-2.8),198,9PXF
large,high (2.2-2.8),199,9OHN
large,high (2.2-2.8),200,9VKZ
large,mid (2.8-3.4),0,11UF
large,mid (2.8-3.4),1,9Z49
large,mid (2.8-3.4),2,9T8H
large,mid (2.8-3.4),3,9E9E
large,mid (2.8-3.4),4,9O8R
large,mid (2.8-3.4),5,9YMZ
large,mid (2.8-3.4),6,9Y5R
large,mid (2.8-3.4),7,9XI7
large,mid (2.8-3.4),8,9HWL
large,mid (2.8-3.4),9,9ZV0
large,mid (2.8-3.4),10,9OQD
large,mid (2.8-3.4),11,11DD
large,mid (2.8-3.4),12,9YDW
large,mid (2.8-3.4),13,9VWA
large,mid (2.8-3.4),14,9SKJ
large,mid (2.8-3.4),15,9LVI
large,mid (2.8-3.4),16,11IS
large,mid (2.8-3.4),17,9WV7
large,mid (2.8-3.4),18,9N7Q
large,mid (2.8-3.4),19,9LZH
large,mid (2.8-3.4),20,9UG2
large,mid (2.8-3.4),21,13LS
large,mid (2.8-3.4),22,9UKF
large,mid (2.8-3.4),23,9UA3
large,mid (2.8-3.4),24,9G42
large,mid (2.8-3.4),25,9TDS
large,mid (2.8-3.4),26,9Q8V
large,mid (2.8-3.4),27,9S7J
large,mid (2.8-3.4),28,9YLV
large,mid (2.8-3.4),29,9L6P
large,mid (2.8-3.4),30,9VJO
large,mid (2.8-3.4),31,13DJ
large,mid (2.8-3.4),32,9Y4A
large,mid (2.8-3.4),33,9UNN
large,mid (2.8-3.4),34,9YX6
large,mid (2.8-3.4),35,9UV4
large,mid (2.8-3.4),36,9ZQR
large,mid (2.8-3.4),37,9O04
large,mid (2.8-3.4),38,9SYV
large,mid (2.8-3.4),39,9T4W
large,mid (2.8-3.4),40,9Y9M
large,mid (2.8-3.4),41,9S34
large,mid (2.8-3.4),42,12BW
large,mid (2.8-3.4),43,9WW9
large,mid (2.8-3.4),44,9T4X
large,mid (2.8-3.4),45,9ZBI
large,mid (2.8-3.4),46,9QHN
large,mid (2.8-3.4),47,21AK
large,mid (2.8-3.4),48,9UUH
large,mid (2.8-3.4),49,9QO0
large,mid (2.8-3.4),50,9Z1W
large,mid (2.8-3.4),51,9Q7K
large,mid (2.8-3.4),52,9OA3
large,mid (2.8-3.4),53,9ZTJ
large,mid (2.8-3.4),54,9TRA
large,mid (2.8-3.4),55,9RCE
large,mid (2.8-3.4),56,9NFT
large,mid (2.8-3.4),57,9RSQ
large,mid (2.8-3.4),58,9CMM
large,mid (2.8-3.4),59,9SO9
large,mid (2.8-3.4),60,9SLD
large,mid (2.8-3.4),61,38KP
large,mid (2.8-3.4),62,20YR
large,mid (2.8-3.4),63,21KS
large,mid (2.8-3.4),64,9UNR
large,mid (2.8-3.4),65,22JZ
large,mid (2.8-3.4),66,9YB4
large,mid (2.8-3.4),67,9P9B
large,mid (2.8-3.4),68,33HM
large,mid (2.8-3.4),69,9YKK
large,mid (2.8-3.4),70,9VJQ
large,mid (2.8-3.4),71,9LLY
large,mid (2.8-3.4),72,9Y5U
large,mid (2.8-3.4),73,32GD
large,mid (2.8-3.4),74,9OHC
large,mid (2.8-3.4),75,9QR6
large,mid (2.8-3.4),76,9SYT
large,mid (2.8-3.4),77,9T8I
large,mid (2.8-3.4),78,9M80
large,mid (2.8-3.4),79,23FB
large,mid (2.8-3.4),80,13LM
large,mid (2.8-3.4),81,9VJP
large,mid (2.8-3.4),82,23FJ
large,mid (2.8-3.4),83,9RSS
large,mid (2.8-3.4),84,9RSH
large,mid (2.8-3.4),85,9R62
large,mid (2.8-3.4),86,9P8Y
large,mid (2.8-3.4),87,29EX
large,mid (2.8-3.4),88,13LP
large,mid (2.8-3.4),89,9USW
large,mid (2.8-3.4),90,9Q0M
large,mid (2.8-3.4),91,9T9V
large,mid (2.8-3.4),92,9DC4
large,mid (2.8-3.4),93,30LA
large,mid (2.8-3.4),94,9QO6
large,mid (2.8-3.4),95,9OLL
large,mid (2.8-3.4),96,9Y2B
large,mid (2.8-3.4),97,25VJ
large,mid (2.8-3.4),98,9S9B
large,mid (2.8-3.4),99,9Q3U
large,mid (2.8-3.4),100,9ZKS
large,mid (2.8-3.4),101,22IB
large,mid (2.8-3.4),102,9S3V
large,mid (2.8-3.4),103,9OL4
large,mid (2.8-3.4),104,9RVV
large,mid (2.8-3.4),105,9L2O
large,mid (2.8-3.4),106,9XI5
large,mid (2.8-3.4),107,9URI
large,mid (2.8-3.4),108,9YVG
large,mid (2.8-3.4),109,9OVY
large,mid (2.8-3.4),110,9VEE
large,mid (2.8-3.4),111,9LXD
large,mid (2.8-3.4),112,10FI
large,mid (2.8-3.4),113,9OLX
large,mid (2.8-3.4),114,9EEM
large,mid (2.8-3.4),115,9N9G
large,mid (2.8-3.4),116,9TDT
large,mid (2.8-3.4),117,24IP
large,mid (2.8-3.4),118,9UIQ
large,mid (2.8-3.4),119,9YRC
large,mid (2.8-3.4),120,13ER
large,mid (2.8-3.4),121,9MKF
large,mid (2.8-3.4),122,9Y5L
large,mid (2.8-3.4),123,9YVO
large,mid (2.8-3.4),124,11HO
large,mid (2.8-3.4),125,9OBS
large,mid (2.8-3.4),126,9PLR
large,mid (2.8-3.4),127,20YS
large,mid (2.8-3.4),128,9VWC
large,mid (2.8-3.4),129,9USU
large,mid (2.8-3.4),130,9YGN
large,mid (2.8-3.4),131,13DM
large,mid (2.8-3.4),132,9LV9
large,mid (2.8-3.4),133,9P3S
large,mid (2.8-3.4),134,23CP
large,mid (2.8-3.4),135,9MN0
large,mid (2.8-3.4),136,9WRK
large,mid (2.8-3.4),137,10AY
large,mid (2.8-3.4),138,9TIE
large,mid (2.8-3.4),139,9RX5
large,mid (2.8-3.4),140,9T93
large,mid (2.8-3.4),141,9WXB
large,mid (2.8-3.4),142,9UNQ
large,mid (2.8-3.4),143,13CM
large,mid (2.8-3.4),144,31IB
large,mid (2.8-3.4),145,11HZ
large,mid (2.8-3.4),146,32GE
large,mid (2.8-3.4),147,9VEK
large,mid (2.8-3.4),148,9T5M
large,mid (2.8-3.4),149,9ZKM
large,mid (2.8-3.4),150,9WQL
large,mid (2.8-3.4),151,9MAO
large,mid (2.8-3.4),152,9OVU
large,mid (2.8-3.4),153,11SQ
large,mid (2.8-3.4),154,23SG
large,mid (2.8-3.4),155,9TA3
large,mid (2.8-3.4),156,9YVH
large,mid (2.8-3.4),157,9SRX
large,mid (2.8-3.4),158,9ZKW
large,mid (2.8-3.4),159,13CO
large,mid (2.8-3.4),160,9WQM
large,mid (2.8-3.4),161,9P3P
large,mid (2.8-3.4),162,9P91
large,mid (2.8-3.4),163,12BX
large,mid (2.8-3.4),164,9VNB
large,mid (2.8-3.4),165,9Y9L
large,mid (2.8-3.4),166,9TAJ
large,mid (2.8-3.4),167,9DX3
large,mid (2.8-3.4),168,9PQQ
large,mid (2.8-3.4),169,9EKA
large,mid (2.8-3.4),170,9TLE
large,mid (2.8-3.4),171,9L6I
large,mid (2.8-3.4),172,9TCC
large,mid (2.8-3.4),173,10ZN
large,mid (2.8-3.4),174,9L3I
large,mid (2.8-3.4),175,9Z21
large,mid (2.8-3.4),176,9U3A
large,mid (2.8-3.4),177,9P3T
large,mid (2.8-3.4),178,9X29
large,mid (2.8-3.4),179,9ON3
large,mid (2.8-3.4),180,9T7J
large,mid (2.8-3.4),181,9R6S
large,mid (2.8-3.4),182,11VV
large,mid (2.8-3.4),183,9WSQ
large,mid (2.8-3.4),184,9R60
large,mid (2.8-3.4),185,9IB2
large,mid (2.8-3.4),186,9UN3
large,mid (2.8-3.4),187,9BJJ
large,mid (2.8-3.4),188,9N7T
large,mid (2.8-3.4),189,9QAW
large,mid (2.8-3.4),190,9NVQ
large,mid (2.8-3.4),191,11FW
large,mid (2.8-3.4),192,9N9I
large,mid (2.8-3.4),193,9WV6
large,mid (2.8-3.4),194,9PLQ
large,mid (2.8-3.4),195,9R63
large,mid (2.8-3.4),196,22JW
large,mid (2.8-3.4),197,9ZCR
large,mid (2.8-3.4),198,11ID
large,mid (2.8-3.4),199,9EES
large,mid (2.8-3.4),200,13LN
large,mid (2.8-3.4),201,9LUJ
large,mid (2.8-3.4),202,9UED
large,mid (2.8-3.4),203,9RX7
large,mid (2.8-3.4),204,9U7J
large,mid (2.8-3.4),205,11LP
large,mid (2.8-3.4),206,9E9D
large,mid (2.8-3.4),207,9RRQ
large,mid (2.8-3.4),208,10DP
large,mid (2.8-3.4),209,9QK1
large,mid (2.8-3.4),210,9SKI
large,mid (2.8-3.4),211,9RST
large,mid (2.8-3.4),212,9HXJ
large,mid (2.8-3.4),213,9Y2A
large,mid (2.8-3.4),214,9BJI
large,mid (2.8-3.4),215,9SMR
large,mid (2.8-3.4),216,9YXQ
large,mid (2.8-3.4),217,9ZJS
large,mid (2.8-3.4),218,13ES
large,mid (2.8-3.4),219,9Y3P
large,mid (2.8-3.4),220,9EC0
large,mid (2.8-3.4),221,11ZS
large,mid (2.8-3.4),222,10DK
large,mid (2.8-3.4),223,9E6J
large,mid (2.8-3.4),224,9WRL
large,mid (2.8-3.4),225,28JC
large,mid (2.8-3.4),226,9XIQ
large,mid (2.8-3.4),227,9J5I
large,mid (2.8-3.4),228,9XYE
large,mid (2.8-3.4),229,9V0C
large,mid (2.8-3.4),230,9QHO
large,mid (2.8-3.4),231,22DY
large,mid (2.8-3.4),232,9ZCU
large,mid (2.8-3.4),233,9QC6
large,mid (2.8-3.4),234,9COC
large,mid (2.8-3.4),235,9OHD
large,mid (2.8-3.4),236,9TOI
large,mid (2.8-3.4),237,13LO
large,mid (2.8-3.4),238,9LS3
large,mid (2.8-3.4),239,21KR
large,mid (2.8-3.4),240,23FE
large,mid (2.8-3.4),241,30GH
large,mid (2.8-3.4),242,9RM0
large,mid (2.8-3.4),243,9NVS
large,mid (2.8-3.4),244,13EU
large,mid (2.8-3.4),245,9YF9
large,mid (2.8-3.4),246,9WVC
large,mid (2.8-3.4),247,10RJ
large,mid (2.8-3.4),248,9ZD3
large,mid (2.8-3.4),249,11EI
large,mid (2.8-3.4),250,9T92
large,mid (2.8-3.4),251,11EC
large,mid (2.8-3.4),252,9ZLY
large,mid (2.8-3.4),253,9PAR
large,mid (2.8-3.4),254,9LZZ
large,mid (2.8-3.4),255,9O8T
large,mid (2.8-3.4),256,9VWM
large,mid (2.8-3.4),257,30LD
large,mid (2.8-3.4),258,9UNP
large,mid (2.8-3.4),259,9RL3
large,mid (2.8-3.4),260,13LJ
large,mid (2.8-3.4),261,38LB
large,mid (2.8-3.4),262,9Y5M
large,mid (2.8-3.4),263,9ZRJ
large,mid (2.8-3.4),264,9ZOF
large,mid (2.8-3.4),265,9Z1M
large,mid (2.8-3.4),266,11VX
large,mid (2.8-3.4),267,21VQ
large,mid (2.8-3.4),268,9O5D
large,mid (2.8-3.4),269,31VX
large,mid (2.8-3.4),270,9EEP
large,mid (2.8-3.4),271,9U61
large,mid (2.8-3.4),272,27PZ
large,mid (2.8-3.4),273,9YIG
large,mid (2.8-3.4),274,9RSG
large,mid (2.8-3.4),275,9WXF
large,mid (2.8-3.4),276,9QJR
large,mid (2.8-3.4),277,23EX
large,mid (2.8-3.4),278,9WWA
large,mid (2.8-3.4),279,11LR
large,mid (2.8-3.4),280,9TPJ
large,mid (2.8-3.4),281,13AJ
large,mid (2.8-3.4),282,9ZD4
large,mid (2.8-3.4),283,9S86
large,mid (2.8-3.4),284,9ZD1
large,mid (2.8-3.4),285,44NY
large,mid (2.8-3.4),286,9LTR
large,mid (2.8-3.4),287,22DX
large,mid (2.8-3.4),288,23SH
large,mid (2.8-3.4),289,9VEG
large,mid (2.8-3.4),290,9O5A
large,mid (2.8-3.4),291,9HXN
large,mid (2.8-3.4),292,9LWN
large,mid (2.8-3.4),293,9ZKQ
large,mid (2.8-3.4),294,22VT
large,mid (2.8-3.4),295,9YMJ
large,mid (2.8-3.4),296,9EB9
large,mid (2.8-3.4),297,11MH
large,mid (2.8-3.4),298,10BU
large,mid (2.8-3.4),299,10FD
large,mid (2.8-3.4),300,22KK
large,mid (2.8-3.4),301,9VA1
large,mid (2.8-3.4),302,9ZPK
large,mid (2.8-3.4),303,44BW
large,mid (2.8-3.4),304,11IE
large,mid (2.8-3.4),305,9OHF
large,mid (2.8-3.4),306,9YR7
large,mid (2.8-3.4),307,9O6G
large,mid (2.8-3.4),308,13LK
large,mid (2.8-3.4),309,12AD
large,mid (2.8-3.4),310,9VJR
large,mid (2.8-3.4),311,22FY
large,mid (2.8-3.4),312,9YKY
large,mid (2.8-3.4),313,28JM
large,mid (2.8-3.4),314,9UNK
large,mid (2.8-3.4),315,30KW
large,mid (2.8-3.4),316,9XVR
large,mid (2.8-3.4),317,9EEQ
large,mid (2.8-3.4),318,9ZND
large,mid (2.8-3.4),319,9NVP
large,mid (2.8-3.4),320,9VA2
large,mid (2.8-3.4),321,9QO4
large,mid (2.8-3.4),322,30KZ
large,mid (2.8-3.4),323,9J5K
large,mid (2.8-3.4),324,9ZKO
large,mid (2.8-3.4),325,28TO
large,mid (2.8-3.4),326,9XWG
large,mid (2.8-3.4),327,9VNA
large,mid (2.8-3.4),328,9NYP
large,mid (2.8-3.4),329,9YVP
large,mid (2.8-3.4),330,9LVS
large,mid (2.8-3.4),331,9MX6
large,mid (2.8-3.4),332,9PJ6
large,mid (2.8-3.4),333,9LWI
large,mid (2.8-3.4),334,9M2X
large,mid (2.8-3.4),335,9PQR
large,mid (2.8-3.4),336,9SKK
large,mid (2.8-3.4),337,9NVN
large,mid (2.8-3.4),338,9IB0
large,mid (2.8-3.4),339,9Y5N
large,mid (2.8-3.4),340,10QT
large,mid (2.8-3.4),341,9OKL
large,mid (2.8-3.4),342,9P9T
large,mid (2.8-3.4),343,11MG
large,mid (2.8-3.4),344,9SLN
large,mid (2.8-3.4),345,9X2C
large,mid (2.8-3.4),346,9YLI
large,mid (2.8-3.4),347,9ZV4
large,mid (2.8-3.4),348,9OPU
large,mid (2.8-3.4),349,9RLA
large,mid (2.8-3.4),350,9UXT
large,mid (2.8-3.4),351,9WV9
large,mid (2.8-3.4),352,13LL
large,mid (2.8-3.4),353,9ZBJ
large,mid (2.8-3.4),354,9Q0O
large,mid (2.8-3.4),355,9QO1
large,mid (2.8-3.4),356,9YHQ
large,mid (2.8-3.4),357,9YRG
large,mid (2.8-3.4),358,9X2A
large,mid (2.8-3.4),359,9EEU
large,mid (2.8-3.4),360,9TAM
large,mid (2.8-3.4),361,9YHR
large,mid (2.8-3.4),362,9NVR
large,mid (2.8-3.4),363,9QOO
large,mid (2.8-3.4),364,9XIR
large,mid (2.8-3.4),365,9DX1
large,mid (2.8-3.4),366,9YP9
large,mid (2.8-3.4),367,9QHQ
large,mid (2.8-3.4),368,13DE
large,mid (2.8-3.4),369,9MMZ
large,mid (2.8-3.4),370,30GD
large,mid (2.8-3.4),371,12IU
large,mid (2.8-3.4),372,21KT
large,mid (2.8-3.4),373,9P3O
large,mid (2.8-3.4),374,9YGO
large,mid (2.8-3.4),375,9VTZ
large,mid (2.8-3.4),376,9OBU
large,mid (2.8-3.4),377,9OMY
large,mid (2.8-3.4),378,9USV
large,mid (2.8-3.4),379,9WV5
large,mid (2.8-3.4),380,8V9T
large,mid (2.8-3.4),381,9VKP
large,mid (2.8-3.4),382,9U4A
large,mid (2.8-3.4),383,9IGS
large,mid (2.8-3.4),384,9URJ
large,mid (2.8-3.4),385,9RRU
large,mid (2.8-3.4),386,9HYF
large,mid (2.8-3.4),387,9T5N
large,mid (2.8-3.4),388,30ZA
large,mid (2.8-3.4),389,23FA
large,mid (2.8-3.4),390,9Y5S
large,mid (2.8-3.4),391,9T5O
large,mid (2.8-3.4),392,9P3W
large,mid (2.8-3.4),393,23SF
large,mid (2.8-3.4),394,13LR
large,mid (2.8-3.4),395,9W3G
large,mid (2.8-3.4),396,9Y3Q
large,mid (2.8-3.4),397,23EY
large,mid (2.8-3.4),398,9V09
large,mid (2.8-3.4),399,13CP
large,mid (2.8-3.4),400,9SJE
large,mid (2.8-3.4),401,13LT
large,mid (2.8-3.4),402,9YHO
large,mid (2.8-3.4),403,9X2B
large,mid (2.8-3.4),404,9PEX
large,mid (2.8-3.4),405,9EER
large,mid (2.8-3.4),406,9SYJ
large,mid (2.8-3.4),407,9Y3V
large,mid (2.8-3.4),408,9EBA
large,mid (2.8-3.4),409,9DX2
large,low (3.4-4.0),0,9XTI
large,low (3.4-4.0),1,9EEL
large,low (3.4-4.0),2,9PB5
large,low (3.4-4.0),3,9O8D
large,low (3.4-4.0),4,9Y52
large,low (3.4-4.0),5,9W90
large,low (3.4-4.0),6,9YNK
large,low (3.4-4.0),7,11VE
large,low (3.4-4.0),8,9RX8
large,low (3.4-4.0),9,9MZP
large,low (3.4-4.0),10,9MZK
large,low (3.4-4.0),11,12BJ
large,low (3.4-4.0),12,9QO5
large,low (3.4-4.0),13,9LXE
large,low (3.4-4.0),14,9P9F
large,low (3.4-4.0),15,9T1S
large,low (3.4-4.0),16,9X3R
large,low (3.4-4.0),17,11YE
large,low (3.4-4.0),18,9RX9
large,low (3.4-4.0),19,9S1H
large,low (3.4-4.0),20,9Y9F
large,low (3.4-4.0),21,9EDT
large,low (3.4-4.0),22,9Q7L
large,low (3.4-4.0),23,9V0F
large,low (3.4-4.0),24,9YIX
large,low (3.4-4.0),25,9OVV
large,low (3.4-4.0),26,36BM
large,low (3.4-4.0),27,11TA
large,low (3.4-4.0),28,9YOP
large,low (3.4-4.0),29,9RX6
large,low (3.4-4.0),30,9P6V
large,low (3.4-4.0),31,9YGQ
large,low (3.4-4.0),32,9WTO
large,low (3.4-4.0),33,9PB6
large,low (3.4-4.0),34,9VJN
large,low (3.4-4.0),35,10PM
large,low (3.4-4.0),36,9VEF
large,low (3.4-4.0),37,9ZKU
large,low (3.4-4.0),38,22XK
large,low (3.4-4.0),39,9P7S
large,low (3.4-4.0),40,9S54
large,low (3.4-4.0),41,9OHE
large,low (3.4-4.0),42,9RXA
large,low (3.4-4.0),43,9S5U
large,low (3.4-4.0),44,9UTG
large,low (3.4-4.0),45,11WD
large,low (3.4-4.0),46,9DX0
large,low (3.4-4.0),47,9VVK
large,low (3.4-4.0),48,9UUQ
large,low (3.4-4.0),49,9T4U
large,low (3.4-4.0),50,9ZOH
large,low (3.4-4.0),51,10RI
large,low (3.4-4.0),52,9W3P
large,low (3.4-4.0),53,9UNJ
large,low (3.4-4.0),54,25GF
large,low (3.4-4.0),55,9ZZM
large,low (3.4-4.0),56,9U57
large,low (3.4-4.0),57,23FD
large,low (3.4-4.0),58,9ZQT
large,low (3.4-4.0),59,9Y6G
large,low (3.4-4.0),60,9HUX
large,low (3.4-4.0),61,9ZCN
large,low (3.4-4.0),62,9HUY
large,low (3.4-4.0),63,9S16
large,low (3.4-4.0),64,9EDR
large,low (3.4-4.0),65,9ZCQ
large,low (3.4-4.0),66,9W9E
large,low (3.4-4.0),67,9P9D
large,low (3.4-4.0),68,36PY
large,low (3.4-4.0),69,9OSF
large,low (3.4-4.0),70,9VED
large,low (3.4-4.0),71,9ZCV
large,low (3.4-4.0),72,22XM
large,low (3.4-4.0),73,9I3V
large,low (3.4-4.0),74,22JX
large,low (3.4-4.0),75,9EEN
large,low (3.4-4.0),76,9RX4
large,low (3.4-4.0),77,9WF0
large,low (3.4-4.0),78,28JL
large,low (3.4-4.0),79,11VZ
large,low (3.4-4.0),80,9ZEZ
large,low (3.4-4.0),81,9VQY
large,low (3.4-4.0),82,9QU9
large,low (3.4-4.0),83,9X3O
large,low (3.4-4.0),84,12AI
large,low (3.4-4.0),85,12AG
large,low (3.4-4.0),86,12BI
large,low (3.4-4.0),87,9Y5O
large,low (3.4-4.0),88,9Y9G
large,low (3.4-4.0),89,9WQN
large,low (3.4-4.0),90,9UKI
large,low (3.4-4.0),91,9O8M
large,low (3.4-4.0),92,9UKL
large,low (3.4-4.0),93,9ZYS
large,low (3.4-4.0),94,9LXF
large,low (3.4-4.0),95,9ZCP
large,low (3.4-4.0),96,9YNC
large,low (3.4-4.0),97,9SWK
large,low (3.4-4.0),98,9OJ2
large,low (3.4-4.0),99,9WD4
large,low (3.4-4.0),100,36BD
large,low (3.4-4.0),101,9P6U
large,low (3.4-4.0),102,11VW
large,low (3.4-4.0),103,9QT4
large,low (3.4-4.0),104,30KH
large,low (3.4-4.0),105,9ZVL
large,low (3.4-4.0),106,9TPL
large,low (3.4-4.0),107,9YGJ
large,low (3.4-4.0),108,9MZM
large,low (3.4-4.0),109,9TGM
large,low (3.4-4.0),110,10EZ
large,low (3.4-4.0),111,9ZPL
large,low (3.4-4.0),112,9SMK
large,low (3.4-4.0),113,9NAV
large,low (3.4-4.0),114,9S2S
large,low (3.4-4.0),115,9TPK
large,low (3.4-4.0),116,11UI
large,low (3.4-4.0),117,11GP
large,low (3.4-4.0),118,9V0E
large,low (3.4-4.0),119,9NC6
large,low (3.4-4.0),120,9VNC
large,low (3.4-4.0),121,9MAV
large,low (3.4-4.0),122,9NC0
large,low (3.4-4.0),123,9YVN
large,low (3.4-4.0),124,22EA
large,low (3.4-4.0),125,9LU1
large,low (3.4-4.0),126,10EN
large,low (3.4-4.0),127,9VKQ
large,low (3.4-4.0),128,9VLN
large,low (3.4-4.0),129,9S4N
large,low (3.4-4.0),130,9Z4A
large,low (3.4-4.0),131,9XKL
large,low (3.4-4.0),132,9TZ3
large,low (3.4-4.0),133,9TW3
large,low (3.4-4.0),134,9V0B
large,low (3.4-4.0),135,9MZJ
large,low (3.4-4.0),136,9OSB
large,low (3.4-4.0),137,9XTJ
large,low (3.4-4.0),138,9YPB
large,low (3.4-4.0),139,9Z9L
large,low (3.4-4.0),140,10RK
large,low (3.4-4.0),141,9Q06
large,low (3.4-4.0),142,9WT0
large,low (3.4-4.0),143,9UY9
large,low (3.4-4.0),144,9YIF
large,low (3.4-4.0),145,9Y90
large,low (3.4-4.0),146,9YPR
large,low (3.4-4.0),147,9ZF0
large,low (3.4-4.0),148,11WB
large,low (3.4-4.0),149,9QLV
large,low (3.4-4.0),150,9ZCO
large,low (3.4-4.0),151,38KO
large,low (3.4-4.0),152,9XO3
large,low (3.4-4.0),153,9SM8
large,low (3.4-4.0),154,9O0L
large,low (3.4-4.0),155,9U4B
large,low (3.4-4.0),156,9UNO
large,low (3.4-4.0),157,11GQ
large,low (3.4-4.0),158,9XO5
large,low (3.4-4.0),159,9WSZ
large,low (3.4-4.0),160,9W3D
large,low (3.4-4.0),161,9HUZ
large,low (3.4-4.0),162,9EEB
large,low (3.4-4.0),163,11WE
large,low (3.4-4.0),164,9W7X
large,low (3.4-4.0),165,11VY
large,low (3.4-4.0),166,36BL
large,low (3.4-4.0),167,9XO4
large,low (3.4-4.0),168,28SD
large,low (3.4-4.0),169,9OUZ
large,low (3.4-4.0),170,11BT
large,low (3.4-4.0),171,9SFN
large,low (3.4-4.0),172,9EEO
large,low (3.4-4.0),173,9QJV
large,low (3.4-4.0),174,9Y9J
large,low (3.4-4.0),175,9LD2
large,low (3.4-4.0),176,9XPS
large,low (3.4-4.0),177,9OSI
large,low (3.4-4.0),178,32FE
large,low (3.4-4.0),179,9OZC
large,low (3.4-4.0),180,9P90
large,low (3.4-4.0),181,9YB3
large,low (3.4-4.0),182,9UQ0
large,low (3.4-4.0),183,36HW
large,low (3.4-4.0),184,9YEO
large,low (3.4-4.0),185,9R8W
large,low (3.4-4.0),186,9DSL
large,low (3.4-4.0),187,9EDS
large,low (3.4-4.0),188,9UB7
large,low (3.4-4.0),189,9WQK
large,low (3.4-4.0),190,9HU4
large,low (3.4-4.0),191,9OSG
large,low (3.4-4.0),192,9WKR
large,low (3.4-4.0),193,26ZN
large,low (3.4-4.0),194,9UKD
large,low (3.4-4.0),195,9W3E
large,low (3.4-4.0),196,9P9E
large,low (3.4-4.0),197,9QO2
large,low (3.4-4.0),198,9P3R
large,low (3.4-4.0),199,9XI0
large,low (3.4-4.0),200,9XVI
large,low (3.4-4.0),201,9Q7N
large,low (3.4-4.0),202,9S55
large,low (3.4-4.0),203,9TW2
large,low (3.4-4.0),204,12BK
large,low (3.4-4.0),205,9YOK
large,low (3.4-4.0),206,11OI
large,low (3.4-4.0),207,9JRD
large,low (3.4-4.0),208,9UMT
large,low (3.4-4.0),209,9YNF
large,low (3.4-4.0),210,9V0A
large,low (3.4-4.0),211,10PP
large,low (3.4-4.0),212,9VWZ
large,low (3.4-4.0),213,9OUS
large,low (3.4-4.0),214,9MZS
large,low (3.4-4.0),215,10AD
large,low (3.4-4.0),216,9Q7M
large,low (3.4-4.0),217,9X3Q
large,low (3.4-4.0),218,9P3N
large,low (3.4-4.0),219,9VN9
large,low (3.4-4.0),220,9YRH
large,low (3.4-4.0),221,9XWA
large,low (3.4-4.0),222,9OTH
large,low (3.4-4.0),223,9MZI
large,low (3.4-4.0),224,9WAE
large,low (3.4-4.0),225,9NN1
large,low (3.4-4.0),226,9UUM
large,low (3.4-4.0),227,10FL
large,low (3.4-4.0),228,12BZ
large,low (3.4-4.0),229,9P3Q
large,low (3.4-4.0),230,9Y9D
large,low (3.4-4.0),231,9G41
large,low (3.4-4.0),232,9T5P
